logon,{J3P3-Y8HL09HS-4976ATPA},01/04/2010 08:07:00,MBG3183,PC-3906,Logon
logon,{Z4F3-F3LG23PG-4028DUIK},01/04/2010 12:46:57,MBG3183,PC-3906,Logon
logon,{J0H7-Z4GW30QG-2792BALT},01/04/2010 17:20:00,MBG3183,PC-3906,Logoff
logon,{D7F8-A7XX82XN-4158OAMR},01/05/2010 08:18:00,MBG3183,PC-3906,Logon
logon,{V9Y8-S9SH59AU-6310XCSG},01/05/2010 10:42:35,MBG3183,PC-3906,Logon
logon,{X5E3-E3DR93OM-2642PAXI},01/05/2010 17:12:00,MBG3183,PC-3906,Logoff
logon,{D0J8-Z7CU29SY-4157AJIW},01/06/2010 08:05:00,MBG3183,PC-3906,Logon
logon,{Y6W4-J6QO71IS-5866QDAG},01/06/2010 11:55:35,MBG3183,PC-3906,Logon
logon,{N5V6-K7TK90ZD-3852LHPV},01/06/2010 17:18:00,MBG3183,PC-3906,Logoff
logon,{G2W0-R5IC45EW-9926VJOS},01/07/2010 08:18:00,MBG3183,PC-3906,Logon
logon,{D1M2-Z7LG51IO-2476VKGY},01/07/2010 13:58:17,MBG3183,PC-3906,Logon
logon,{X9K0-C4RI10JA-5362ARUI},01/07/2010 17:13:00,MBG3183,PC-3906,Logoff
logon,{D0U6-L1DD36DF-3474GVFQ},01/08/2010 08:14:00,MBG3183,PC-3906,Logon
logon,{G3Z2-U4GZ57DB-6633HZDA},01/08/2010 13:33:03,MBG3183,PC-3906,Logon
logon,{T2A0-O8QI98JS-9771RBMF},01/08/2010 17:13:00,MBG3183,PC-3906,Logoff
logon,{O7N1-M8GC00FY-9869DOYT},01/11/2010 08:11:00,MBG3183,PC-3906,Logon
logon,{F9Y2-N6RF76IB-4957OWAT},01/11/2010 17:17:00,MBG3183,PC-3906,Logoff
logon,{X8R7-E4IY33SQ-0949DHLE},01/12/2010 08:02:00,MBG3183,PC-3906,Logon
logon,{S6X3-O0OL79HN-4564AUTH},01/12/2010 12:55:03,MBG3183,PC-3906,Logon
logon,{H7H0-P4CJ19SL-1332NTZQ},01/12/2010 17:16:00,MBG3183,PC-3906,Logoff
logon,{H9N6-U0SX81ST-8711JOCT},01/13/2010 08:16:00,MBG3183,PC-3906,Logon
logon,{V9K9-K9PR82AB-3207NUYZ},01/13/2010 14:01:03,MBG3183,PC-3906,Logon
logon,{D6T3-Z6WO34BS-6783BRPY},01/13/2010 17:14:00,MBG3183,PC-3906,Logoff
logon,{Z4L8-K6RZ31EV-7091PGCV},01/14/2010 08:07:00,MBG3183,PC-3906,Logon
logon,{L5W3-H8KA86GH-0809UOPZ},01/14/2010 17:14:00,MBG3183,PC-3906,Logoff
logon,{W3N8-M1RY91IR-1717RYET},01/15/2010 08:18:00,MBG3183,PC-3906,Logon
logon,{B1E4-V5VE32WA-0668TEMW},01/15/2010 11:12:15,MBG3183,PC-3906,Logon
logon,{F8V0-W9PE35DZ-9695UJQA},01/15/2010 17:12:00,MBG3183,PC-3906,Logoff
logon,{G5F7-Z2VX25OV-2131KHXD},01/18/2010 08:17:00,MBG3183,PC-3906,Logon
logon,{E2N8-S3SN85QE-3140ZMWF},01/18/2010 12:40:45,MBG3183,PC-3906,Logon
logon,{R3P1-B9WA69ME-4056GFGV},01/18/2010 17:15:00,MBG3183,PC-3906,Logoff
logon,{A4I4-X7HF04RB-2578ADBX},01/19/2010 08:09:00,MBG3183,PC-3906,Logon
logon,{L8R1-Y2JE83WZ-4215CPBZ},01/19/2010 10:49:57,MBG3183,PC-3906,Logon
logon,{M2D9-Z5AL85QE-1814EOFU},01/19/2010 17:16:00,MBG3183,PC-3906,Logoff
logon,{M2A9-Y7PB83DG-4076EPJM},01/20/2010 08:15:00,MBG3183,PC-3906,Logon
logon,{P6J0-T9FY22BS-5193VWWI},01/20/2010 11:52:43,MBG3183,PC-3906,Logon
logon,{D6U9-N4RR03EG-9320PUKJ},01/20/2010 17:28:00,MBG3183,PC-3906,Logoff
logon,{R0B9-L0FG02RB-2270FEKO},01/21/2010 08:15:00,MBG3183,PC-3906,Logon
logon,{Q1S3-Z3DN38AH-1840ZYQQ},01/21/2010 13:58:27,MBG3183,PC-3906,Logon
logon,{R0A8-A5VZ86ZU-7498ZZAD},01/21/2010 17:25:00,MBG3183,PC-3906,Logoff
logon,{W0A3-K2NY38IW-5453FZCD},01/22/2010 08:02:00,MBG3183,PC-3906,Logon
logon,{F7K7-T2JU80ZI-7800BBFX},01/22/2010 10:20:16,MBG3183,PC-3906,Logon
logon,{M6W3-O2VP26ZZ-3633RTBL},01/22/2010 17:25:00,MBG3183,PC-3906,Logoff
logon,{Z8K9-M5JX34EY-1464JQBY},01/25/2010 08:01:00,MBG3183,PC-3906,Logon
logon,{S5J6-Y6DM13SD-6010AHYN},01/25/2010 17:15:00,MBG3183,PC-3906,Logoff
logon,{G6A2-B6NP38OP-6718AVCC},01/26/2010 08:04:00,MBG3183,PC-3906,Logon
logon,{F2X7-U4EI73EJ-0149HYMA},01/26/2010 11:33:23,MBG3183,PC-3906,Logon
logon,{B2I4-E1IM40JI-7202PHWO},01/26/2010 17:12:00,MBG3183,PC-3906,Logoff
logon,{C4G1-E1NN50QE-2915ELML},01/27/2010 08:01:00,MBG3183,PC-3906,Logon
logon,{A1Z5-S5OE93AZ-6408QDGG},01/27/2010 17:20:00,MBG3183,PC-3906,Logoff
logon,{P7L1-Q8ZA39VW-9014ZHXD},01/28/2010 08:11:00,MBG3183,PC-3906,Logon
logon,{S3X0-D6UI39OH-6976MOZR},01/28/2010 13:07:24,MBG3183,PC-3906,Logon
logon,{B8P4-D1KK05UQ-6084UDBB},01/28/2010 17:13:00,MBG3183,PC-3906,Logoff
logon,{A4G9-N0NI90AV-2519DGTZ},01/29/2010 08:16:00,MBG3183,PC-3906,Logon
logon,{I8I9-L8SP31CZ-9326ZQNN},01/29/2010 12:36:26,MBG3183,PC-3906,Logon
logon,{V3H2-I0GP81RU-8942RJNE},01/29/2010 17:15:00,MBG3183,PC-3906,Logoff
logon,{A4E4-H2JT99KP-6298GJZQ},02/01/2010 08:15:00,MBG3183,PC-3906,Logon
logon,{G9U5-M3DX79SJ-6533RZEK},02/01/2010 12:42:32,MBG3183,PC-3906,Logon
logon,{V4M3-R7PR94GY-6319UEUU},02/01/2010 17:16:00,MBG3183,PC-3906,Logoff
logon,{K5U6-Z6KL76HH-7219BTOU},02/02/2010 08:16:00,MBG3183,PC-3906,Logon
logon,{P3A0-K7WU98KW-5711YOGG},02/02/2010 14:13:34,MBG3183,PC-3906,Logon
logon,{L5H8-V3RV67DF-3735ECOV},02/02/2010 17:15:00,MBG3183,PC-3906,Logoff
logon,{P5W6-U2ZF42VG-2844OCYW},02/03/2010 08:17:00,MBG3183,PC-3906,Logon
logon,{S7U4-V0EV11MT-5921VESO},02/03/2010 12:54:03,MBG3183,PC-3906,Logon
logon,{R9V8-A6GV12VN-1327CHFR},02/03/2010 17:15:00,MBG3183,PC-3906,Logoff
logon,{M2G5-L2EZ58LC-5308GKCJ},02/04/2010 08:18:00,MBG3183,PC-3906,Logon
logon,{G7E4-C2KV49OI-1107AHPP},02/04/2010 14:00:46,MBG3183,PC-3906,Logon
logon,{F9K9-O0AA17YX-1152ISVA},02/04/2010 17:14:00,MBG3183,PC-3906,Logoff
logon,{X1K1-Q4WK10BV-6409NKFU},02/05/2010 08:06:00,MBG3183,PC-3906,Logon
logon,{I6H6-C1PT23WF-4111MFHY},02/05/2010 17:28:00,MBG3183,PC-3906,Logoff
logon,{Q6K5-C8KA68LR-7523BTXR},02/08/2010 08:14:00,MBG3183,PC-3906,Logon
logon,{K5B8-B2DH90ED-2711ICUR},02/08/2010 17:12:00,MBG3183,PC-3906,Logoff
logon,{A9Y1-J8RC67WX-7394YKXQ},02/09/2010 08:17:00,MBG3183,PC-3906,Logon
logon,{A5A8-B5WI73QC-9356MYUB},02/09/2010 12:17:30,MBG3183,PC-3906,Logon
logon,{S6B7-W0WA27WY-8593PCBF},02/09/2010 17:13:00,MBG3183,PC-3906,Logoff
logon,{P9T0-F7TM27FF-0522XYVO},02/10/2010 08:16:00,MBG3183,PC-3906,Logon
logon,{E8H5-T7UC31FC-6419EJRD},02/10/2010 13:48:56,MBG3183,PC-3906,Logon
logon,{I3K5-L9FJ57AE-7219CYEJ},02/10/2010 17:12:00,MBG3183,PC-3906,Logoff
logon,{J2J6-O5IW05ER-3035ACMV},02/11/2010 08:01:00,MBG3183,PC-3906,Logon
logon,{G4S0-B6YE90FY-3511MGPL},02/11/2010 11:48:59,MBG3183,PC-3906,Logon
logon,{S6Q4-N9ZJ44PO-6662CZHY},02/11/2010 17:24:00,MBG3183,PC-3906,Logoff
logon,{P3E8-C8MC75JH-9804OUPY},02/12/2010 08:18:00,MBG3183,PC-3906,Logon
logon,{B0L8-H3PM17IT-5299IVKH},02/12/2010 13:58:43,MBG3183,PC-3906,Logon
logon,{P0X3-J1BX41UK-3984SMVE},02/12/2010 17:14:00,MBG3183,PC-3906,Logoff
logon,{W0M8-J8MJ15TK-1416ZOFT},02/15/2010 08:08:00,MBG3183,PC-3906,Logon
logon,{E3M0-G0NP98CS-7516DJWU},02/15/2010 13:37:32,MBG3183,PC-3906,Logon
logon,{F5E2-W3YA94FE-4384CQRM},02/15/2010 17:23:00,MBG3183,PC-3906,Logoff
logon,{J1F7-C0EW43CF-8156QTGF},02/16/2010 08:15:00,MBG3183,PC-3906,Logon
logon,{Y5M3-S4RZ10BN-6133ZDBW},02/16/2010 13:39:41,MBG3183,PC-3906,Logon
logon,{M1O0-C4GE07HT-0274CGIQ},02/16/2010 17:15:00,MBG3183,PC-3906,Logoff
logon,{F0D5-Y3VF66PH-4154MMQU},02/17/2010 08:06:00,MBG3183,PC-3906,Logon
logon,{P6F2-M8DF56DU-8233ODHK},02/17/2010 12:45:11,MBG3183,PC-3906,Logon
logon,{Y3P8-J6QB36AG-1366YLDL},02/17/2010 17:28:00,MBG3183,PC-3906,Logoff
logon,{V8Z7-R6GD78CP-4101GNRW},02/18/2010 08:17:00,MBG3183,PC-3906,Logon
logon,{S8Q9-S0OV56JJ-9110GOKB},02/18/2010 12:51:33,MBG3183,PC-3906,Logon
logon,{W4Y0-D7OO62YJ-4617HUFG},02/18/2010 17:15:00,MBG3183,PC-3906,Logoff
logon,{T7R5-X6PH02IG-1204UUJE},02/19/2010 08:07:00,MBG3183,PC-3906,Logon
logon,{R0V3-W3UQ03GX-6544CKCM},02/19/2010 13:03:59,MBG3183,PC-3906,Logon
logon,{I4C8-C9MY33VJ-7918GOBD},02/19/2010 17:24:00,MBG3183,PC-3906,Logoff
logon,{T2P8-S5IY82FS-9123XWEQ},02/22/2010 08:04:00,MBG3183,PC-3906,Logon
logon,{T0S8-T0HV71JJ-5805ZHKP},02/22/2010 13:06:37,MBG3183,PC-3906,Logon
logon,{T6P6-Q9AE82QK-1068WHMS},02/22/2010 17:30:00,MBG3183,PC-3906,Logoff
logon,{U0F2-T6JZ61JY-2379KMVI},02/23/2010 08:08:00,MBG3183,PC-3906,Logon
logon,{F8Z0-R5HS40XB-6120PLDN},02/23/2010 17:13:00,MBG3183,PC-3906,Logoff
logon,{A7Q7-M5HZ89DF-9448UOWI},02/24/2010 08:16:00,MBG3183,PC-3906,Logon
logon,{L3D1-N4TN44QG-4706WHNX},02/24/2010 14:00:10,MBG3183,PC-3906,Logon
logon,{P8Q0-U9MI45AN-0630SWFV},02/24/2010 17:14:00,MBG3183,PC-3906,Logoff
logon,{G9N6-H5CM35DT-5126RSTK},02/25/2010 08:18:00,MBG3183,PC-3906,Logon
logon,{F7H1-K3CZ58AY-9459PMUQ},02/25/2010 12:19:14,MBG3183,PC-3906,Logon
logon,{K5F7-S0PY05HC-3562ZOCH},02/25/2010 17:15:00,MBG3183,PC-3906,Logoff
logon,{R5S7-I4FX82BJ-2705HKCX},02/26/2010 08:02:00,MBG3183,PC-3906,Logon
logon,{Z9O3-W1RP62EN-8106YURS},02/26/2010 13:44:19,MBG3183,PC-3906,Logon
logon,{I6P1-I0FC39CT-6111UOFX},02/26/2010 17:28:00,MBG3183,PC-3906,Logoff
logon,{L7Q6-Q2YP58KL-5059CAAY},03/01/2010 08:05:00,MBG3183,PC-3906,Logon
logon,{A6U3-I6OZ35UZ-8027MQPY},03/01/2010 17:19:00,MBG3183,PC-3906,Logoff
logon,{T5Z7-V4PP25KL-1250JNQS},03/02/2010 08:17:00,MBG3183,PC-3906,Logon
logon,{I1E2-E9HP58FN-7752SIFP},03/02/2010 13:39:03,MBG3183,PC-3906,Logon
logon,{W5K3-G0UZ18DI-3240YCPT},03/02/2010 17:17:00,MBG3183,PC-3906,Logoff
logon,{H3X2-V5TQ29LM-1875LOZT},03/03/2010 08:08:00,MBG3183,PC-3906,Logon
logon,{P6Z3-Z0DC64ES-9282AIXY},03/03/2010 12:23:34,MBG3183,PC-3906,Logon
logon,{W4F2-V1OY93BF-1630QBGG},03/03/2010 17:12:00,MBG3183,PC-3906,Logoff
logon,{Y6C4-K9FN55TE-3111KAPE},03/04/2010 08:04:00,MBG3183,PC-3906,Logon
logon,{I4W2-E9BO30DF-1264YPRP},03/04/2010 12:45:35,MBG3183,PC-3906,Logon
logon,{E2Q7-T4LJ17UV-0320FGPU},03/04/2010 17:20:00,MBG3183,PC-3906,Logoff
logon,{O3O4-O3AM75UX-6373OMEX},03/05/2010 08:18:00,MBG3183,PC-3906,Logon
logon,{P7E7-F3XP33HJ-5880TNKZ},03/05/2010 11:47:36,MBG3183,PC-3906,Logon
logon,{I4V9-C6CX66FJ-3783RBCM},03/05/2010 17:15:00,MBG3183,PC-3906,Logoff
logon,{L2O2-P4CH04IK-5219OSWR},03/08/2010 08:16:00,MBG3183,PC-3906,Logon
logon,{F7Y1-O9MM53HW-5186LVRE},03/08/2010 13:27:56,MBG3183,PC-3906,Logon
logon,{R6B2-L8LN06OA-1913HYFZ},03/08/2010 17:14:00,MBG3183,PC-3906,Logoff
logon,{V0I1-E3XK82OW-3745HVDH},03/09/2010 08:05:00,MBG3183,PC-3906,Logon
logon,{B6K6-M7WJ37MS-3700DPRZ},03/09/2010 17:25:00,MBG3183,PC-3906,Logoff
logon,{U5Z3-U7RB56DC-6002CIKQ},03/10/2010 08:10:00,MBG3183,PC-3906,Logon
logon,{X0W6-L0KH62EA-4698ZQOF},03/10/2010 12:35:56,MBG3183,PC-3906,Logon
logon,{F2R3-Y4PJ11LF-1620YQRS},03/10/2010 17:22:00,MBG3183,PC-3906,Logoff
logon,{G5H1-J5XW53LK-3437XTEL},03/11/2010 08:18:00,MBG3183,PC-3906,Logon
logon,{U3U3-A0WT45VW-1839VEJA},03/11/2010 13:51:56,MBG3183,PC-3906,Logon
logon,{E3F7-R8LN38DM-5909PYEJ},03/11/2010 17:12:00,MBG3183,PC-3906,Logoff
logon,{A5E1-C8NG14YR-5684KQPX},03/12/2010 08:11:00,MBG3183,PC-3906,Logon
logon,{E7L4-J5JD03CB-4110NTLM},03/12/2010 17:26:00,MBG3183,PC-3906,Logoff
logon,{L4F2-O1GF03OU-0213SLSU},03/15/2010 08:03:00,MBG3183,PC-3906,Logon
logon,{V0D6-D0KY12LP-5741RSKZ},03/15/2010 10:19:24,MBG3183,PC-3906,Logon
logon,{C5Q7-O4UB47MN-2210ZSJA},03/15/2010 17:30:00,MBG3183,PC-3906,Logoff
logon,{S0D0-K9WO42EF-9764YLLW},03/16/2010 08:02:00,MBG3183,PC-3906,Logon
logon,{F4C2-E0NJ34NU-2001KJER},03/16/2010 13:57:09,MBG3183,PC-3906,Logon
logon,{C7O3-G4AF48UZ-4432DGLY},03/16/2010 17:12:00,MBG3183,PC-3906,Logoff
logon,{K3O2-G3PX58HT-2305KOFR},03/17/2010 08:16:00,MBG3183,PC-3906,Logon
logon,{Y4O5-M1YX99QG-8503VKHH},03/17/2010 13:20:39,MBG3183,PC-3906,Logon
logon,{Z5D0-B3DB93RY-3063MPGC},03/17/2010 17:29:00,MBG3183,PC-3906,Logoff
logon,{A5B9-F4KO42WX-6944WKEG},03/18/2010 08:07:00,MBG3183,PC-3906,Logon
logon,{G5G4-F2HX55IF-7682YIYR},03/18/2010 17:27:00,MBG3183,PC-3906,Logoff
logon,{N1N1-P9VJ39CI-5478CWBB},03/19/2010 08:16:00,MBG3183,PC-3906,Logon
logon,{Y7X6-Q7QL22QC-9085GGWP},03/19/2010 13:25:38,MBG3183,PC-3906,Logon
logon,{Q6P9-Q2AJ32FD-6708YGPD},03/19/2010 17:04:05,MBG3183,PC-2613,Logon
logon,{E0L7-C5IY33EI-5238TGHR},03/19/2010 17:09:14,MBG3183,PC-2613,Logoff
logon,{Y9W5-G5EJ80BX-0073UTOI},03/19/2010 17:18:00,MBG3183,PC-3906,Logoff
logon,{Y1L2-X9OD02YS-1166JQBD},03/22/2010 08:00:00,MBG3183,PC-3906,Logon
logon,{Z4J7-Y8MP83UU-9456DVLZ},03/22/2010 17:19:00,MBG3183,PC-3906,Logoff
logon,{O2S8-A6PT15HO-6782BHTX},03/23/2010 08:18:00,MBG3183,PC-3906,Logon
logon,{D0K1-Z2XU95OS-6076IDQK},03/23/2010 14:02:51,MBG3183,PC-3906,Logon
logon,{J7G7-J0NF66PW-9409QEGS},03/23/2010 17:15:00,MBG3183,PC-3906,Logoff
logon,{K5K0-M3FN97NO-6187MFBE},03/24/2010 08:01:00,MBG3183,PC-3906,Logon
logon,{K4Y6-V7BS30OR-9402DWJP},03/24/2010 17:18:00,MBG3183,PC-3906,Logoff
logon,{O2E2-M7GP33GG-6112OLXK},03/25/2010 08:16:00,MBG3183,PC-3906,Logon
logon,{S4J1-D2ZJ48ML-7238KHSU},03/25/2010 14:05:52,MBG3183,PC-3906,Logon
logon,{P2D8-Q5HE84GU-3012PVFJ},03/25/2010 17:13:00,MBG3183,PC-3906,Logoff
logon,{C3I0-C2MP65RT-5995FNGC},03/26/2010 08:10:00,MBG3183,PC-3906,Logon
logon,{X7N7-K0AA29KW-5416XNSV},03/26/2010 13:19:01,MBG3183,PC-3906,Logon
logon,{S4C6-U3IO59RU-2395ZULO},03/26/2010 17:14:00,MBG3183,PC-3906,Logoff
logon,{P2G9-H9ML45SS-8800TERO},03/29/2010 08:13:00,MBG3183,PC-3906,Logon
logon,{L2Y9-S7PP92FI-8239HPZM},03/29/2010 17:23:00,MBG3183,PC-3906,Logoff
logon,{W0T2-O0AY80HY-0612ODTI},03/30/2010 08:18:00,MBG3183,PC-3906,Logon
logon,{C9C5-X4AX44EE-8038SWWB},03/30/2010 13:42:03,MBG3183,PC-3906,Logon
logon,{R0Z7-E1MN40GL-6125XWAG},03/30/2010 17:12:00,MBG3183,PC-3906,Logoff
logon,{C5G7-X7PW93GK-1826OTPW},03/31/2010 08:00:00,MBG3183,PC-3906,Logon
logon,{I0G9-Y5PA05NR-0517MACD},03/31/2010 10:02:24,MBG3183,PC-3906,Logon
logon,{S6Y8-M5OB36UE-0381MCAC},03/31/2010 17:23:00,MBG3183,PC-3906,Logoff
logon,{I0H0-V5BF09BD-4577ETYT},04/01/2010 08:13:00,MBG3183,PC-3906,Logon
logon,{D0F9-Q0PL86RK-1402XJNU},04/01/2010 13:53:25,MBG3183,PC-3906,Logon
logon,{G8O5-Z4LL80MA-2310UVXZ},04/01/2010 17:27:00,MBG3183,PC-3906,Logoff
logon,{G8E2-C7MB02QP-0030ISQJ},04/05/2010 08:05:00,MBG3183,PC-3906,Logon
logon,{N2Z9-Q0OQ35HE-1374XYGA},04/05/2010 17:18:00,MBG3183,PC-3906,Logoff
logon,{X8U7-J3EG34QD-0668NZEK},04/06/2010 08:00:00,MBG3183,PC-3906,Logon
logon,{J8Z8-A0AW03JC-8555ESXD},04/06/2010 16:49:21,MBG3183,PC-6987,Logon
logon,{U8U1-I4XS80XS-9690KQNW},04/06/2010 16:53:21,MBG3183,PC-6987,Logoff
logon,{I8K9-I3WL75DY-8315HSCM},04/06/2010 17:30:00,MBG3183,PC-3906,Logoff
logon,{I2I4-Y5SZ91AF-9658FVWD},04/07/2010 08:02:00,MBG3183,PC-3906,Logon
logon,{T1E5-E9TN86KV-9418BWKY},04/07/2010 13:10:36,MBG3183,PC-3906,Logon
logon,{K3F3-P6US68RQ-2414DKYQ},04/07/2010 17:15:00,MBG3183,PC-3906,Logoff
logon,{N8X2-W8KY10UY-1059ABHQ},04/08/2010 08:18:00,MBG3183,PC-3906,Logon
logon,{U7X2-U1YA72MI-5975UDTW},04/08/2010 13:07:20,MBG3183,PC-3906,Logon
logon,{Z9V9-A6NC39CL-1000GPIL},04/08/2010 17:15:00,MBG3183,PC-3906,Logoff
logon,{Q3A2-J2TV41GZ-3013XGTZ},04/09/2010 08:15:00,MBG3183,PC-3906,Logon
logon,{D8K7-E8EU21ZO-3134PSZD},04/09/2010 13:06:09,MBG3183,PC-3906,Logon
logon,{B0X7-G8CY89QB-4932WBCP},04/09/2010 17:15:00,MBG3183,PC-3906,Logoff
logon,{A5Y5-O3JE73YC-3710LMDI},04/12/2010 08:06:00,MBG3183,PC-3906,Logon
logon,{C6I5-G2UU66SI-5304CQBN},04/12/2010 16:12:27,MBG3183,PC-4950,Logon
logon,{G2B5-S4VT77QW-5200SMIC},04/12/2010 16:38:42,MBG3183,PC-4950,Logoff
logon,{A1M0-T2DW32EX-9267GXIX},04/12/2010 17:10:38,MBG3183,PC-4594,Logon
logon,{O5R9-R4XG71JD-0488TNMY},04/12/2010 17:13:38,MBG3183,PC-4594,Logoff
logon,{V7I8-P1YF70XO-0652MPAQ},04/12/2010 17:29:00,MBG3183,PC-3906,Logoff
logon,{A7R2-W2GJ84XG-3755XZZE},04/13/2010 08:14:00,MBG3183,PC-3906,Logon
logon,{V5J5-O3EJ98PR-0320GXAQ},04/13/2010 12:14:33,MBG3183,PC-3906,Logon
logon,{P9S3-F3TK72WH-1156CTEF},04/13/2010 17:15:00,MBG3183,PC-3906,Logoff
logon,{G9E7-C5RG80FX-2305CHYR},04/14/2010 08:00:00,MBG3183,PC-3906,Logon
logon,{U4G5-Y3WL72JF-6664YMLV},04/14/2010 11:49:51,MBG3183,PC-3906,Logon
logon,{H7F4-Z5YX48WJ-5812PTCC},04/14/2010 17:26:00,MBG3183,PC-3906,Logoff
logon,{T7X8-T2GT05HQ-7303MJRN},04/15/2010 08:16:00,MBG3183,PC-3906,Logon
logon,{K5Q9-I4EN83FF-0352GQDV},04/15/2010 13:56:44,MBG3183,PC-3906,Logon
logon,{R8I5-O5YA35CD-7056BOJQ},04/15/2010 17:12:00,MBG3183,PC-3906,Logoff
logon,{Z1A0-C1CH54GH-3727LSOT},04/16/2010 08:07:00,MBG3183,PC-3906,Logon
logon,{W7N5-Z6HJ19AU-7070EVRD},04/16/2010 08:09:52,MBG3183,PC-8983,Logon
logon,{R8N4-H6FW06OC-6039ZKKC},04/16/2010 08:14:29,MBG3183,PC-8983,Logoff
logon,{U4Y4-Z4MF63FA-9941COOF},04/16/2010 13:11:42,MBG3183,PC-3906,Logon
logon,{B2H0-T8HG63BV-8262SOYI},04/16/2010 17:26:00,MBG3183,PC-3906,Logoff
logon,{I3H4-Y5XA68DP-1709ZHTO},04/19/2010 08:14:00,MBG3183,PC-3906,Logon
logon,{R5S9-E3DZ68LM-1887CKQL},04/19/2010 17:16:00,MBG3183,PC-3906,Logoff
logon,{I9N8-O3BS22DF-8589XTFY},04/20/2010 08:16:00,MBG3183,PC-3906,Logon
logon,{R7M9-H4AA97IG-8416NNAK},04/20/2010 13:02:03,MBG3183,PC-3906,Logon
logon,{N8W6-Y4XO01UJ-5159MUUG},04/20/2010 17:13:00,MBG3183,PC-3906,Logoff
logon,{U4U9-U3VV90NZ-0815EPBJ},04/21/2010 08:07:00,MBG3183,PC-3906,Logon
logon,{W6S0-A7BZ59CH-4082FJGF},04/21/2010 12:29:29,MBG3183,PC-3906,Logon
logon,{R0M7-O7HR41BL-2235MVWI},04/21/2010 17:24:00,MBG3183,PC-3906,Logoff
logon,{I6X5-W0JF96SA-3301SRIR},04/22/2010 08:09:00,MBG3183,PC-3906,Logon
logon,{M8Q1-U8MX10KK-0763DTTW},04/22/2010 13:21:05,MBG3183,PC-3906,Logon
logon,{E0U8-O7XK80GI-5129WEKH},04/22/2010 17:19:00,MBG3183,PC-3906,Logoff
logon,{K9E2-J5IE16ZU-4543HQNW},04/23/2010 08:16:00,MBG3183,PC-3906,Logon
logon,{W8J4-F7IR67SP-2398XJXZ},04/23/2010 11:08:37,MBG3183,PC-3906,Logon
logon,{R0E9-I5NT21JE-3075DBXL},04/23/2010 17:13:00,MBG3183,PC-3906,Logoff
logon,{V4G8-M3KV77KZ-7034CDUJ},04/26/2010 08:17:00,MBG3183,PC-3906,Logon
logon,{D2E2-U0SG37BF-2992ZFWH},04/26/2010 12:20:10,MBG3183,PC-3906,Logon
logon,{G8H7-Z7GT55UO-3300LJZF},04/26/2010 17:15:00,MBG3183,PC-3906,Logoff
logon,{L8O4-C4IB52WS-8526AGZA},04/27/2010 08:11:00,MBG3183,PC-3906,Logon
logon,{P1F6-H8TO38QN-1216YJRK},04/27/2010 17:12:00,MBG3183,PC-3906,Logoff
logon,{F9H2-V1GL34NA-0222EUNQ},04/28/2010 08:10:00,MBG3183,PC-3906,Logon
logon,{B9H1-D8SM30SX-0567DHYG},04/28/2010 11:52:52,MBG3183,PC-3906,Logon
logon,{J9Z0-P0PB83VN-7010WPJV},04/28/2010 17:23:00,MBG3183,PC-3906,Logoff
logon,{W9R1-R3QB11MO-3548TYBS},04/29/2010 08:16:00,MBG3183,PC-3906,Logon
logon,{L6I1-Y8QJ19RM-9121DBNY},04/29/2010 11:58:40,MBG3183,PC-3906,Logon
logon,{I4Q1-D0DP51SM-6754YQHC},04/29/2010 17:13:00,MBG3183,PC-3906,Logoff
logon,{Y2Y0-O6ZB47GI-1271GHRI},04/30/2010 08:15:00,MBG3183,PC-3906,Logon
logon,{O7B5-W2GN95WU-7672XWWM},04/30/2010 17:29:00,MBG3183,PC-3906,Logoff
logon,{U5R3-E3NF73XC-4501KZNF},05/03/2010 08:18:00,MBG3183,PC-3906,Logon
logon,{T3C9-S6JW36GZ-3210GXCU},05/03/2010 12:40:06,MBG3183,PC-3906,Logon
logon,{F1I4-Q6SE07OO-0134PDJM},05/03/2010 17:13:00,MBG3183,PC-3906,Logoff
logon,{M8Q6-K2TR97NP-5745QASC},05/04/2010 08:13:00,MBG3183,PC-3906,Logon
logon,{I4I3-K9VC10MD-6144APTA},05/04/2010 09:55:58,MBG3183,PC-3906,Logon
logon,{S8A4-S1NH06OJ-9917XDBJ},05/04/2010 17:25:00,MBG3183,PC-3906,Logoff
logon,{E3U3-L2MK73LZ-9596HHYR},05/05/2010 08:18:00,MBG3183,PC-3906,Logon
logon,{A0E2-K9IP51GV-5127YAEX},05/05/2010 13:55:18,MBG3183,PC-3906,Logon
logon,{U0V8-W5DR23CF-9914IHUL},05/05/2010 17:14:00,MBG3183,PC-3906,Logoff
logon,{Q0J3-T1YX64OK-0420EJWN},05/06/2010 08:18:00,MBG3183,PC-3906,Logon
logon,{M4F3-P6OQ38VD-7127FWIX},05/06/2010 12:11:40,MBG3183,PC-3906,Logon
logon,{N4J2-K9YQ26VE-2208FNOO},05/06/2010 17:12:00,MBG3183,PC-3906,Logoff
logon,{Y2C4-Z8CQ39CM-9904MIDV},05/07/2010 08:14:00,MBG3183,PC-3906,Logon
logon,{O1W7-A3WP05NN-7156JAWF},05/07/2010 13:36:56,MBG3183,PC-3906,Logon
logon,{A6P7-Y9YG25AM-9232EZON},05/07/2010 17:13:00,MBG3183,PC-3906,Logoff
logon,{V4W5-L4UF39LU-0733SLGY},05/10/2010 08:15:00,MBG3183,PC-3906,Logon
logon,{R8S6-V3AH63QW-0510NWYC},05/10/2010 11:09:45,MBG3183,PC-3906,Logon
logon,{V8D6-B1FZ37XC-7111SVBD},05/10/2010 17:15:00,MBG3183,PC-3906,Logoff
logon,{D8P0-E2HZ70VN-0734XWPJ},05/11/2010 08:02:00,MBG3183,PC-3906,Logon
logon,{W5A4-U8SC28RJ-8205ZADX},05/11/2010 10:47:57,MBG3183,PC-3906,Logon
logon,{X9R5-D5EG90NB-5478PZML},05/11/2010 17:24:00,MBG3183,PC-3906,Logoff
logon,{V1U3-A5FV61IS-1187IZFR},05/12/2010 08:16:00,MBG3183,PC-3906,Logon
logon,{H5T7-V1WV23KM-8287VMTF},05/12/2010 13:21:03,MBG3183,PC-3906,Logon
logon,{B1A2-U1YK99WO-7381ZUWW},05/12/2010 17:13:00,MBG3183,PC-3906,Logoff
logon,{T4L4-T1YV60AM-1021WLNP},05/13/2010 08:05:00,MBG3183,PC-3906,Logon
logon,{V9K4-A3CQ43XI-6275HYJS},05/13/2010 13:44:42,MBG3183,PC-3906,Logon
logon,{N6G4-Z7JV62EU-3129IRHT},05/13/2010 17:20:00,MBG3183,PC-3906,Logoff
logon,{O1H9-H2RM75PD-8859RLKF},05/14/2010 08:14:00,MBG3183,PC-3906,Logon
logon,{V3K1-P9KQ39ZB-3573FYKF},05/14/2010 13:03:37,MBG3183,PC-3906,Logon
logon,{X9I1-A5BP36FN-2380MSUI},05/14/2010 17:22:00,MBG3183,PC-3906,Logoff
logon,{P0O7-N8XN24XP-9046LKVZ},05/17/2010 08:16:00,MBG3183,PC-3906,Logon
logon,{S5D1-Y0QA73FC-8706TWXM},05/17/2010 12:53:34,MBG3183,PC-3906,Logon
logon,{N5F9-K5SH54HD-3802ZLYJ},05/17/2010 17:13:00,MBG3183,PC-3906,Logoff
logon,{R0I5-A5ZQ98HX-5392OLGX},05/18/2010 08:12:00,MBG3183,PC-3906,Logon
logon,{E9M6-K4UT07SU-2089IVHO},05/18/2010 17:21:00,MBG3183,PC-3906,Logoff
logon,{L7M9-B7BY35YN-7493UOSU},05/19/2010 08:15:00,MBG3183,PC-3906,Logon
logon,{U6L0-O9LM68YW-5987IDEH},05/19/2010 13:14:43,MBG3183,PC-3906,Logon
logon,{I0B6-J1GM71HX-6299GATS},05/19/2010 17:30:00,MBG3183,PC-3906,Logoff
logon,{D1M1-U2AX60MD-6266ANHY},05/20/2010 08:04:00,MBG3183,PC-3906,Logon
logon,{C2H4-T4TJ79TY-6120CISC},05/20/2010 13:10:30,MBG3183,PC-3906,Logon
logon,{T2X4-U9BA58SL-4767HOKG},05/20/2010 17:12:00,MBG3183,PC-3906,Logoff
logon,{G5O7-K7VV04UJ-1223BYVM},05/21/2010 08:00:00,MBG3183,PC-3906,Logon
logon,{E5B0-H1SW99YO-2430ZVRC},05/21/2010 13:46:40,MBG3183,PC-3906,Logon
logon,{J3B9-M0OK53NQ-8239XXKG},05/21/2010 17:29:00,MBG3183,PC-3906,Logoff
logon,{B1X5-E2TJ70NE-7716AFIT},05/24/2010 08:07:00,MBG3183,PC-3906,Logon
logon,{G7S8-S8LA01FG-6634DBAX},05/24/2010 12:25:29,MBG3183,PC-3906,Logon
logon,{X2W4-C6MS33JF-1240HAXK},05/24/2010 17:14:00,MBG3183,PC-3906,Logoff
logon,{X7F5-M4BX85MS-1309IJIR},05/25/2010 08:18:00,MBG3183,PC-3906,Logon
logon,{S6W6-F0QO52KG-9024BUUU},05/25/2010 12:08:38,MBG3183,PC-3906,Logon
logon,{C0C0-U1TN74GV-5950ACCY},05/25/2010 17:13:00,MBG3183,PC-3906,Logoff
logon,{G2J1-I5RI90HY-1805RELI},05/26/2010 08:16:00,MBG3183,PC-3906,Logon
logon,{P3Z1-K6HM35XC-8171TQYL},05/26/2010 11:25:37,MBG3183,PC-3906,Logon
logon,{Y4D6-M7AJ31BS-3302KXZV},05/26/2010 17:13:00,MBG3183,PC-3906,Logoff
logon,{I3H9-K0CQ83YW-9450YJXP},05/27/2010 08:00:00,MBG3183,PC-3906,Logon
logon,{H3Z8-R6FB59AT-2429IVBX},05/27/2010 08:09:28,MBG3183,PC-1142,Logon
logon,{I0I4-Z1JA42GL-6440YHYJ},05/27/2010 08:16:26,MBG3183,PC-1142,Logoff
logon,{L3C7-C1AY30JS-4644ETAO},05/27/2010 13:55:13,MBG3183,PC-3906,Logon
logon,{F4A0-A7NH66AA-6264CHFZ},05/27/2010 17:19:00,MBG3183,PC-3906,Logoff
logon,{T1I5-Z9EQ90TU-5950IOIO},05/28/2010 08:09:00,MBG3183,PC-3906,Logon
logon,{Q3T6-P8WU21WD-8706ABCJ},05/28/2010 12:07:28,MBG3183,PC-3906,Logon
logon,{K1F5-Z6HI10CG-3405ZDCI},05/28/2010 17:21:00,MBG3183,PC-3906,Logoff
logon,{B5R9-O9RL93OJ-5503DABG},06/01/2010 08:13:00,MBG3183,PC-3906,Logon
logon,{T3V0-A3NR29QS-5129NYCD},06/01/2010 13:15:22,MBG3183,PC-3906,Logon
logon,{E2I7-K8SU35YM-2014CRHX},06/01/2010 17:15:00,MBG3183,PC-3906,Logoff
logon,{C7V8-V6YN84LW-4301SQMN},06/02/2010 08:13:00,MBG3183,PC-3906,Logon
logon,{V9D3-D8HQ07NH-0274ORZM},06/02/2010 17:15:00,MBG3183,PC-3906,Logoff
logon,{F1U8-Q1HC91JV-2408WZVL},06/03/2010 08:09:00,MBG3183,PC-3906,Logon
logon,{L2K3-K5MA70VF-8857RZJN},06/03/2010 10:55:14,MBG3183,PC-3906,Logon
logon,{U4X9-U9XL11DU-3918NRXF},06/03/2010 17:18:00,MBG3183,PC-3906,Logoff
logon,{W7I7-Z7BE24DH-6851UQXE},06/04/2010 08:15:00,MBG3183,PC-3906,Logon
logon,{F4W6-J0VD23HE-6470FYNJ},06/04/2010 12:59:11,MBG3183,PC-3906,Logon
logon,{J7F4-K0VN60RN-9504TQSG},06/04/2010 17:27:00,MBG3183,PC-3906,Logoff
logon,{H5L3-Y6PL07TD-2132HBQL},06/07/2010 08:00:00,MBG3183,PC-3906,Logon
logon,{E0R5-M6KT84XC-1318WPVA},06/07/2010 17:30:00,MBG3183,PC-3906,Logoff
logon,{A2O1-I0BM72MJ-2529OHYL},06/08/2010 08:17:00,MBG3183,PC-3906,Logon
logon,{T1C3-I6QE27ZJ-4746GPRE},06/08/2010 12:53:03,MBG3183,PC-3906,Logon
logon,{N3T5-A8IM98QK-8650QKCY},06/08/2010 17:12:00,MBG3183,PC-3906,Logoff
logon,{R0V3-B3CH37TM-8734SKFZ},06/09/2010 08:07:00,MBG3183,PC-3906,Logon
logon,{G1K8-N1OF00IZ-0991VXNK},06/09/2010 11:02:42,MBG3183,PC-3906,Logon
logon,{S6T5-R1JG17HN-7228YKYD},06/09/2010 17:24:00,MBG3183,PC-3906,Logoff
logon,{B2E3-D8TZ85XK-8728XPNJ},06/10/2010 08:11:00,MBG3183,PC-3906,Logon
logon,{L9O5-K0IN00MZ-7946PHXZ},06/10/2010 17:28:00,MBG3183,PC-3906,Logoff
logon,{H5G1-Z4YP87PD-0750AMTQ},06/11/2010 08:03:00,MBG3183,PC-3906,Logon
logon,{F1K2-H9BY82DB-3181RCNA},06/11/2010 13:52:10,MBG3183,PC-3906,Logon
logon,{Z9K1-J5LA20JG-2037FFZM},06/11/2010 17:13:00,MBG3183,PC-3906,Logoff
logon,{D6B3-L5UD37OG-1839CVFD},06/14/2010 08:04:00,MBG3183,PC-3906,Logon
logon,{E4T7-H4DJ62MU-5212DOIL},06/14/2010 17:16:00,MBG3183,PC-3906,Logoff
logon,{S6Z8-T7QZ26WU-2042ENXU},06/15/2010 08:16:00,MBG3183,PC-3906,Logon
logon,{U7D0-A1ED93OM-7936MROO},06/15/2010 13:57:50,MBG3183,PC-3906,Logon
logon,{N7L9-L3LN56KJ-9411HAAW},06/15/2010 17:13:00,MBG3183,PC-3906,Logoff
logon,{I1L0-G9LV06VM-4024GNHG},06/16/2010 08:07:00,MBG3183,PC-3906,Logon
logon,{F2L4-W0MJ28XL-2711QOLM},06/16/2010 13:14:33,MBG3183,PC-3906,Logon
logon,{R5R0-T2DK79DH-6334IOGM},06/16/2010 17:15:00,MBG3183,PC-3906,Logoff
logon,{D9E7-S5UN48EL-3811FHVZ},06/17/2010 08:16:00,MBG3183,PC-3906,Logon
logon,{E8W3-O8ZV29XS-9570TVBU},06/17/2010 12:04:07,MBG3183,PC-3906,Logon
logon,{R7D0-X0FD01AO-4391ETJH},06/17/2010 17:14:00,MBG3183,PC-3906,Logoff
logon,{Y5D8-C2YH99KG-7108CCCJ},06/18/2010 08:18:00,MBG3183,PC-3906,Logon
logon,{A5L4-F2BU22ZQ-5603HRHB},06/18/2010 12:49:12,MBG3183,PC-3906,Logon
logon,{O0E1-Z2OY75WG-6380LTEV},06/18/2010 17:14:00,MBG3183,PC-3906,Logoff
logon,{E3H0-L9LS91DO-7860EQNW},06/21/2010 08:17:00,MBG3183,PC-3906,Logon
logon,{I1F8-G6WB06HS-6178FCGG},06/21/2010 17:28:00,MBG3183,PC-3906,Logoff
logon,{K3A1-U2RX81WM-7569LJMT},06/22/2010 08:07:00,MBG3183,PC-3906,Logon
logon,{I2L1-O1EI05VI-8269HXHB},06/22/2010 17:21:00,MBG3183,PC-3906,Logoff
logon,{Y5D4-K3BY35AA-8268RYUE},06/23/2010 08:04:00,MBG3183,PC-3906,Logon
logon,{H9I4-C3OP53NH-3809YVEW},06/23/2010 13:10:03,MBG3183,PC-3906,Logon
logon,{Y9B5-Q9MP17IV-2316DNOY},06/23/2010 17:18:00,MBG3183,PC-3906,Logoff
logon,{K1T4-W6PH78OF-2062VRDO},06/24/2010 08:11:00,MBG3183,PC-3906,Logon
logon,{U7T3-Q7AE26QA-2624INWQ},06/24/2010 12:17:10,MBG3183,PC-3906,Logon
logon,{S4I2-P6PT89CP-8075IIIQ},06/24/2010 17:12:00,MBG3183,PC-3906,Logoff
logon,{E5I1-L9HJ28HV-0481CPLA},06/25/2010 08:12:00,MBG3183,PC-3906,Logon
logon,{I0C3-H6DT19ZZ-9652JBAP},06/25/2010 13:59:48,MBG3183,PC-3906,Logon
logon,{X1E6-N8OC40IA-1325LJIK},06/25/2010 17:20:00,MBG3183,PC-3906,Logoff
logon,{G4D4-E3UJ62NR-3378PPCG},06/28/2010 08:06:00,MBG3183,PC-3906,Logon
logon,{F5J4-X7LE69PE-4088IWTY},06/28/2010 17:23:00,MBG3183,PC-3906,Logoff
logon,{X9S9-G0ZB36ON-9801EOVL},06/29/2010 08:16:00,MBG3183,PC-3906,Logon
logon,{B2W3-M7SU73XZ-8467OFDO},06/29/2010 12:48:18,MBG3183,PC-3906,Logon
logon,{M6Q9-M1TZ34CE-2612KAAS},06/29/2010 17:27:00,MBG3183,PC-3906,Logoff
logon,{D0U2-S8ET19RY-4604JDLA},06/30/2010 08:17:00,MBG3183,PC-3906,Logon
logon,{G4O0-G3UJ73QG-7210OTDY},06/30/2010 13:08:44,MBG3183,PC-3906,Logon
logon,{V2W7-U4RE42BE-5707ESHZ},06/30/2010 17:12:00,MBG3183,PC-3906,Logoff
logon,{F6P5-Q0PX49QO-4934LLVJ},07/01/2010 08:12:00,MBG3183,PC-3906,Logon
logon,{C6X2-R4KG68SH-1316WQLC},07/01/2010 12:22:35,MBG3183,PC-3906,Logon
logon,{A6K4-A9KY82QE-6826ONOQ},07/01/2010 17:24:00,MBG3183,PC-3906,Logoff
logon,{Y2M9-R2CS56WX-7800ZLXP},07/02/2010 08:11:00,MBG3183,PC-3906,Logon
logon,{C7Z8-J1DO37KK-0571SGNM},07/02/2010 11:45:43,MBG3183,PC-3906,Logon
logon,{Y4F3-S9OR94GR-1095AILC},07/02/2010 17:15:19,MBG3183,PC-7251,Logon
logon,{Z6K5-V5BV74NI-3189EJBZ},07/02/2010 17:16:56,MBG3183,PC-7251,Logoff
logon,{D2I4-O2WA04IN-8713BSYV},07/02/2010 17:20:00,MBG3183,PC-3906,Logoff
logon,{S1F5-M0QN98UJ-7404LQKV},07/06/2010 08:14:00,MBG3183,PC-3906,Logon
logon,{T1V3-V9KR83VI-8006SQHZ},07/06/2010 14:13:15,MBG3183,PC-3906,Logon
logon,{W0C2-C7DA55CA-4787JMCB},07/06/2010 17:17:00,MBG3183,PC-3906,Logoff
logon,{M3V5-H1ZU21AB-8583WYVI},07/07/2010 08:16:00,MBG3183,PC-3906,Logon
logon,{I8I2-S5IR92PC-5225XGMH},07/07/2010 12:20:30,MBG3183,PC-3906,Logon
logon,{C0P9-L7PF62CT-5607LKMB},07/07/2010 17:12:00,MBG3183,PC-3906,Logoff
logon,{X4M1-A8EY13IY-1757BSAR},07/08/2010 08:01:00,MBG3183,PC-3906,Logon
logon,{L7V8-G4JB03WU-5832DMSB},07/08/2010 13:02:30,MBG3183,PC-3906,Logon
logon,{R0B8-C1IL92KW-0263YYWO},07/08/2010 17:23:00,MBG3183,PC-3906,Logoff
logon,{J2W7-M5RI75NA-1744KXJL},07/09/2010 08:16:00,MBG3183,PC-3906,Logon
logon,{U7X0-T5KS45HW-4311SZPQ},07/09/2010 11:01:00,MBG3183,PC-3906,Logon
logon,{X0O9-T7VG61OS-6728JZRO},07/09/2010 17:12:00,MBG3183,PC-3906,Logoff
logon,{N2R2-O3SH35XM-3808IRGV},07/12/2010 08:17:00,MBG3183,PC-3906,Logon
logon,{J4U5-A6OE98WX-6569TRIJ},07/12/2010 13:55:33,MBG3183,PC-3906,Logon
logon,{U6B0-E8SP26ER-9529VKCH},07/12/2010 17:12:00,MBG3183,PC-3906,Logoff
logon,{K3G4-N4TO81OA-0967MEDR},07/13/2010 08:16:00,MBG3183,PC-3906,Logon
logon,{Q4P5-U4ZU91FG-3066PWBC},07/13/2010 11:54:47,MBG3183,PC-3906,Logon
logon,{D8L0-B1HH42AU-9160UHQK},07/13/2010 17:15:00,MBG3183,PC-3906,Logoff
logon,{B3J5-H7PB41QK-9052MIVK},07/14/2010 08:17:00,MBG3183,PC-3906,Logon
logon,{G0G6-U0PS91YI-9872OAOH},07/14/2010 12:59:36,MBG3183,PC-3906,Logon
logon,{B4O3-E1TB71GI-4943MVXD},07/14/2010 17:14:00,MBG3183,PC-3906,Logoff
logon,{F0X6-W7RP24TH-0694UZUZ},07/15/2010 08:18:00,MBG3183,PC-3906,Logon
logon,{V6V5-T5HO74EG-9020SZUC},07/15/2010 10:34:43,MBG3183,PC-7584,Logon
logon,{J7D2-C8CO53CX-0587HWPI},07/15/2010 10:43:12,MBG3183,PC-7584,Logoff
logon,{H8D2-C1MQ07XB-7444FWGW},07/15/2010 13:12:52,MBG3183,PC-3906,Logon
logon,{K8T9-Y9WK85ZD-5109YTAZ},07/15/2010 17:15:00,MBG3183,PC-3906,Logoff
logon,{P9S8-N3VX64XF-5733XFOR},07/16/2010 08:17:00,MBG3183,PC-3906,Logon
logon,{B6G1-W4TQ75TQ-2492NADT},07/16/2010 13:26:14,MBG3183,PC-3906,Logon
logon,{D9C7-Y5KG31AK-9222SBFR},07/16/2010 17:14:00,MBG3183,PC-3906,Logoff
logon,{A2X0-W0NM75MV-7772IWKS},07/19/2010 08:17:00,MBG3183,PC-3906,Logon
logon,{W6H4-B4FX88YB-1873PJPQ},07/19/2010 12:52:02,MBG3183,PC-3906,Logon
logon,{T2N0-H9ZW46MB-0071QHTO},07/19/2010 17:12:00,MBG3183,PC-3906,Logoff
logon,{Q3F2-L6KD66IL-3844IMCQ},07/20/2010 08:18:00,MBG3183,PC-3906,Logon
logon,{E9L3-E7NZ31XY-3783IJQM},07/20/2010 12:56:53,MBG3183,PC-3906,Logon
logon,{D2D6-V6YP32DU-1071ONJE},07/20/2010 17:12:00,MBG3183,PC-3906,Logoff
logon,{D7F3-F1KW18IR-6270DUNS},07/21/2010 08:17:00,MBG3183,PC-3906,Logon
logon,{P2K4-Z0GL55VJ-1666APOL},07/21/2010 12:46:51,MBG3183,PC-3906,Logon
logon,{I1K9-G9XP84RL-1517TPHK},07/21/2010 17:14:00,MBG3183,PC-3906,Logoff
logon,{W0Y1-X1HR99SF-2886UURQ},07/22/2010 08:10:00,MBG3183,PC-3906,Logon
logon,{H1K4-L0HT25BR-0937ZCIW},07/22/2010 17:28:00,MBG3183,PC-3906,Logoff
logon,{H3B6-O4OX51DZ-7958QUUX},07/23/2010 08:18:00,MBG3183,PC-3906,Logon
logon,{F6Z6-G4DV23JI-7093KBEG},07/23/2010 12:31:54,MBG3183,PC-3906,Logon
logon,{S4V5-C2II31XI-9616FLBE},07/23/2010 17:22:00,MBG3183,PC-3906,Logoff
logon,{S4M3-U7WJ63IW-1276PLML},07/26/2010 08:16:00,MBG3183,PC-3906,Logon
logon,{B9B9-L1RU05OJ-4415JHLM},07/26/2010 13:03:08,MBG3183,PC-3906,Logon
logon,{G2N5-W9LY11CY-6136PJCJ},07/26/2010 17:26:00,MBG3183,PC-3906,Logoff
logon,{P9X6-F1OL69UP-0907NXXV},07/27/2010 08:15:00,MBG3183,PC-3906,Logon
logon,{L7F1-D1KH64XJ-5300SFCO},07/27/2010 13:47:11,MBG3183,PC-3906,Logon
logon,{K8G8-D1NN17RI-6502XMVT},07/27/2010 17:15:00,MBG3183,PC-3906,Logoff
logon,{P8C3-V2SO02OU-0032KEOB},07/28/2010 08:16:00,MBG3183,PC-3906,Logon
logon,{B1Z1-E9XE82RY-8442RCXF},07/28/2010 14:06:17,MBG3183,PC-3906,Logon
logon,{J7P8-U4RR27ZG-7001UZGP},07/28/2010 17:14:00,MBG3183,PC-3906,Logoff
logon,{T7R3-O5EB18EH-3371JZKA},07/29/2010 08:16:00,MBG3183,PC-3906,Logon
logon,{T7L7-M2ET33BC-0210DAOQ},07/29/2010 17:27:00,MBG3183,PC-3906,Logoff
logon,{K3F4-V3KI69ML-3503HOIA},07/30/2010 08:17:00,MBG3183,PC-3906,Logon
logon,{J0Q1-F7WF77NZ-8917UBZU},07/30/2010 11:29:18,MBG3183,PC-3906,Logon
logon,{H3B2-S8JL30RV-4153XEKN},07/30/2010 17:13:00,MBG3183,PC-3906,Logoff
logon,{Q3A0-X8AQ95XM-8320XEVA},08/02/2010 08:16:00,MBG3183,PC-3906,Logon
logon,{R2I0-U2IR39GO-1303TUMS},08/02/2010 17:12:00,MBG3183,PC-3906,Logoff
logon,{E9K1-V7LD25LU-5913IWXB},08/03/2010 08:15:00,MBG3183,PC-3906,Logon
logon,{H8U5-K4KE79AZ-8600OGYN},08/03/2010 13:09:21,MBG3183,PC-3906,Logon
logon,{F4M6-B4VI87SU-0765YAUC},08/03/2010 17:30:00,MBG3183,PC-3906,Logoff
logon,{U1E8-H8EB71PR-0016SXIA},08/04/2010 08:12:00,MBG3183,PC-3906,Logon
logon,{A9X7-L7UU16GX-8390FFJM},08/04/2010 17:20:00,MBG3183,PC-3906,Logoff
logon,{G9S0-Z6II18HO-1968DVAV},08/05/2010 08:18:00,MBG3183,PC-3906,Logon
logon,{K9F4-J4LC96LR-4792FUGR},08/05/2010 12:44:17,MBG3183,PC-3906,Logon
logon,{N9R3-T7PI47DZ-1662MUGI},08/05/2010 17:15:00,MBG3183,PC-3906,Logoff
logon,{R6T6-C3SP13XK-4943NOWA},08/06/2010 08:16:00,MBG3183,PC-3906,Logon
logon,{F2Z7-N7AF49LS-0954KOQU},08/06/2010 13:36:41,MBG3183,PC-3906,Logon
logon,{Z9O3-H3CH51OK-3118QPII},08/06/2010 17:14:00,MBG3183,PC-3906,Logoff
logon,{P5Z0-U2HD54AI-3963NDAT},08/09/2010 08:15:00,MBG3183,PC-3906,Logon
logon,{H9Z5-H1ZE28AJ-1512BDKG},08/09/2010 17:13:00,MBG3183,PC-3906,Logoff
logon,{Q0F5-K7DF83EC-7844YWIG},08/10/2010 08:15:00,MBG3183,PC-3906,Logon
logon,{Q0J0-P3DL99XE-8047GDYA},08/10/2010 12:18:51,MBG3183,PC-3906,Logon
logon,{E5G5-O4NA21AS-8191DLCV},08/10/2010 17:12:00,MBG3183,PC-3906,Logoff
logon,{X3E7-O4JC01KS-1749LCOP},08/11/2010 08:15:00,MBG3183,PC-3906,Logon
logon,{R0P5-J3RS40GL-1602JNZR},08/11/2010 13:38:53,MBG3183,PC-3906,Logon
logon,{C0U2-G9MZ93HX-2824QUAV},08/11/2010 17:12:00,MBG3183,PC-3906,Logoff
logon,{J0B4-K1FN14PR-2408ZCKT},08/12/2010 08:12:00,MBG3183,PC-3906,Logon
logon,{F2A0-T9IX32AN-6501IMUF},08/12/2010 13:11:16,MBG3183,PC-3906,Logon
logon,{N2S0-L4WD26JF-1618ZNRG},08/12/2010 17:02:01,MBG3183,PC-4709,Logon
logon,{I2A1-R5CM97DH-9802WAQZ},08/12/2010 17:05:55,MBG3183,PC-4709,Logoff
logon,{J2L4-Y1GM57UJ-4424WJPH},08/12/2010 17:15:00,MBG3183,PC-3906,Logoff
logon,{F3J1-V0ZK98FP-4706URQT},08/13/2010 08:16:00,MBG3183,PC-3906,Logon
logon,{M0Q6-J4JJ06YJ-7080VKMA},08/13/2010 12:59:29,MBG3183,PC-3906,Logon
logon,{Y3I4-B0ID96GG-7327CNLT},08/13/2010 17:17:00,MBG3183,PC-3906,Logoff
logon,{E9X5-F0GJ86GL-2175HZVN},08/16/2010 08:18:00,MBG3183,PC-3906,Logon
logon,{W5K2-E1BD82CN-9019HVQL},08/16/2010 17:15:00,MBG3183,PC-3906,Logoff
logon,{Z9Y6-W7UT93SM-8719MNQD},08/17/2010 08:15:00,MBG3183,PC-3906,Logon
logon,{E7T3-J4RP78FV-9916CNRX},08/17/2010 13:35:00,MBG3183,PC-3906,Logon
logon,{G4O5-N6UE42KP-0311BUKX},08/17/2010 17:12:00,MBG3183,PC-3906,Logoff
logon,{Q1P4-R0KP29ZX-4357CEYS},08/18/2010 08:12:00,MBG3183,PC-3906,Logon
logon,{S9H1-W6YI18MK-9114EHBI},08/18/2010 16:53:32,MBG3183,PC-5586,Logon
logon,{R9M8-W9OC66LL-1411TFOO},08/18/2010 17:18:29,MBG3183,PC-5586,Logoff
logon,{K4I7-Q3FI75UD-2037PHMW},08/18/2010 17:24:00,MBG3183,PC-3906,Logoff
logon,{H5B1-T8UT52YO-9919CIKZ},08/19/2010 08:06:00,MBG3183,PC-3906,Logon
logon,{J8H8-T7GY73NF-8730OJXU},08/19/2010 17:29:00,MBG3183,PC-3906,Logoff
logon,{B9A9-B6LP96AF-2862VQEU},08/20/2010 08:16:00,MBG3183,PC-3906,Logon
logon,{Z5Q7-U2HD06MC-5670OBAP},08/20/2010 12:44:48,MBG3183,PC-3906,Logon
logon,{K7A6-E1GL57QR-8227IIAM},08/20/2010 17:14:00,MBG3183,PC-3906,Logoff
logon,{I0E8-U7RL44CN-8059IAMJ},08/23/2010 08:13:00,MBG3183,PC-3906,Logon
logon,{K0D9-G4SH89YP-2253ZDJP},08/23/2010 17:28:00,MBG3183,PC-3906,Logoff
logon,{D3D7-X2OO03DY-2127SUQG},08/24/2010 08:17:00,MBG3183,PC-3906,Logon
logon,{K7G9-T6FZ73SP-2636KEJD},08/24/2010 13:59:36,MBG3183,PC-3906,Logon
logon,{P5X5-V8VC44SB-1058SSGX},08/24/2010 17:15:00,MBG3183,PC-3906,Logoff
logon,{P1S7-J7AT66UK-1311PHWV},08/25/2010 08:17:00,MBG3183,PC-3906,Logon
logon,{B4I9-E7YH99EY-1837PVVS},08/25/2010 14:11:24,MBG3183,PC-3906,Logon
logon,{T4Z9-I5MI37NU-4396RNHC},08/25/2010 17:16:00,MBG3183,PC-3906,Logoff
logon,{Z8F8-W7EZ98LW-8818FOLM},08/26/2010 08:18:00,MBG3183,PC-3906,Logon
logon,{Q5P6-V6CP54RC-0590XWWJ},08/26/2010 13:27:12,MBG3183,PC-3906,Logon
logon,{T3E7-R3CV79YH-9809OPYS},08/26/2010 17:15:00,MBG3183,PC-3906,Logoff
logon,{N5I9-I7ML03TT-2279JZBQ},08/27/2010 08:16:00,MBG3183,PC-3906,Logon
logon,{B0S6-E0WN79YF-7370FZIB},08/27/2010 14:04:55,MBG3183,PC-3906,Logon
logon,{S8A4-F2CA84WO-3408QRUK},08/27/2010 17:12:00,MBG3183,PC-3906,Logoff
logon,{I8L3-U3NI51EB-9307HBFD},08/30/2010 08:39:00,MBG3183,PC-3906,Logon
logon,{L0V2-J7KH00ZF-3428BREA},08/30/2010 13:51:20,MBG3183,PC-3906,Logon
logon,{M9I7-P1WW36RG-6862LVEX},08/30/2010 16:52:00,MBG3183,PC-3906,Logoff
logon,{H9P9-I0QF31LI-1535NELN},08/31/2010 08:18:00,MBG3183,PC-3906,Logon
logon,{U1W7-A7YN63TF-8820FLQR},08/31/2010 13:35:03,MBG3183,PC-3906,Logon
logon,{X7K0-D1RA15HA-0333UFTL},08/31/2010 17:13:00,MBG3183,PC-3906,Logoff
logon,{G1J1-L5GB91EE-3549XWRJ},09/01/2010 08:33:00,MBG3183,PC-3906,Logon
logon,{W0D8-T4TW45MP-2660FRBH},09/01/2010 14:23:57,MBG3183,PC-3906,Logon
logon,{W7H7-B9OB18WJ-6854TPBI},09/01/2010 17:10:00,MBG3183,PC-3906,Logoff
logon,{U9B0-T5KZ43ZZ-1713IFRL},09/02/2010 08:04:00,MBG3183,PC-3906,Logon
logon,{S2X7-U9BW28ON-3629TTBN},09/02/2010 12:51:33,MBG3183,PC-3906,Logon
logon,{S6M5-Q4BI14ML-8006ASVB},09/02/2010 17:13:00,MBG3183,PC-3906,Logoff
logon,{M5Q8-V3UF54IN-8647IJJZ},09/03/2010 08:16:00,MBG3183,PC-3906,Logon
logon,{W8G8-Q6OK12CS-0234BTKR},09/03/2010 14:07:46,MBG3183,PC-3906,Logon
logon,{U9N4-Z2FP49NS-6828OJYN},09/03/2010 17:18:00,MBG3183,PC-3906,Logoff
logon,{B3Q5-F8KB23EU-0075BYYG},09/07/2010 08:11:00,MBG3183,PC-3906,Logon
logon,{A5O3-L5SH59UK-6435PYXO},09/07/2010 17:07:00,MBG3183,PC-3906,Logoff
logon,{M5H5-P2UR53DS-5434PORB},09/08/2010 08:37:00,MBG3183,PC-3906,Logon
logon,{X7N0-B2WP54MY-1436ECTK},09/08/2010 14:09:44,MBG3183,PC-3906,Logon
logon,{Z7H1-E8RP03IA-0258SDYW},09/08/2010 17:18:00,MBG3183,PC-3906,Logoff
logon,{G0Y1-O4SL86KY-5005QJOY},09/09/2010 08:22:00,MBG3183,PC-3906,Logon
logon,{C3R0-A3FB19ZM-1754OEFI},09/09/2010 14:10:14,MBG3183,PC-3906,Logon
logon,{M7R1-K6MT11YY-5328CPYR},09/09/2010 17:28:00,MBG3183,PC-3906,Logoff
logon,{G0R9-U6TX21BA-5620EKZF},09/10/2010 08:37:00,MBG3183,PC-3906,Logon
logon,{H3K5-S3NZ88FL-0111RELE},09/10/2010 12:02:12,MBG3183,PC-3906,Logon
logon,{S1B5-K3RD07PG-9564XUCV},09/10/2010 17:13:00,MBG3183,PC-3906,Logoff
logon,{Z1Z3-S3BK54MS-8664IXBJ},09/13/2010 08:12:00,MBG3183,PC-3906,Logon
logon,{N0N2-D5GT31NS-4899KQUT},09/13/2010 17:23:00,MBG3183,PC-3906,Logoff
logon,{K1M5-P9MX66PD-8507BCJI},09/14/2010 08:10:00,MBG3183,PC-3906,Logon
logon,{F3P1-R7GP50MP-8188MIZI},09/14/2010 17:30:00,MBG3183,PC-3906,Logoff
logon,{V9F9-V8WA77TZ-1947LNQG},09/15/2010 08:09:00,MBG3183,PC-3906,Logon
logon,{I3Y0-N9BZ51QM-3143JZXW},09/15/2010 17:29:00,MBG3183,PC-3906,Logoff
logon,{L2T5-G4DK11UK-3763OFCC},09/16/2010 08:17:00,MBG3183,PC-3906,Logon
logon,{A8X7-T7SK86ON-2218XTYM},09/16/2010 12:31:34,MBG3183,PC-3906,Logon
logon,{M6X7-G2QA98OX-6977HEBM},09/16/2010 17:15:00,MBG3183,PC-3906,Logoff
logon,{S5L6-G9DT25AF-0617XRCV},09/17/2010 08:07:00,MBG3183,PC-3906,Logon
logon,{L1D9-G4PN10IO-6807PWVW},09/17/2010 11:33:14,MBG3183,PC-3906,Logon
logon,{U0Z3-C1ST08SV-0429LTWZ},09/17/2010 17:15:00,MBG3183,PC-3906,Logoff
logon,{Z4K3-U8UI48IY-3764OITE},09/20/2010 08:11:00,MBG3183,PC-3906,Logon
logon,{A7R5-S2WV93VQ-8248LRZP},09/20/2010 11:02:27,MBG3183,PC-3906,Logon
logon,{S5C2-D6AS34TH-2337RNYM},09/20/2010 17:15:00,MBG3183,PC-3906,Logoff
logon,{E4X8-L3JD72IO-8177VEUX},09/21/2010 08:06:00,MBG3183,PC-3906,Logon
logon,{X1G6-V8NL25OK-0964DEMU},09/21/2010 13:18:37,MBG3183,PC-3906,Logon
logon,{H1M7-V2GG27LF-7099XXST},09/21/2010 17:24:00,MBG3183,PC-3906,Logoff
logon,{K1R1-Q2DG67XO-7084JQRC},09/22/2010 08:13:00,MBG3183,PC-3906,Logon
logon,{V1K8-W5KK62AB-8651FGUV},09/22/2010 11:31:25,MBG3183,PC-3906,Logon
logon,{L8G0-V8LJ26UB-3406AUUM},09/22/2010 17:15:00,MBG3183,PC-3906,Logoff
logon,{T5H8-V7ZQ12BZ-9738SEOP},09/23/2010 08:17:00,MBG3183,PC-3906,Logon
logon,{F0J8-Z0YU18OL-7025SYBC},09/23/2010 12:01:30,MBG3183,PC-3906,Logon
logon,{Z7J6-C5TD90ZB-6503NTDR},09/23/2010 17:13:00,MBG3183,PC-3906,Logoff
logon,{M2I9-G0IL73GD-3861NEZT},09/24/2010 08:17:00,MBG3183,PC-3906,Logon
logon,{H1F5-D7XP71XE-9338VOLH},09/24/2010 13:43:48,MBG3183,PC-3906,Logon
logon,{A0I8-W4IS08WW-4013QULA},09/24/2010 17:14:00,MBG3183,PC-3906,Logoff
logon,{M5A5-O1EK34UQ-4543CNRF},09/27/2010 08:16:00,MBG3183,PC-3906,Logon
logon,{S1Z0-W0CY51RP-0433KBBK},09/27/2010 12:09:30,MBG3183,PC-3906,Logon
logon,{G2H4-S7YO93UZ-0305XNFJ},09/27/2010 17:15:00,MBG3183,PC-3906,Logoff
logon,{W3R3-G0JB80SN-5568FJVK},09/28/2010 08:01:00,MBG3183,PC-3906,Logon
logon,{C0U5-B8YS27BR-0703HXFG},09/28/2010 10:20:09,MBG3183,PC-3906,Logon
logon,{B9W5-N1LO78TM-9241OWLM},09/28/2010 17:29:00,MBG3183,PC-3906,Logoff
logon,{G4G8-L8PX46GG-1605IPKF},09/29/2010 08:05:00,MBG3183,PC-3906,Logon
logon,{W8A5-Z4OP82XR-1924TFBK},09/29/2010 17:24:00,MBG3183,PC-3906,Logoff
logon,{H8I0-B3FJ07SP-2658WWUG},09/30/2010 08:03:00,MBG3183,PC-3906,Logon
logon,{M2B0-C1IQ75GC-7525FDXQ},09/30/2010 13:43:45,MBG3183,PC-3906,Logon
logon,{U4A8-J0VX97AR-3758ILHY},09/30/2010 17:28:00,MBG3183,PC-3906,Logoff
logon,{Z4F5-L3WW90DJ-0551YMHI},10/01/2010 08:07:00,MBG3183,PC-3906,Logon
logon,{U7O9-R2IA88RK-7710EZYO},10/01/2010 17:25:00,MBG3183,PC-3906,Logoff
logon,{X9E8-V7NH97FD-5448NFMY},10/04/2010 08:15:00,MBG3183,PC-3906,Logon
logon,{A5P5-O1NU98OK-9808GCAI},10/04/2010 11:39:23,MBG3183,PC-3906,Logon
logon,{Y2Y4-Y0KO61SY-6079ZLUQ},10/04/2010 17:12:00,MBG3183,PC-3906,Logoff
logon,{D5D1-B5PK15RI-4918COTT},10/05/2010 08:14:00,MBG3183,PC-3906,Logon
logon,{J2X3-M0HI75CI-8454FCAU},10/05/2010 12:23:59,MBG3183,PC-3906,Logon
logon,{V6M9-R4NT01QD-2906PHSK},10/05/2010 17:17:00,MBG3183,PC-3906,Logoff
logon,{Z9Z5-S1SN00AH-9182KKUQ},10/06/2010 08:32:00,MBG3183,PC-3906,Logon
logon,{K9W0-T1ML05ZC-2830SMTH},10/06/2010 12:11:41,MBG3183,PC-3906,Logon
logon,{Q7R6-L8AN89EF-4315XQOA},10/06/2010 17:08:00,MBG3183,PC-3906,Logoff
logon,{J3C2-A4BX78RR-1135LYMP},10/07/2010 08:10:00,MBG3183,PC-3906,Logon
logon,{W0A9-C6BA56NU-8257APYZ},10/07/2010 17:25:00,MBG3183,PC-3906,Logoff
logon,{B5Q6-Q9WK08MF-7163UKAG},10/08/2010 08:39:00,MBG3183,PC-3906,Logon
logon,{E8J9-C3IJ67MA-2783CNVS},10/08/2010 12:46:27,MBG3183,PC-3906,Logon
logon,{X8O5-W8OO49BC-0719IULX},10/08/2010 16:27:00,MBG3183,PC-3906,Logoff
logon,{C8V7-U8EX28YM-1693VRJC},10/11/2010 08:46:00,MBG3183,PC-3906,Logon
logon,{Z6Q3-T6HG23HA-7816GRZQ},10/11/2010 12:51:06,MBG3183,PC-3906,Logon
logon,{W0G5-L3ER93YZ-1284JXUP},10/11/2010 16:32:00,MBG3183,PC-3906,Logoff
logon,{G0P6-F9IY98EX-5702OSQZ},10/12/2010 08:53:00,MBG3183,PC-3906,Logon
logon,{U3T3-D7TP86TY-8771MUPI},10/12/2010 13:14:27,MBG3183,PC-3906,Logon
logon,{T7V9-G7GB25AN-8590VCEQ},10/12/2010 16:34:00,MBG3183,PC-3906,Logoff
logon,{Q0M3-M9XE46HV-0510TGOK},10/13/2010 09:00:00,MBG3183,PC-3906,Logon
logon,{B1Q1-T6GV05XJ-8739CQTI},10/13/2010 16:21:01,MBG3183,PC-1749,Logon
logon,{H5Z8-E6PI20PU-1586IFXX},10/13/2010 16:24:52,MBG3183,PC-1749,Logoff
logon,{W0Q4-B9FT70XJ-6091XWQL},10/13/2010 17:07:00,MBG3183,PC-3906,Logoff
logon,{A0H1-L1IM14PI-8973LXQA},10/14/2010 08:14:00,MBG3183,PC-3906,Logon
logon,{G6A2-U3RE71BV-3281YQSC},10/14/2010 13:41:42,MBG3183,PC-3906,Logon
logon,{N9N8-Q6EG55YT-0689KQBF},10/14/2010 17:21:00,MBG3183,PC-3906,Logoff
logon,{I9D7-O7WW48GR-4533BUYK},10/15/2010 08:22:00,MBG3183,PC-3906,Logon
logon,{T6Q9-G9LP14VO-3616ABNE},10/15/2010 11:19:15,MBG3183,PC-3906,Logon
logon,{E0V8-L6FG28JU-0960LTQB},10/15/2010 16:37:00,MBG3183,PC-3906,Logoff
logon,{S7K6-I6NL94MG-5030JKSK},10/18/2010 08:12:00,MBG3183,PC-3906,Logon
logon,{M1U7-S4OJ42GS-1406RZYN},10/18/2010 14:06:43,MBG3183,PC-3906,Logon
logon,{Z1M3-K2AD73OY-7217ROJK},10/18/2010 17:22:00,MBG3183,PC-3906,Logoff
logon,{R5D7-P4YE88RX-1113QZWA},10/19/2010 08:14:00,MBG3183,PC-3906,Logon
logon,{F8D6-D0KN85QS-8487IOTU},10/19/2010 17:26:00,MBG3183,PC-3906,Logoff
logon,{T6X5-Y5YH49AL-5593PIWN},10/20/2010 08:56:00,MBG3183,PC-3906,Logon
logon,{D3D9-X5VJ09ZA-2207AQMS},10/20/2010 17:25:00,MBG3183,PC-3906,Logoff
logon,{T4A0-C6AJ99CE-0209TSSZ},10/21/2010 08:47:00,MBG3183,PC-3906,Logon
logon,{L6V1-A7EB78OW-1326HQVG},10/21/2010 14:45:28,MBG3183,PC-3906,Logon
logon,{A2X7-Q8CB42GS-5694DVGI},10/21/2010 17:15:00,MBG3183,PC-3906,Logoff
logon,{B5B9-Q3DM95RE-8210GGIR},10/22/2010 08:36:00,MBG3183,PC-3906,Logon
logon,{P2Z6-K0UA92AN-9980VLJO},10/22/2010 14:33:05,MBG3183,PC-3906,Logon
logon,{R5A9-S3KU63KR-3306EFLX},10/22/2010 16:33:00,MBG3183,PC-3906,Logoff
logon,{V4Y0-D3IO84OJ-1530MXTA},10/25/2010 08:23:00,MBG3183,PC-3906,Logon
logon,{F9D6-R0GU88BD-7710BGUX},10/25/2010 12:22:00,MBG3183,PC-3906,Logon
logon,{V4I9-Q3YA96RK-7419WATW},10/25/2010 17:08:00,MBG3183,PC-3906,Logoff
logon,{D9U3-G6FP18AL-4266DDRZ},10/26/2010 08:07:00,MBG3183,PC-3906,Logon
logon,{Q4V4-P2OW83NO-0103LSDF},10/26/2010 13:44:04,MBG3183,PC-3906,Logon
logon,{O0X1-Q4SN14ZE-6710ENCG},10/26/2010 17:18:00,MBG3183,PC-3906,Logoff
logon,{Q2X4-W0VB58PH-9798RAZJ},10/27/2010 08:22:00,MBG3183,PC-3906,Logon
logon,{U8H5-E7HW70UU-9970DWUN},10/27/2010 17:16:00,MBG3183,PC-3906,Logoff
logon,{I2I9-M3QD95DT-6375GZZP},10/28/2010 08:02:00,MBG3183,PC-3906,Logon
logon,{H2B1-H3QY88DB-4816NTZA},10/28/2010 12:12:16,MBG3183,PC-3906,Logon
logon,{E0S3-Q4FH18DY-2385LKWN},10/28/2010 17:24:00,MBG3183,PC-3906,Logoff
logon,{N8B6-B6QP60SI-6853KOSE},10/29/2010 08:01:00,MBG3183,PC-3906,Logon
logon,{K5N2-Y4GC21WY-9021LWBO},10/29/2010 13:39:40,MBG3183,PC-3906,Logon
logon,{R6U4-H8HO54ST-4762FTRH},10/29/2010 17:16:00,MBG3183,PC-3906,Logoff
logon,{M6X6-C0BB98ST-8872NUDL},11/01/2010 08:36:00,MBG3183,PC-3906,Logon
logon,{E1F2-F9FI52SU-0790TYVV},11/01/2010 14:05:43,MBG3183,PC-3906,Logon
logon,{E0Q0-Q0BW95YL-9879QKYT},11/01/2010 17:07:00,MBG3183,PC-3906,Logoff
logon,{V7I8-R7WQ27RZ-6660KICM},11/02/2010 08:03:00,MBG3183,PC-3906,Logon
logon,{T6N4-E7JA18CA-1338QYUH},11/02/2010 11:24:45,MBG3183,PC-3906,Logon
logon,{R0K4-Y7IH19CZ-5510ENRM},11/02/2010 17:18:00,MBG3183,PC-3906,Logoff
logon,{W9B0-H6DE15NE-8124YHSX},11/03/2010 08:47:00,MBG3183,PC-3906,Logon
logon,{P2N5-Q3PT65JP-0866QBHH},11/03/2010 17:04:00,MBG3183,PC-3906,Logoff
logon,{I3M4-K1ZI80SE-0774ZIRH},11/04/2010 09:08:00,MBG3183,PC-3906,Logon
logon,{N6M5-J8LX49BN-0354ABJR},11/04/2010 12:05:46,MBG3183,PC-3906,Logon
logon,{Y6G4-Z2EL63UI-9818WKDU},11/04/2010 16:53:00,MBG3183,PC-3906,Logoff
logon,{J5A6-S6WK11DX-1096TZDA},11/05/2010 08:02:00,MBG3183,PC-3906,Logon
logon,{F9J2-H2MO02JV-1384YFUP},11/05/2010 13:40:51,MBG3183,PC-3906,Logon
logon,{G9J0-Y2CG40RY-0550DTGL},11/05/2010 17:29:00,MBG3183,PC-3906,Logoff
logon,{R6U5-D3EV74PP-9229ZQXJ},11/08/2010 08:14:00,MBG3183,PC-3906,Logon
logon,{B2E0-U4HU20ZQ-4013WUWM},11/08/2010 17:12:00,MBG3183,PC-3906,Logoff
logon,{P5C4-Y7NG78EM-7345VADD},11/09/2010 09:07:00,MBG3183,PC-3906,Logon
logon,{Z4B3-M4JU03VA-0240BKKT},11/09/2010 14:33:50,MBG3183,PC-3906,Logon
logon,{V9Q0-X8GJ08DI-4305UITL},11/09/2010 16:42:00,MBG3183,PC-3906,Logoff
logon,{A9J1-U9LN03FX-7108TJSB},11/10/2010 08:14:00,MBG3183,PC-3906,Logon
logon,{U3U9-B4SM78PA-3514FPPB},11/10/2010 16:30:00,MBG3183,PC-3906,Logoff
logon,{P5X4-Z6IM99EI-4202EZAU},11/11/2010 08:02:00,MBG3183,PC-3906,Logon
logon,{M3I1-W0UA79MJ-9566OBGY},11/11/2010 11:40:17,MBG3183,PC-3906,Logon
logon,{G4B2-L6GD67LL-9330DSDN},11/11/2010 16:23:00,MBG3183,PC-3906,Logoff
logon,{I5J6-Z3VD60BJ-8979BYBZ},11/12/2010 08:13:00,MBG3183,PC-3906,Logon
logon,{U0Z6-W8TE48DR-7946PGDL},11/12/2010 08:14:01,MBG3183,PC-0458,Logon
logon,{Z0L9-F7DX62EO-4014SOMF},11/12/2010 08:25:58,MBG3183,PC-0458,Logoff
logon,{L3X8-C4EI70IB-1213DAIY},11/12/2010 17:00:00,MBG3183,PC-3906,Logoff
logon,{Y5W0-A1TW69MA-4314IBUK},11/15/2010 08:14:00,MBG3183,PC-3906,Logon
logon,{L2D8-O4NI62BB-0502PGUN},11/15/2010 12:42:48,MBG3183,PC-3906,Logon
logon,{U6T1-O3OL07CK-0142KWPA},11/15/2010 15:57:36,MBG3183,PC-7717,Logon
logon,{T4O9-W6CB87RL-4404SRJH},11/15/2010 16:33:20,MBG3183,PC-7717,Logoff
logon,{T1N0-I5UB95RW-1260NTSA},11/15/2010 17:30:00,MBG3183,PC-3906,Logoff
logon,{K8M9-F4TQ02ZN-0586SGWX},11/16/2010 08:15:00,MBG3183,PC-3906,Logon
logon,{Y4D0-X6VQ88KP-1652KEHP},11/16/2010 12:16:13,MBG3183,PC-3906,Logon
logon,{A8L6-H5MI13TJ-0377OGEQ},11/16/2010 17:16:00,MBG3183,PC-3906,Logoff
logon,{D7V9-T2AF26AQ-5453DEBL},11/17/2010 08:37:00,MBG3183,PC-3906,Logon
logon,{B0K4-I3GO42OA-7838ZTTY},11/17/2010 17:18:00,MBG3183,PC-3906,Logoff
logon,{A9J9-Q4OT90RP-0027FKFN},11/18/2010 08:08:00,MBG3183,PC-3906,Logon
logon,{N7R7-D7IN60GP-4001FAVL},11/18/2010 12:23:38,MBG3183,PC-3906,Logon
logon,{H7O7-H7HS28LY-0305HWLF},11/18/2010 16:00:36,MBG3183,PC-2177,Logon
logon,{O2R6-V5HH90RF-3838ZWPK},11/18/2010 16:11:22,MBG3183,PC-2177,Logoff
logon,{D9D6-Z9HZ79EC-8374QOYW},11/18/2010 16:43:00,MBG3183,PC-3906,Logoff
logon,{M8U1-W6UB62GW-9185KQKB},11/19/2010 08:20:00,MBG3183,PC-3906,Logon
logon,{H8N4-D4KO72OV-6580HQNF},11/19/2010 14:15:46,MBG3183,PC-3906,Logon
logon,{X4S6-F8DF96GF-7925DTVU},11/19/2010 16:37:00,MBG3183,PC-3906,Logoff
logon,{M1C1-T1OQ57AT-1210SLPV},11/22/2010 08:06:00,MBG3183,PC-3906,Logon
logon,{Q7E9-C2YO12KF-6973KPZN},11/22/2010 11:55:10,MBG3183,PC-3906,Logon
logon,{S2J1-P0QV86EL-8002QXCF},11/22/2010 16:19:17,MBG3183,PC-0884,Logon
logon,{D8D6-X4IO08QY-4979TGGZ},11/22/2010 16:28:56,MBG3183,PC-0884,Logoff
logon,{G8Y6-N3HD50ND-0401KBHW},11/22/2010 17:30:00,MBG3183,PC-3906,Logoff
logon,{R8J6-S2FM17QU-2322ENZC},11/23/2010 08:08:00,MBG3183,PC-3906,Logon
logon,{D3P5-X7TS01LU-6956TIJE},11/23/2010 08:09:00,MBG3183,PC-3708,Logon
logon,{J6J3-E2PX92EL-5483MCPR},11/23/2010 08:10:00,MBG3183,PC-3708,Logoff
logon,{J1H9-D6NW65BT-6683OVYF},11/23/2010 17:20:00,MBG3183,PC-3906,Logoff
logon,{H9X8-M3NO85JI-9905XDXL},11/24/2010 08:09:00,MBG3183,PC-3906,Logon
logon,{V3H8-K1QK76TJ-5779AEUE},11/24/2010 12:50:53,MBG3183,PC-3906,Logon
logon,{V0S2-Q7FN40OG-2480CYLX},11/24/2010 17:29:00,MBG3183,PC-3906,Logoff
logon,{F1Y8-G5TE24TJ-8129AQKH},11/29/2010 08:19:00,MBG3183,PC-3906,Logon
logon,{N5U8-P4CB72WY-7991LMZO},11/29/2010 16:44:00,MBG3183,PC-3906,Logoff
logon,{N7Z9-Z0PE63AW-5657SOGQ},11/30/2010 08:19:00,MBG3183,PC-3906,Logon
logon,{Z6I9-J0AO58EL-9413VWTZ},11/30/2010 12:40:49,MBG3183,PC-3906,Logon
logon,{B6Q6-F8CM99DN-9824YDXK},11/30/2010 17:09:00,MBG3183,PC-3906,Logoff
logon,{R4M6-P4RQ01NR-9791CFWS},12/01/2010 08:16:00,MBG3183,PC-3906,Logon
logon,{W1N4-L4AG96CK-3519MWJL},12/01/2010 11:17:45,MBG3183,PC-3906,Logon
logon,{O8A4-I5ZT15YY-8020QRGI},12/01/2010 16:49:00,MBG3183,PC-3906,Logoff
logon,{P9C0-X4FI89NE-8395CTWB},12/02/2010 08:40:00,MBG3183,PC-3906,Logon
logon,{Y7A1-O5JV02FT-2202ZWTB},12/02/2010 11:55:21,MBG3183,PC-3906,Logon
logon,{T6A6-P2KL84IH-5885XJZX},12/02/2010 17:27:00,MBG3183,PC-3906,Logoff
logon,{C6B7-T3LM30IC-0559NEXW},12/03/2010 08:02:00,MBG3183,PC-3906,Logon
logon,{F6J3-X6QS99DL-7342DWXQ},12/03/2010 11:13:05,MBG3183,PC-3906,Logon
logon,{L5C6-H7TL03OA-8957HQBA},12/03/2010 17:18:00,MBG3183,PC-3906,Logoff
logon,{W0U9-Z9OG51YX-3012FRXZ},12/06/2010 08:07:00,MBG3183,PC-3906,Logon
logon,{D1X9-Y7DN11WX-4068RTRP},12/06/2010 17:27:00,MBG3183,PC-3906,Logoff
logon,{X2R7-I2YX62XU-6541VRDU},12/07/2010 08:44:00,MBG3183,PC-3906,Logon
logon,{R2B7-O2RO14YC-4209CFIL},12/07/2010 13:14:26,MBG3183,PC-3906,Logon
logon,{H6D1-J8HO47RS-0487RLCA},12/07/2010 17:29:00,MBG3183,PC-3906,Logoff
logon,{L2U4-H3UQ17PF-4505ZPTF},12/08/2010 08:05:00,MBG3183,PC-3906,Logon
logon,{D2G3-W6GQ80OZ-2607ZLFB},12/08/2010 12:01:01,MBG3183,PC-3906,Logon
logon,{A0A2-M5RV10VO-5492IFJS},12/08/2010 17:15:00,MBG3183,PC-3906,Logoff
logon,{J9G4-K6FF28AA-6060QSKG},12/09/2010 08:40:00,MBG3183,PC-3906,Logon
logon,{N6H9-S5EP31LF-4950ZXKO},12/09/2010 12:08:48,MBG3183,PC-7052,Logon
logon,{D7E4-R9CQ83EC-5131KPCQ},12/09/2010 12:21:28,MBG3183,PC-7052,Logoff
logon,{D3K6-L2DR20MM-1940MYDE},12/09/2010 16:52:00,MBG3183,PC-3906,Logoff
logon,{W1O7-E6GH87HZ-1600HRDM},12/10/2010 08:00:00,MBG3183,PC-3906,Logon
logon,{C3F2-B8SY04PP-3059VIZA},12/10/2010 11:14:04,MBG3183,PC-3906,Logon
logon,{Y6X8-M2QY26CE-7176DSCM},12/10/2010 16:40:00,MBG3183,PC-3906,Logoff
logon,{W7O0-Q4ZH64IW-3353LMEJ},12/13/2010 08:14:00,MBG3183,PC-3906,Logon
logon,{W5W9-N9RH55UG-6011WHKG},12/13/2010 17:22:00,MBG3183,PC-3906,Logoff
logon,{S0P3-Y2UY88RU-3892XAGV},12/14/2010 08:05:00,MBG3183,PC-3906,Logon
logon,{R4E0-W1PQ29DE-4817LXSF},12/14/2010 13:39:20,MBG3183,PC-3906,Logon
logon,{Z3M3-S0MH28XF-4340MKZK},12/14/2010 17:29:00,MBG3183,PC-3906,Logoff
logon,{B2D7-O0YO14GD-0210VFBC},12/15/2010 08:38:00,MBG3183,PC-3906,Logon
logon,{E8P3-K3PM61KH-6912ENVH},12/15/2010 12:42:51,MBG3183,PC-3906,Logon
logon,{C1G9-V1RK04XY-8481ONFZ},12/15/2010 16:51:00,MBG3183,PC-3906,Logoff
logon,{K9J1-E8LQ96LM-6067TEXE},12/16/2010 08:50:00,MBG3183,PC-3906,Logon
logon,{N5I5-S8ES22QQ-9124KOGB},12/16/2010 13:27:48,MBG3183,PC-3906,Logon
logon,{M8X9-W4OQ86VE-2083MLNK},12/16/2010 16:31:00,MBG3183,PC-3906,Logoff
logon,{C2A7-C4JL39SZ-0066VIWO},12/17/2010 08:40:00,MBG3183,PC-3906,Logon
logon,{F0P8-O1BX28EZ-2461BJDS},12/17/2010 13:48:56,MBG3183,PC-3906,Logon
logon,{N3B2-S9KX79HU-5121VWUM},12/17/2010 17:08:00,MBG3183,PC-3906,Logoff
logon,{Q3D0-C9VR34JT-1610QQMB},12/20/2010 08:05:00,MBG3183,PC-3906,Logon
logon,{K7E4-W4AK25CM-6106ZSQW},12/20/2010 17:23:00,MBG3183,PC-3906,Logoff
logon,{Q9M2-V8NB10SJ-0421OFTN},12/21/2010 08:10:00,MBG3183,PC-3906,Logon
logon,{T7I6-M4UY94FO-7704EPKE},12/21/2010 11:37:17,MBG3183,PC-3906,Logon
logon,{O8I3-U7PQ87JB-1300SHLB},12/21/2010 16:34:00,MBG3183,PC-3906,Logoff
logon,{O1R0-Z0DR93EO-9045MRBD},12/22/2010 08:39:00,MBG3183,PC-3906,Logon
logon,{G3I6-B7MZ12OS-6906GCGO},12/22/2010 11:22:18,MBG3183,PC-3906,Logon
logon,{X4R3-L8GW85WP-3128RZRD},12/22/2010 17:13:00,MBG3183,PC-3906,Logoff
logon,{R0S5-X6MB27JM-3811BLBJ},12/27/2010 08:41:00,MBG3183,PC-3906,Logon
logon,{H3P2-R2NJ50BR-7503DSHQ},12/27/2010 14:17:09,MBG3183,PC-3906,Logon
logon,{Z1L6-A9DI95CJ-6253GBDM},12/27/2010 16:36:00,MBG3183,PC-3906,Logoff
logon,{Y4G8-I9FW74BN-8213IUPB},12/28/2010 08:03:00,MBG3183,PC-3906,Logon
logon,{N8M3-Q9BG11AH-1886IPTV},12/28/2010 17:22:00,MBG3183,PC-3906,Logoff
logon,{N2Y8-W6YJ74NX-3217XGTP},12/29/2010 09:04:00,MBG3183,PC-3906,Logon
logon,{S4H6-I2MW57NY-6671WBFD},12/29/2010 12:39:46,MBG3183,PC-3906,Logon
logon,{T6S3-E4KH54GY-1984TMST},12/29/2010 16:28:00,MBG3183,PC-3906,Logoff
logon,{F8R8-D9JL52SG-3034TXEB},12/30/2010 08:34:00,MBG3183,PC-3906,Logon
logon,{A5O9-K6WW23NP-2608DDHA},12/30/2010 11:47:26,MBG3183,PC-3906,Logon
logon,{C4N1-S4FZ38UY-3062TYHK},12/30/2010 16:55:00,MBG3183,PC-3906,Logoff
logon,{X7G0-F0VY98HO-4138YTNT},01/03/2011 08:00:00,MBG3183,PC-3906,Logon
logon,{N8G6-D6OE82QT-9158IXVR},01/03/2011 17:27:00,MBG3183,PC-3906,Logoff
logon,{T6E7-S3GM08OS-8684WKDT},01/04/2011 09:08:00,MBG3183,PC-3906,Logon
logon,{Z5S2-S8TR08GA-2629ZBYN},01/04/2011 14:26:30,MBG3183,PC-3906,Logon
logon,{U3T1-M7BM78ME-0923LBOC},01/04/2011 16:26:00,MBG3183,PC-3906,Logoff
logon,{V1D0-C4IM52NY-8507BXKO},01/05/2011 08:25:00,MBG3183,PC-3906,Logon
logon,{G4T7-J0WS54DV-1765HGYZ},01/05/2011 11:51:30,MBG3183,PC-3906,Logon
logon,{L4L7-S7BC30EV-7663KLZD},01/05/2011 17:07:00,MBG3183,PC-3906,Logoff
logon,{B0O2-W7GB26NF-2001EYEU},01/06/2011 08:40:00,MBG3183,PC-3906,Logon
logon,{X6P6-I9LH43QE-2902PJXJ},01/06/2011 11:30:59,MBG3183,PC-3906,Logon
logon,{X6Y6-H8OB12WO-9962VNNG},01/06/2011 17:02:00,MBG3183,PC-3906,Logoff
logon,{Z0D7-U9CH26VM-5658MNNE},01/07/2011 08:12:00,MBG3183,PC-3906,Logon
logon,{U3E5-O5HU35QR-5135RRRU},01/07/2011 13:00:04,MBG3183,PC-3906,Logon
logon,{G0E6-O7QS53PZ-6521CAHG},01/07/2011 17:19:00,MBG3183,PC-3906,Logoff
logon,{C9H6-H4OX02JM-8034XFVD},01/10/2011 09:05:00,MBG3183,PC-3906,Logon
logon,{B8V8-I6KC77SA-7758JSXD},01/10/2011 13:19:16,MBG3183,PC-3906,Logon
logon,{R8G3-K4FR27AD-9256PMTY},01/10/2011 16:37:00,MBG3183,PC-3906,Logoff
logon,{P6J7-T5HS03YA-9725PLYD},01/11/2011 08:47:00,MBG3183,PC-3906,Logon
logon,{P4E8-C2QU88SX-4407MBAB},01/11/2011 14:21:53,MBG3183,PC-3906,Logon
logon,{D8T7-I1AV57ZU-2774CZKX},01/11/2011 16:45:00,MBG3183,PC-3906,Logoff
logon,{S1M9-Q6PS11WD-2121JZYC},01/12/2011 08:21:00,MBG3183,PC-3906,Logon
logon,{X8N6-F6HP77TK-2135QPIE},01/12/2011 11:28:16,MBG3183,PC-3906,Logon
logon,{I6W6-A9UG50GW-0800KOSD},01/12/2011 16:47:00,MBG3183,PC-3906,Logoff
logon,{Y6X9-C7XH55BV-2013HIYC},01/13/2011 08:26:00,MBG3183,PC-3906,Logon
logon,{Y1K4-Z0NU16RL-4853ZJKS},01/13/2011 08:46:41,MBG3183,PC-5569,Logon
logon,{G7I8-M5EU23OL-2625EVLB},01/13/2011 08:52:32,MBG3183,PC-5569,Logoff
logon,{N9J6-Y5IT52LY-2107BFMK},01/13/2011 13:06:31,MBG3183,PC-3906,Logon
logon,{E6E9-H2WE78VH-8144TIIZ},01/13/2011 17:16:00,MBG3183,PC-3906,Logoff
logon,{B0D6-A9UD99SJ-4103BQWI},01/14/2011 08:38:00,MBG3183,PC-3906,Logon
logon,{J6U5-P4BT92NH-5348KJMQ},01/14/2011 14:33:52,MBG3183,PC-3906,Logon
logon,{A8J3-Q2NT03TL-2513UTBN},01/14/2011 17:19:00,MBG3183,PC-3906,Logoff
logon,{W5K4-D5VR19HD-9082COPP},01/17/2011 08:48:00,MBG3183,PC-3906,Logon
logon,{W4G1-J9DB60ZZ-6311FMBF},01/17/2011 09:04:50,MBG3183,PC-0362,Logon
logon,{Z1S1-M4TU51AA-5998RAIM},01/17/2011 09:11:22,MBG3183,PC-0362,Logoff
logon,{M7A0-J9UF66SA-0761OSHA},01/17/2011 17:25:00,MBG3183,PC-3906,Logoff
logon,{E7Z0-O4ZK71OR-9240MIIV},01/18/2011 08:09:00,MBG3183,PC-3906,Logon
logon,{F9R0-U1HC02GA-4761UWPX},01/18/2011 14:07:00,MBG3183,PC-3906,Logon
logon,{M7L6-I2WW88IM-8169KGUU},01/18/2011 17:28:00,MBG3183,PC-3906,Logoff
logon,{E0V2-M9TG06OX-3184FSPV},01/19/2011 08:56:00,MBG3183,PC-3906,Logon
logon,{Q0R4-P9HQ82YP-3502OMZC},01/19/2011 14:46:34,MBG3183,PC-3906,Logon
logon,{N0K5-E8FK11CX-3690IFSN},01/19/2011 17:00:00,MBG3183,PC-3906,Logoff
logon,{Z0N8-Z6FT51QJ-3107ITMS},01/20/2011 08:07:00,MBG3183,PC-3906,Logon
logon,{J9I8-P0VY67ER-5645ZJGH},01/20/2011 12:37:17,MBG3183,PC-3906,Logon
logon,{H1C4-C2PR33MM-2616QVJR},01/20/2011 17:15:00,MBG3183,PC-3906,Logoff
logon,{P6P0-U5IT12CR-6517BYUI},01/21/2011 08:52:00,MBG3183,PC-3906,Logon
logon,{O3L9-X5GS15RP-5543DGOU},01/21/2011 11:13:11,MBG3183,PC-3906,Logon
logon,{E0J7-F8CW60LF-4509IPEB},01/21/2011 16:42:00,MBG3183,PC-3906,Logoff
logon,{F6V8-G1SE83QH-6221MOEB},01/24/2011 08:13:00,MBG3183,PC-3906,Logon
logon,{Q6R2-X5LO59TE-5411LOUL},01/24/2011 17:13:00,MBG3183,PC-3906,Logoff
logon,{Q4W5-V2NE93GU-1529ISGA},01/25/2011 08:59:00,MBG3183,PC-3906,Logon
logon,{G7J8-E0DY80PP-0601ZZFP},01/25/2011 17:06:00,MBG3183,PC-3906,Logoff
logon,{V8W2-Q4YT22WL-0423ZPMM},01/26/2011 08:25:00,MBG3183,PC-3906,Logon
logon,{M0W0-L5EX87LL-6676BLVM},01/26/2011 13:16:43,MBG3183,PC-3906,Logon
logon,{I9O2-Q8VI48QN-6312QZTA},01/26/2011 16:47:00,MBG3183,PC-3906,Logoff
logon,{X4F9-R8FN98JV-4233OIJB},01/27/2011 08:21:00,MBG3183,PC-3906,Logon
logon,{U8V5-L2RD69EP-4316ATMG},01/27/2011 12:49:14,MBG3183,PC-3906,Logon
logon,{Y7K0-Q3VO04OS-0714WBJG},01/27/2011 16:30:00,MBG3183,PC-3906,Logoff
logon,{K0C7-B6BQ17GG-6980UHDT},01/28/2011 08:21:00,MBG3183,PC-3906,Logon
logon,{L0C4-O3UC31QU-0726RCEG},01/28/2011 12:54:28,MBG3183,PC-3906,Logon
logon,{D1W4-M9NX38QB-5917XOFT},01/28/2011 17:05:00,MBG3183,PC-3906,Logoff
logon,{C6Q4-N5JE27WV-7935ZJQU},01/31/2011 08:08:00,MBG3183,PC-3906,Logon
logon,{B0X3-N4JV47RU-3910FEEF},01/31/2011 17:16:00,MBG3183,PC-3906,Logoff
logon,{Z1W2-J0TI18IR-9794NGLU},02/01/2011 08:10:00,MBG3183,PC-3906,Logon
logon,{G1P2-C1QX54AB-0211SUCW},02/01/2011 08:17:35,MBG3183,PC-3183,Logon
logon,{R0V3-K8OM39JP-3603NURR},02/01/2011 08:33:21,MBG3183,PC-3183,Logoff
logon,{V6X9-Y7RQ36GR-0114XDIL},02/01/2011 17:29:00,MBG3183,PC-3906,Logoff
logon,{C4L9-P3KZ15OV-9371LORR},02/02/2011 08:01:00,MBG3183,PC-3906,Logon
logon,{V3C5-M7EB33GA-7606ROLU},02/02/2011 11:14:57,MBG3183,PC-3906,Logon
logon,{O6O7-Y4BU63JD-1412VBKP},02/02/2011 17:22:00,MBG3183,PC-3906,Logoff
logon,{Z9B4-E5KD42CM-7826BSUU},02/03/2011 08:02:00,MBG3183,PC-3906,Logon
logon,{K4M9-Q1UW15IC-2244FYGH},02/03/2011 16:32:00,MBG3183,PC-3906,Logoff
logon,{R5O1-U0RQ87WN-3516KNHC},02/04/2011 08:07:00,MBG3183,PC-3906,Logon
logon,{D4E6-Z3NS24WK-0451LZBH},02/04/2011 14:06:20,MBG3183,PC-3906,Logon
logon,{M8J0-R2SR32UE-5695ZUPU},02/04/2011 17:22:00,MBG3183,PC-3906,Logoff
logon,{J8R7-N2NL23XO-2912KSBX},02/07/2011 08:04:00,MBG3183,PC-3906,Logon
logon,{D7I0-X8JQ15QG-9907SLJX},02/07/2011 17:27:00,MBG3183,PC-3906,Logoff
logon,{J6R7-Z7EY92VR-5869KWIS},02/08/2011 08:04:00,MBG3183,PC-3906,Logon
logon,{E4S6-X4PE46AM-2471SKVJ},02/08/2011 13:47:11,MBG3183,PC-3906,Logon
logon,{A5Z6-V4HB83HH-5186RJWQ},02/08/2011 17:24:00,MBG3183,PC-3906,Logoff
logon,{Q2B1-I0DW66MT-7107FMRD},02/09/2011 08:55:00,MBG3183,PC-3906,Logon
logon,{E4G5-U9TB15FP-4975GMWX},02/09/2011 14:35:18,MBG3183,PC-3906,Logon
logon,{I7G5-F9CJ45HU-3144HKLU},02/09/2011 17:18:42,MBG3183,PC-3359,Logon
logon,{P9S3-P6OZ07OO-1823JEUM},02/09/2011 17:21:14,MBG3183,PC-3359,Logoff
logon,{R1H2-N7HL40OL-2681TCAK},02/09/2011 17:24:00,MBG3183,PC-3906,Logoff
logon,{I3O2-E1TS83ZC-6325TKWZ},02/10/2011 08:00:00,MBG3183,PC-3906,Logon
logon,{V6N3-Z6BK28KO-5147YZEO},02/10/2011 13:18:14,MBG3183,PC-3906,Logon
logon,{V9A6-D4DD84GR-6317SWPT},02/10/2011 17:24:00,MBG3183,PC-3906,Logoff
logon,{C3E5-U7UZ87HX-8741PWST},02/11/2011 08:41:00,MBG3183,PC-3906,Logon
logon,{L7L8-A6KE41YP-5479DYXA},02/11/2011 12:39:44,MBG3183,PC-3906,Logon
logon,{I6U8-J8SO15CX-5868IVNX},02/11/2011 17:20:00,MBG3183,PC-3906,Logoff
logon,{T3M9-L6CG04OQ-2454GFBQ},02/14/2011 08:05:00,MBG3183,PC-3906,Logon
logon,{Z5G8-T3PZ52HI-3440LQUU},02/14/2011 13:03:17,MBG3183,PC-3906,Logon
logon,{U5U6-O4PD55TL-4000CAJR},02/14/2011 17:21:00,MBG3183,PC-3906,Logoff
logon,{F8D7-C4TW41PT-0690FIKB},02/15/2011 08:04:00,MBG3183,PC-3906,Logon
logon,{R3B4-D8JU52ZV-4207LUWR},02/15/2011 17:28:00,MBG3183,PC-3906,Logoff
logon,{N9M8-M8OS62RU-3363FQVK},02/16/2011 08:30:00,MBG3183,PC-3906,Logon
logon,{W7J8-Y4ED52TW-3227TRWL},02/16/2011 13:14:37,MBG3183,PC-3906,Logon
logon,{K7P7-S9VF85ZI-1445HGJK},02/16/2011 16:40:00,MBG3183,PC-3906,Logoff
logon,{J4X3-L9PO44WH-6145SWYM},02/17/2011 08:26:00,MBG3183,PC-3906,Logon
logon,{Q4H0-W1XW71YV-0473FMHP},02/17/2011 14:07:01,MBG3183,PC-3906,Logon
logon,{L1N2-X8IY23GV-4320ZPTE},02/17/2011 17:25:00,MBG3183,PC-3906,Logoff
logon,{P9Z6-E6MJ67EW-0400PWYM},02/18/2011 08:20:00,MBG3183,PC-3906,Logon
logon,{Z4F1-A2BM81XQ-5598JAEX},02/18/2011 13:41:21,MBG3183,PC-3906,Logon
logon,{X7U8-J4BT44GF-2356NKXS},02/18/2011 16:55:00,MBG3183,PC-3906,Logoff
logon,{M4L3-V8YK21SJ-5380FXTC},02/21/2011 08:01:00,MBG3183,PC-3906,Logon
logon,{A7T7-T1PM02LT-9001RGNL},02/21/2011 12:18:21,MBG3183,PC-3906,Logon
logon,{R4L0-A0TJ48TI-0727IYBF},02/21/2011 16:47:00,MBG3183,PC-3906,Logoff
logon,{O7O7-X8WQ03MU-3030VXIO},02/22/2011 09:01:00,MBG3183,PC-3906,Logon
logon,{Y4G2-Y9NO18JC-1346XYQP},02/22/2011 10:37:01,MBG3183,PC-2504,Logon
logon,{X4F4-Q3SQ21GU-3503LGZK},02/22/2011 11:31:13,MBG3183,PC-2504,Logoff
logon,{F0O0-V5WJ56WI-2609PTEK},02/22/2011 16:50:00,MBG3183,PC-3906,Logoff
logon,{A9L0-J9WC89BM-4826CULL},02/23/2011 08:14:00,MBG3183,PC-3906,Logon
logon,{V5V0-I9GE40HX-0951ZRFS},02/23/2011 12:53:26,MBG3183,PC-3906,Logon
logon,{J9C3-Q7AT85AH-6127VGBL},02/23/2011 17:26:00,MBG3183,PC-3906,Logoff
logon,{F9X1-U4OB93XR-5087ICHI},02/24/2011 08:08:00,MBG3183,PC-3906,Logon
logon,{A6F2-D9GN01VR-1924EIVP},02/24/2011 11:58:02,MBG3183,PC-3906,Logon
logon,{A1U4-Q1OT79DP-6953JAHN},02/24/2011 16:32:00,MBG3183,PC-3906,Logoff
logon,{X4P7-P5MO06EU-1655PSWC},02/25/2011 08:32:00,MBG3183,PC-3906,Logon
logon,{P9H8-P8RF52VN-7885YUPD},02/25/2011 13:22:26,MBG3183,PC-3906,Logon
logon,{Q2R4-G4WW23AO-2463VXQK},02/25/2011 16:38:00,MBG3183,PC-3906,Logoff
logon,{P9M3-B8QV97BZ-7054RFCD},02/28/2011 08:37:00,MBG3183,PC-3906,Logon
logon,{N1H8-X4YU31ZL-3577YHNI},02/28/2011 11:30:50,MBG3183,PC-3906,Logon
logon,{A7P8-D0LD39JK-2916EEQO},02/28/2011 16:47:00,MBG3183,PC-3906,Logoff
logon,{P3V2-F7RS16EN-6418PVVU},03/01/2011 08:17:00,MBG3183,PC-3906,Logon
logon,{U7I1-Z2HI16DX-2070QINU},03/01/2011 13:58:12,MBG3183,PC-3906,Logon
logon,{A3P6-U2DK81YK-7368PIUB},03/01/2011 16:54:00,MBG3183,PC-3906,Logoff
logon,{N6U3-V8ZF82UY-8520YKDQ},03/02/2011 08:22:00,MBG3183,PC-3906,Logon
logon,{Q1V1-A1TD68HG-5314WJWD},03/02/2011 13:11:05,MBG3183,PC-3906,Logon
logon,{V2R5-T9WY07CF-7651SKKR},03/02/2011 17:15:00,MBG3183,PC-3906,Logoff
logon,{K4Q4-K4NJ93HK-0179LXVW},03/03/2011 08:40:00,MBG3183,PC-3906,Logon
logon,{H1N1-S9ML28IH-5406JVFU},03/03/2011 14:24:27,MBG3183,PC-3906,Logon
logon,{G5O9-B7VV24MH-3017OJEL},03/03/2011 17:12:00,MBG3183,PC-3906,Logoff
logon,{U2R7-T6TO93II-3327ZMBQ},03/04/2011 08:11:00,MBG3183,PC-3906,Logon
logon,{T8Z9-C9AE92FZ-6551LCRI},03/04/2011 10:55:14,MBG3183,PC-3906,Logon
logon,{X5E4-W6GL79TO-9449CKPR},03/04/2011 17:19:00,MBG3183,PC-3906,Logoff
logon,{X0W9-C5KM53WL-8716ADQY},03/07/2011 08:10:00,MBG3183,PC-3906,Logon
logon,{N4R0-K0PK46MC-9717XNLX},03/07/2011 17:25:00,MBG3183,PC-3906,Logoff
logon,{B3O0-Y3RK54VI-5169KAZI},03/08/2011 08:22:00,MBG3183,PC-3906,Logon
logon,{K6D6-Z7MD46SH-7588SFCF},03/08/2011 13:08:17,MBG3183,PC-3906,Logon
logon,{P2Q8-T5EM66PT-1800BOVY},03/08/2011 16:52:00,MBG3183,PC-3906,Logoff
logon,{F8W5-C8OV40RZ-4853OQZV},03/09/2011 08:41:00,MBG3183,PC-3906,Logon
logon,{J8P5-M8AC75UU-0109ASIY},03/09/2011 10:48:34,MBG3183,PC-3906,Logon
logon,{B1H7-P5EO33IZ-0853CCOF},03/09/2011 14:50:13,MBG3183,PC-4460,Logon
logon,{I0K1-T2LA06XI-6250RMIR},03/09/2011 15:10:20,MBG3183,PC-4460,Logoff
logon,{O8R4-T2SW31GL-3023ZKGZ},03/09/2011 16:23:00,MBG3183,PC-3906,Logoff
logon,{S8C9-Z7QA23DY-2689NPAG},03/10/2011 08:31:00,MBG3183,PC-3906,Logon
logon,{R4R0-H7HC12WQ-5061UEVW},03/10/2011 13:34:22,MBG3183,PC-3906,Logon
logon,{L5S8-A8BY18HA-6959VBOI},03/10/2011 16:25:00,MBG3183,PC-3906,Logoff
logon,{T5G4-L7CU29VS-3107GQMT},03/11/2011 08:04:00,MBG3183,PC-3906,Logon
logon,{T3F1-N4PO12AH-7092JDHW},03/11/2011 13:43:51,MBG3183,PC-3906,Logon
logon,{G1J1-G2DV71DR-2620UTQZ},03/11/2011 17:22:00,MBG3183,PC-3906,Logoff
logon,{W4P8-Y8EN41QP-1401IZSK},03/14/2011 08:52:00,MBG3183,PC-3906,Logon
logon,{V9S7-J3JK67WD-7787VETC},03/14/2011 14:14:14,MBG3183,PC-3906,Logon
logon,{A3X2-A3DV65CD-3118KZWH},03/14/2011 17:07:00,MBG3183,PC-3906,Logoff
logon,{Y8J8-H6XJ24QP-6303WNXT},03/15/2011 08:11:00,MBG3183,PC-3906,Logon
logon,{N3M2-H2EB02QE-6117OZAI},03/15/2011 17:23:00,MBG3183,PC-3906,Logoff
logon,{G1L6-X2GJ71ZF-8234TJLL},03/16/2011 08:42:00,MBG3183,PC-3906,Logon
logon,{J6Z5-Y8MF05DH-3231EPAL},03/16/2011 12:54:33,MBG3183,PC-3906,Logon
logon,{G9U8-Q5MF05KV-6922YUYW},03/16/2011 16:29:00,MBG3183,PC-3906,Logoff
logon,{T6Q5-E5GL32IH-0819FUPQ},03/17/2011 08:13:00,MBG3183,PC-3906,Logon
logon,{P4P4-D3WN28QD-1527OITX},03/17/2011 17:29:00,MBG3183,PC-3906,Logoff
logon,{C2J9-M8AD18EW-2464TZMQ},03/18/2011 08:03:00,MBG3183,PC-3906,Logon
logon,{T8N2-B5DD76JB-9963ASLN},03/18/2011 16:37:00,MBG3183,PC-3906,Logoff
logon,{Q7G6-T9FN62AP-3468WLVZ},03/21/2011 08:22:00,MBG3183,PC-3906,Logon
logon,{K2N4-J6EM93UE-1368DFPV},03/21/2011 12:25:30,MBG3183,PC-3906,Logon
logon,{V2H0-O4WR23UQ-3219RHHK},03/21/2011 16:52:00,MBG3183,PC-3906,Logoff
logon,{J7U7-D6XY97YE-9376HARN},03/22/2011 08:07:00,MBG3183,PC-3906,Logon
logon,{B4D8-G0MP85VE-0625ERZU},03/22/2011 13:44:39,MBG3183,PC-3906,Logon
logon,{F5G3-E8RY53SH-1051GBQK},03/22/2011 17:25:00,MBG3183,PC-3906,Logoff
logon,{L9Y1-P6JZ82XM-1743MGXQ},03/23/2011 08:20:00,MBG3183,PC-3906,Logon
logon,{I5G3-R4HH87AB-7411DXJD},03/23/2011 09:22:39,MBG3183,PC-1494,Logon
logon,{M7D5-I5VK43YW-9678HBRL},03/23/2011 10:20:58,MBG3183,PC-1494,Logoff
logon,{G3P5-S9WZ98JH-3369ZGKQ},03/23/2011 16:45:00,MBG3183,PC-3906,Logoff
logon,{L8A2-U8NU87WR-8865FLSQ},03/24/2011 08:53:00,MBG3183,PC-3906,Logon
logon,{M1X8-Q0JG88UJ-2073IYZU},03/24/2011 13:24:56,MBG3183,PC-3906,Logon
logon,{K2T3-P1YI17HT-1327EFDR},03/24/2011 16:52:00,MBG3183,PC-3906,Logoff
logon,{T6H5-O3LX06LG-4512LNYY},03/25/2011 08:56:00,MBG3183,PC-3906,Logon
logon,{W0Y9-U2KX07FV-1270GTMW},03/25/2011 13:45:01,MBG3183,PC-3906,Logon
logon,{V4Z9-U9ZV06KM-1496SZUW},03/25/2011 17:24:00,MBG3183,PC-3906,Logoff
logon,{V6W0-Y1OI78PS-2415IXIX},03/28/2011 08:15:00,MBG3183,PC-3906,Logon
logon,{D3T8-R8AU76DH-6458OZXQ},03/28/2011 11:16:47,MBG3183,PC-3906,Logon
logon,{M0G0-M2IV91DI-9467LYZP},03/28/2011 17:23:00,MBG3183,PC-3906,Logoff
logon,{I7Z1-W6LA50US-7114OYXP},03/29/2011 08:01:00,MBG3183,PC-3906,Logon
logon,{K5V1-Z3IW56PW-5702RHPF},03/29/2011 17:04:00,MBG3183,PC-3906,Logoff
logon,{I1J4-Y0NO82HL-6515OFTS},03/30/2011 08:02:00,MBG3183,PC-3906,Logon
logon,{K9Y1-X2GW71HC-8109PQSV},03/30/2011 11:03:06,MBG3183,PC-3906,Logon
logon,{R9M5-S2TX03KY-4738HGGW},03/30/2011 17:26:00,MBG3183,PC-3906,Logoff
logon,{I7C8-O2JI73TY-4813FUII},03/31/2011 08:17:00,MBG3183,PC-3906,Logon
logon,{S6B6-R5SS97AN-1106SOIF},03/31/2011 13:46:57,MBG3183,PC-3906,Logon
logon,{N1A8-B5RB38QX-0018LVTK},03/31/2011 17:02:00,MBG3183,PC-3906,Logoff
logon,{Q8L4-I2ZT20PK-4143BFMV},04/01/2011 08:55:00,MBG3183,PC-3906,Logon
logon,{Z0K5-A5SE58WJ-0396TOZG},04/01/2011 12:05:56,MBG3183,PC-3906,Logon
logon,{H9Q4-H8QH14XO-3225EAGC},04/01/2011 17:05:00,MBG3183,PC-3906,Logoff
logon,{B8I9-L4JW40WJ-1457IWTN},04/04/2011 08:01:00,MBG3183,PC-3906,Logon
logon,{Y7B3-K0WT30SQ-5608JFVS},04/04/2011 17:26:00,MBG3183,PC-3906,Logoff
logon,{T8F2-Q0MJ39KM-3375IGOD},04/05/2011 08:37:00,MBG3183,PC-3906,Logon
logon,{F0M0-N8WS61TF-1017ETHN},04/05/2011 17:21:00,MBG3183,PC-3906,Logoff
logon,{G8O6-X1YO32TW-6120CFIS},04/06/2011 08:05:00,MBG3183,PC-3906,Logon
logon,{J1P4-Y4YB01PV-1664PNUF},04/06/2011 12:45:11,MBG3183,PC-3906,Logon
logon,{A3T4-N3OJ88HA-1231MCHD},04/06/2011 17:18:00,MBG3183,PC-3906,Logoff
logon,{T4O9-I1KK38GS-7878HVSF},04/07/2011 08:00:00,MBG3183,PC-3906,Logon
logon,{R6D4-S7US44QH-0107BPUF},04/07/2011 17:22:00,MBG3183,PC-3906,Logoff
logon,{X7P7-A9IB37SA-3149UKWG},04/08/2011 08:55:00,MBG3183,PC-3906,Logon
logon,{C9N3-J4ZJ51MX-0483TTFY},04/08/2011 14:32:22,MBG3183,PC-3906,Logon
logon,{A2E4-F6YC15BS-1767RMKC},04/08/2011 16:58:00,MBG3183,PC-3906,Logoff
logon,{O9Z4-P6HB33VG-9401PCZS},04/11/2011 08:19:00,MBG3183,PC-3906,Logon
logon,{U7L9-C8CO46HD-0484XRHN},04/11/2011 13:15:27,MBG3183,PC-3906,Logon
logon,{W5O2-J8AV76AS-2437ILDL},04/11/2011 16:47:00,MBG3183,PC-3906,Logoff
logon,{M6V7-Q5YE28DX-8984DYBD},04/12/2011 08:31:00,MBG3183,PC-3906,Logon
logon,{U0F6-D3FV18OC-6522CYSF},04/12/2011 13:39:21,MBG3183,PC-3906,Logon
logon,{Q5E9-K4YE93CB-2979HYKW},04/12/2011 17:12:00,MBG3183,PC-3906,Logoff
logon,{L0T1-M9AN26HE-2646TNWN},04/13/2011 08:52:00,MBG3183,PC-3906,Logon
logon,{V6Y1-I1AH07TT-9506PXEX},04/13/2011 13:08:29,MBG3183,PC-3906,Logon
logon,{E3F9-K8ZA39KF-7005NQJV},04/13/2011 16:31:00,MBG3183,PC-3906,Logoff
logon,{T8S8-S5HF53QX-5892EMSO},04/14/2011 08:12:00,MBG3183,PC-3906,Logon
logon,{M7S3-B0VC98OS-0081SSEB},04/14/2011 14:08:16,MBG3183,PC-3906,Logon
logon,{Y0T9-H2HQ01VQ-5255BVOS},04/14/2011 17:25:00,MBG3183,PC-3906,Logoff
logon,{Q6R2-O1LV09SI-6072CHNA},04/15/2011 08:55:00,MBG3183,PC-3906,Logon
logon,{T4Y1-Q1IO06EE-6024OEQV},04/15/2011 12:57:50,MBG3183,PC-3906,Logon
logon,{X8A7-C2LO48LA-5761CJAT},04/15/2011 16:46:00,MBG3183,PC-3906,Logoff
logon,{Z4V8-G1YJ84YE-1407FBBP},04/18/2011 08:02:00,MBG3183,PC-3906,Logon
logon,{S6J4-C7US59YT-1275YCIT},04/18/2011 12:17:19,MBG3183,PC-3906,Logon
logon,{O1P1-C7YE11WF-7813GWQW},04/18/2011 17:27:00,MBG3183,PC-3906,Logoff
logon,{A2J9-Z2TU33JL-4730VODO},04/19/2011 09:06:00,MBG3183,PC-3906,Logon
logon,{I2F6-D5CB50UA-8623GRXQ},04/19/2011 13:16:47,MBG3183,PC-3906,Logon
logon,{F9X8-K8JT31JZ-7354JYKE},04/19/2011 16:49:00,MBG3183,PC-3906,Logoff
logon,{F1X2-V4LS76AF-0413ISID},04/20/2011 08:13:00,MBG3183,PC-3906,Logon
logon,{Y9N4-C4EO11SL-4602ELBR},04/20/2011 13:21:24,MBG3183,PC-3906,Logon
logon,{T7H7-X1GV74GR-8815SZEU},04/20/2011 17:23:00,MBG3183,PC-3906,Logoff
logon,{Q9R6-U2WX26BZ-1706IHUB},04/21/2011 08:17:00,MBG3183,PC-3906,Logon
logon,{I5E5-N6NZ31LW-5710AUWD},04/21/2011 13:04:22,MBG3183,PC-3906,Logon
logon,{X0N6-L7GD42GF-9352DATH},04/21/2011 17:01:00,MBG3183,PC-3906,Logoff
logon,{R7G6-C7VE94RG-7065XJJR},04/25/2011 08:18:00,MBG3183,PC-3906,Logon
logon,{M0D6-C4AM51JY-7705OLAI},04/25/2011 10:43:51,MBG3183,PC-3906,Logon
logon,{E2X3-R9LR94JP-0957YATB},04/25/2011 16:56:00,MBG3183,PC-3906,Logoff
logon,{G5K7-G8GX86MG-1529GAOP},04/26/2011 08:13:00,MBG3183,PC-3906,Logon
logon,{O9A4-E6QV56JA-8014XLNX},04/26/2011 17:19:00,MBG3183,PC-3906,Logoff
logon,{X6N4-Z2AB17EJ-0610ELQD},04/27/2011 08:45:00,MBG3183,PC-3906,Logon
logon,{P6J9-T7OB07LX-9660DWUW},04/27/2011 12:14:39,MBG3183,PC-3906,Logon
logon,{B4H7-I4ZL02ZQ-7173OCIJ},04/27/2011 17:24:00,MBG3183,PC-3906,Logoff
logon,{P5K1-R1WU00OO-8287GKUX},04/28/2011 08:02:00,MBG3183,PC-3906,Logon
logon,{W2E5-A0HV56NL-7339SMDH},04/28/2011 13:10:50,MBG3183,PC-3906,Logon
logon,{D9D7-K2FQ36UF-5503LSTF},04/28/2011 16:41:00,MBG3183,PC-3906,Logoff
logon,{N3S1-C8FJ65QR-7813OLGX},04/29/2011 08:04:00,MBG3183,PC-3906,Logon
logon,{B3X0-A8WF79ZZ-8044VBJA},04/29/2011 11:59:37,MBG3183,PC-3906,Logon
logon,{V8F4-G1RL84SM-5440CDBL},04/29/2011 17:19:00,MBG3183,PC-3906,Logoff
logon,{Y9F3-L3BD36SU-1198YENR},05/02/2011 08:45:00,MBG3183,PC-3906,Logon
logon,{X5O1-J3EQ19FD-4824NMJR},05/02/2011 13:49:19,MBG3183,PC-3906,Logon
logon,{U6L5-R1TX12DN-7946VBQY},05/02/2011 16:48:00,MBG3183,PC-3906,Logoff
logon,{O7R4-X7IB36UG-8027WDXM},05/03/2011 08:38:00,MBG3183,PC-3906,Logon
logon,{W7N6-G3TE24LG-9405KCLL},05/03/2011 13:29:54,MBG3183,PC-3906,Logon
logon,{V2O8-G3PO21LJ-1475TBOU},05/03/2011 16:25:00,MBG3183,PC-3906,Logoff
logon,{Q1T0-B0CM60BP-7194PITL},05/04/2011 08:14:00,MBG3183,PC-3906,Logon
logon,{S6U9-W9QO35VC-4403NSVB},05/04/2011 14:04:18,MBG3183,PC-3906,Logon
logon,{I1Y9-C4HA50NA-5045CBBE},05/04/2011 17:28:00,MBG3183,PC-3906,Logoff
logon,{U7W6-K6MC70VV-0256ANGO},05/05/2011 08:03:00,MBG3183,PC-3906,Logon
logon,{H3M2-J8FP41QW-7068AXVK},05/05/2011 16:33:00,MBG3183,PC-3906,Logoff
logon,{B4C1-H1VE54FA-3220GSQH},05/06/2011 09:07:00,MBG3183,PC-3906,Logon
logon,{A5I2-V5GW17ST-4670BLWJ},05/06/2011 14:35:57,MBG3183,PC-3906,Logon
logon,{R5J6-K1QR73KR-9207LACQ},05/06/2011 17:09:00,MBG3183,PC-3906,Logoff
logon,{D2O6-X9BU93RT-4510PAOS},05/09/2011 09:02:00,MBG3183,PC-3906,Logon
logon,{G8J2-E5SK23EP-8133OFMZ},05/09/2011 14:00:55,MBG3183,PC-3906,Logon
logon,{T4T3-M5EY31ZE-6014LXXU},05/09/2011 17:07:00,MBG3183,PC-3906,Logoff
logon,{X5S1-I1RB88EV-8721EBUS},05/10/2011 08:09:00,MBG3183,PC-3906,Logon
logon,{L0N5-P7MF19QA-6941RMIX},05/10/2011 11:54:24,MBG3183,PC-3906,Logon
logon,{S4H4-O2RK35WK-5582NIIA},05/10/2011 17:18:00,MBG3183,PC-3906,Logoff
logon,{H9O5-C0RZ79PM-2217GLSE},05/11/2011 08:56:00,MBG3183,PC-3906,Logon
logon,{B0I9-H2UL86TF-1952IZQZ},05/11/2011 13:50:08,MBG3183,PC-3906,Logon
logon,{T6Q2-M1PT89NQ-5910YUBP},05/11/2011 17:22:00,MBG3183,PC-3906,Logoff
logon,{Z8Y7-P3BC75AQ-3843GXHR},05/12/2011 08:14:00,MBG3183,PC-3906,Logon
logon,{M2Z7-K6WE99QM-3594OAOX},05/12/2011 13:00:39,MBG3183,PC-3906,Logon
logon,{K9A4-N9NX07LH-2100BDTG},05/12/2011 16:54:00,MBG3183,PC-3906,Logoff
logon,{W5W5-E3PP14RT-4494VAII},05/13/2011 08:05:00,MBG3183,PC-3906,Logon
logon,{I9B8-V9RX60YJ-1411JUNZ},05/13/2011 11:52:48,MBG3183,PC-3906,Logon
logon,{N1E3-U3KJ41MK-7048VEAK},05/13/2011 17:30:00,MBG3183,PC-3906,Logoff
logon,{K8J2-X8KR41QS-6102ISOB},05/16/2011 08:47:00,MBG3183,PC-3906,Logon
logon,{Q1B3-N6QG20JQ-2494KRAL},05/16/2011 12:59:14,MBG3183,PC-3906,Logon
logon,{I7V1-P6NI99WT-2202OCVA},05/16/2011 17:26:00,MBG3183,PC-3906,Logoff
logon,{D9S0-D2WF38FV-5779VHXZ},05/17/2011 09:08:00,MBG3183,PC-3906,Logon
logon,{K2R4-Y2IK00IK-6248BBUA},05/17/2011 13:21:06,MBG3183,PC-3906,Logon
logon,{O6B5-C2OC04FS-8972YKUP},05/17/2011 16:36:00,MBG3183,PC-3906,Logoff
logon,{N7B1-J5FP04XH-3748YMCQ},05/18/2011 08:07:00,MBG3183,PC-3906,Logon
logon,{S2H1-C2LH90SJ-1318LAEY},05/18/2011 17:21:00,MBG3183,PC-3906,Logoff
logon,{Z7S1-R1UZ94VO-7818OYRD},05/19/2011 08:12:00,MBG3183,PC-3906,Logon
logon,{O7D0-R8UZ17OF-0045VVUP},05/19/2011 13:58:10,MBG3183,PC-3906,Logon
logon,{J5C3-Z7OL98TH-1940VGPH},05/19/2011 15:05:39,MBG3183,PC-0396,Logon
logon,{L9H5-O1BY09RD-4690CWCH},05/19/2011 15:12:16,MBG3183,PC-0396,Logoff
logon,{X4X6-D5LB66KD-1322ZYHH},05/19/2011 17:02:26,MBG3183,PC-4636,Logon
logon,{M3F2-R6FJ30IU-7401ZEYM},05/19/2011 17:14:53,MBG3183,PC-4636,Logoff
logon,{U4W4-K0DA99JO-7400FOTW},05/19/2011 17:18:00,MBG3183,PC-3906,Logoff
logon,{I8U0-V9JG85WH-3734BQKC},05/20/2011 08:37:00,MBG3183,PC-3906,Logon
logon,{N0P3-P6BG96HT-0669OBBI},05/20/2011 10:32:44,MBG3183,PC-3906,Logon
logon,{F2J2-V8GO44YR-1223GWFM},05/20/2011 17:00:00,MBG3183,PC-3906,Logoff
logon,{K6R2-D1SS66LA-1504BCWF},05/23/2011 08:07:00,MBG3183,PC-3906,Logon
logon,{T7R9-D8PA23TO-2318AADT},05/23/2011 11:31:27,MBG3183,PC-3906,Logon
logon,{F9S1-X5EY86DG-7930IUSY},05/23/2011 17:15:00,MBG3183,PC-3906,Logoff
logon,{B7W9-C6QS21JJ-1953SIAF},05/24/2011 08:12:00,MBG3183,PC-3906,Logon
logon,{I1T4-Q3XR52LC-5890XPAF},05/24/2011 17:28:00,MBG3183,PC-3906,Logoff
logon,{D2U4-G2WT22KM-1630XITN},05/25/2011 08:44:00,MBG3183,PC-3906,Logon
logon,{K2L0-X5CZ51EC-9686XHHU},05/25/2011 10:53:04,MBG3183,PC-3906,Logon
logon,{J9N9-N7GY02JH-6498PZCU},05/25/2011 16:41:00,MBG3183,PC-3906,Logoff
logon,{N5C4-S2OJ11UU-3685UWYU},05/26/2011 08:08:00,MBG3183,PC-3906,Logon
logon,{L2L3-G0TD65XO-5357GFBP},05/26/2011 17:21:00,MBG3183,PC-3906,Logoff
logon,{Q3T1-I0JK49QZ-2236XNXQ},05/27/2011 08:53:00,MBG3183,PC-3906,Logon
logon,{I7P8-K7NF84RE-1210MAJB},05/27/2011 12:56:56,MBG3183,PC-3906,Logon
logon,{Y9D3-P8IY56QZ-4914HLKT},05/27/2011 17:20:00,MBG3183,PC-3906,Logoff
logon,{N5P0-N5FQ47FK-5885OALC},05/31/2011 08:45:00,MBG3183,PC-3906,Logon
logon,{P1V3-C1FY65VS-5619MKFP},05/31/2011 13:41:50,MBG3183,PC-3906,Logon
logon,{X5A0-E5OK50QR-1037FRXZ},05/31/2011 17:11:00,MBG3183,PC-3906,Logoff
