device,{Q0H9-Z0JV74NK-0338WJJL},01/04/2010 08:13:20,MBG3183,PC-3906,R:\;R:\MBG3183,Connect
device,{Q1P9-G4LV57XC-6922BHPF},01/04/2010 08:41:47,MBG3183,PC-3906,,Disconnect
device,{Z4V1-X5SG95ZS-7356HOLF},01/04/2010 13:55:20,MBG3183,PC-3906,R:\;R:\MBG3183,Connect
device,{R3E1-X8LP18HE-5719RXJU},01/04/2010 13:56:24,MBG3183,PC-3906,,Disconnect
device,{L7C9-P4BP26AK-8701PNRB},01/05/2010 12:18:47,MBG3183,PC-3906,R:\;R:\MBG3183,Connect
device,{Y8F1-S6EQ08NQ-4940ZYMS},01/05/2010 12:43:49,MBG3183,PC-3906,,Disconnect
device,{N7I2-E3CV40JM-2830DQNV},01/05/2010 14:25:58,MBG3183,PC-3906,R:\;R:\MBG3183,Connect
device,{M1N9-H6GU62OO-4223SAZU},01/05/2010 14:45:37,MBG3183,PC-3906,,Disconnect
device,{S3B4-L4ID70PA-9314CVAM},01/05/2010 16:03:51,MBG3183,PC-3906,R:\;R:\MBG3183,Connect
device,{J3I8-L3MC62ND-6803UTGF},01/05/2010 16:14:21,MBG3183,PC-3906,,Disconnect
device,{N7C1-W2CX44IA-7845JIHK},01/06/2010 13:48:14,MBG3183,PC-3906,R:\;R:\MBG3183,Connect
device,{U6S1-I5UY19QD-4289UPVN},01/06/2010 13:49:51,MBG3183,PC-3906,,Disconnect
device,{T7X0-G6LD96ZS-8844SIOC},01/06/2010 15:20:14,MBG3183,PC-3906,R:\;R:\MBG3183,Connect
device,{T7K1-J4ZE07OX-6736TDLC},01/06/2010 16:04:58,MBG3183,PC-3906,,Disconnect
device,{N2T3-P9IN99LC-1624GVGU},01/06/2010 16:07:03,MBG3183,PC-3906,R:\;R:\MBG3183,Connect
device,{W9N6-H9YG82EW-2353APVJ},01/06/2010 16:53:51,MBG3183,PC-3906,,Disconnect
device,{I3G3-K8HE41WL-3401IIKL},01/07/2010 09:49:13,MBG3183,PC-3906,R:\;R:\MBG3183,Connect
device,{Z2M5-N8OK81IY-8143KREJ},01/07/2010 10:02:29,MBG3183,PC-3906,,Disconnect
device,{D3V9-R3HO46LP-3172XPMT},01/07/2010 15:21:44,MBG3183,PC-3906,R:\;R:\MBG3183,Connect
device,{S5L4-L2GN74MZ-5612OKBU},01/07/2010 15:51:27,MBG3183,PC-3906,,Disconnect
device,{B6V1-Z1DM47DQ-8174XWVE},01/07/2010 16:02:08,MBG3183,PC-3906,R:\;R:\MBG3183,Connect
device,{Z1W6-J9HR10SQ-7035IZYF},01/07/2010 16:20:03,MBG3183,PC-3906,,Disconnect
device,{I0Z7-Q4NB37QN-4520TWEB},01/08/2010 14:46:19,MBG3183,PC-3906,R:\;R:\MBG3183,Connect
device,{T3S3-P5FD10HK-2798OWYS},01/08/2010 16:16:38,MBG3183,PC-3906,,Disconnect
device,{B2N8-K7VN47KB-9320LNGO},01/11/2010 14:15:54,MBG3183,PC-3906,R:\;R:\MBG3183,Connect
device,{K3A0-W2LO71XR-4967AIZG},01/12/2010 12:58:45,MBG3183,PC-3906,R:\;R:\MBG3183,Connect
device,{B7B0-G5QG05DG-9302DOZM},01/12/2010 13:23:20,MBG3183,PC-3906,,Disconnect
device,{I4C6-T4LW86WU-4393HNKJ},01/12/2010 13:31:13,MBG3183,PC-3906,R:\;R:\MBG3183,Connect
device,{F8N8-U7QJ97FT-2603ANWO},01/12/2010 13:39:30,MBG3183,PC-3906,,Disconnect
device,{Z7K8-X8XV13OT-1984PKOQ},01/12/2010 16:43:26,MBG3183,PC-3906,R:\;R:\MBG3183,Connect
device,{O5F2-N1UN43KG-2616NLSB},01/12/2010 17:13:56,MBG3183,PC-3906,,Disconnect
device,{V6G9-G5ZC12IO-2926XHCR},01/13/2010 08:36:14,MBG3183,PC-3906,R:\;R:\MBG3183,Connect
device,{K6R3-I9ZI11ZK-0325JWII},01/13/2010 09:40:06,MBG3183,PC-3906,,Disconnect
device,{P0T7-V8FH62CV-6437APOI},01/14/2010 10:44:10,MBG3183,PC-3906,R:\;R:\MBG3183,Connect
device,{L3D6-E6LS16VH-0357WAHF},01/14/2010 11:30:46,MBG3183,PC-3906,,Disconnect
device,{V5S5-L5QN04QQ-4925QWSZ},01/15/2010 11:19:14,MBG3183,PC-3906,R:\;R:\MBG3183,Connect
device,{O0P1-F1BT12TW-6501FUCI},01/15/2010 12:16:09,MBG3183,PC-3906,,Disconnect
device,{N5H9-W1IU29MJ-5257MZEC},01/18/2010 09:09:32,MBG3183,PC-3906,R:\;R:\MBG3183,Connect
device,{G2Q6-H4HZ66ZS-5841IVYU},01/18/2010 09:34:33,MBG3183,PC-3906,,Disconnect
device,{G9T6-S3GO38UN-4929NQHS},01/19/2010 08:12:27,MBG3183,PC-3906,R:\;R:\MBG3183,Connect
device,{M9H7-L9YO95DK-7427QTXJ},01/19/2010 08:19:33,MBG3183,PC-3906,,Disconnect
device,{W3W4-S0WS90DE-5483YOJS},01/19/2010 13:12:54,MBG3183,PC-3906,R:\;R:\MBG3183,Connect
device,{E9J8-Q2GC49MR-5930ASLM},01/19/2010 13:15:58,MBG3183,PC-3906,,Disconnect
device,{X1O8-L0FI88KI-4640YHPG},01/19/2010 14:31:11,MBG3183,PC-3906,R:\;R:\MBG3183,Connect
device,{H1R5-B1MI11IW-3802WNCL},01/19/2010 15:03:03,MBG3183,PC-3906,,Disconnect
device,{I9K5-M2AT46QQ-0316SMAY},01/22/2010 14:56:27,MBG3183,PC-3906,R:\;R:\MBG3183,Connect
device,{K7B5-Y5CH16US-4270NLWB},01/22/2010 16:40:27,MBG3183,PC-3906,,Disconnect
device,{U8E4-Q2QS67XB-5693ZEWA},01/26/2010 12:17:40,MBG3183,PC-3906,R:\;R:\MBG3183,Connect
device,{K4V2-T5XB22UC-9921UKAV},01/26/2010 13:24:03,MBG3183,PC-3906,,Disconnect
device,{I7U6-R4DD05TV-7107XGUW},01/27/2010 11:41:42,MBG3183,PC-3906,R:\;R:\MBG3183,Connect
device,{W1F5-A2IP02OG-7960MXKU},01/27/2010 13:46:32,MBG3183,PC-3906,,Disconnect
device,{Z9M7-Z1OX80CG-4507KKEV},02/01/2010 16:02:30,MBG3183,PC-3906,R:\;R:\MBG3183,Connect
device,{Y6I2-J6PP45XW-6707AFQA},02/01/2010 16:51:57,MBG3183,PC-3906,,Disconnect
device,{U7Y2-H1RS39QP-5255BTLG},02/02/2010 08:29:53,MBG3183,PC-3906,R:\;R:\MBG3183,Connect
device,{V2X8-K2AJ88HE-5214UIXS},02/02/2010 09:08:22,MBG3183,PC-3906,,Disconnect
device,{X8V5-L3NV91SD-1510IKYQ},02/02/2010 09:27:49,MBG3183,PC-3906,R:\;R:\MBG3183,Connect
device,{Y4R8-F7GV83MB-2250MWRU},02/02/2010 09:55:07,MBG3183,PC-3906,,Disconnect
device,{G7V0-L1TZ18HF-8136CGLD},02/03/2010 13:50:25,MBG3183,PC-3906,R:\;R:\MBG3183,Connect
device,{L9L2-I0IR41IY-4354EVIH},02/03/2010 14:22:59,MBG3183,PC-3906,,Disconnect
device,{A4U7-E9YJ04LI-5064XDHY},02/03/2010 16:11:42,MBG3183,PC-3906,R:\;R:\MBG3183,Connect
device,{Z5Y6-H6CR53JM-1141FDIA},02/03/2010 16:16:40,MBG3183,PC-3906,,Disconnect
device,{A1C0-D3CO78PT-1643QQDY},02/04/2010 14:32:59,MBG3183,PC-3906,R:\;R:\MBG3183,Connect
device,{R3O4-Y1AX92WE-7800MQAT},02/04/2010 15:08:51,MBG3183,PC-3906,,Disconnect
device,{D6H8-C1WR41UP-0540NDBW},02/05/2010 15:25:12,MBG3183,PC-3906,R:\;R:\MBG3183,Connect
device,{E4A5-N6UL88VJ-7041GOLC},02/05/2010 15:36:44,MBG3183,PC-3906,,Disconnect
device,{L9M8-Q3QZ81VO-0517EGZF},02/10/2010 08:38:09,MBG3183,PC-3906,R:\;R:\MBG3183,Connect
device,{L1U0-U5PY56VE-2778SQCO},02/12/2010 09:27:31,MBG3183,PC-3906,R:\;R:\MBG3183,Connect
device,{T8U3-J9KL85JQ-8974MSSB},02/12/2010 10:05:10,MBG3183,PC-3906,,Disconnect
device,{Z4C2-G1SY76ZI-0693VTOK},02/12/2010 10:11:34,MBG3183,PC-3906,R:\;R:\MBG3183,Connect
device,{Z5K5-L5UD26MC-3659MALH},02/12/2010 10:12:38,MBG3183,PC-3906,,Disconnect
device,{I3M3-E8JP86WE-8187CRHY},02/15/2010 09:01:57,MBG3183,PC-3906,R:\;R:\MBG3183,Connect
device,{S8W1-X9ZJ18CZ-2987OUXB},02/15/2010 09:06:12,MBG3183,PC-3906,,Disconnect
device,{D7W6-G1LU29PH-5981BUJN},02/15/2010 10:02:46,MBG3183,PC-3906,R:\;R:\MBG3183,Connect
device,{Z5X1-S8KN09LV-9904GSIK},02/15/2010 10:17:47,MBG3183,PC-3906,,Disconnect
device,{Z4Z0-B2LQ21SE-2608OBWB},02/15/2010 10:23:01,MBG3183,PC-3906,R:\;R:\MBG3183,Connect
device,{Z9A6-K2JL61QS-5913YSQY},02/15/2010 10:34:02,MBG3183,PC-3906,,Disconnect
device,{X5J5-G6BM75XN-1014FPBJ},02/17/2010 13:05:34,MBG3183,PC-3906,R:\;R:\MBG3183,Connect
device,{K6P4-L6QH95TR-3305NYMK},02/17/2010 14:25:20,MBG3183,PC-3906,,Disconnect
device,{W1S5-Q4HP41DT-7125RYFJ},02/22/2010 14:29:48,MBG3183,PC-3906,R:\;R:\MBG3183,Connect
device,{L3P1-D4JO16XP-7735SNDT},02/22/2010 14:39:17,MBG3183,PC-3906,,Disconnect
device,{T4R4-D3DZ28PB-7811SHXI},02/22/2010 14:41:33,MBG3183,PC-3906,R:\;R:\MBG3183,Connect
device,{Z3E6-S9NT93SE-7585SPYN},02/22/2010 15:20:58,MBG3183,PC-3906,,Disconnect
device,{N5W9-P7JJ81DP-2009BOVL},02/22/2010 15:43:53,MBG3183,PC-3906,R:\;R:\MBG3183,Connect
device,{M7X5-B8EM20ET-5219HILA},02/22/2010 16:48:00,MBG3183,PC-3906,,Disconnect
device,{A6Q5-L0DP78PJ-6876NXAP},02/22/2010 16:52:36,MBG3183,PC-3906,R:\;R:\MBG3183,Connect
device,{Q4N8-K0DP96IH-5514MGAP},02/22/2010 16:58:14,MBG3183,PC-3906,,Disconnect
device,{T5P7-B7RV63PZ-2432OAHG},02/23/2010 11:43:22,MBG3183,PC-3906,R:\;R:\MBG3183,Connect
device,{M8B0-P5ZA31FM-6810FQGD},02/23/2010 13:22:45,MBG3183,PC-3906,,Disconnect
device,{Y2F7-K7ZE00DJ-2621LMPO},02/24/2010 09:05:43,MBG3183,PC-3906,R:\;R:\MBG3183,Connect
device,{I2H5-Z2FP02QG-8600AKWH},02/24/2010 11:08:20,MBG3183,PC-3906,,Disconnect
device,{B4S3-Z0TH29JT-4958DAFJ},02/25/2010 13:34:14,MBG3183,PC-3906,R:\;R:\MBG3183,Connect
device,{A5M3-Z2VZ84UB-1576NBSX},02/25/2010 13:41:49,MBG3183,PC-3906,,Disconnect
device,{T7U8-T5QW70NI-1025JUTD},02/25/2010 15:33:01,MBG3183,PC-3906,R:\;R:\MBG3183,Connect
device,{B9R1-E1LU43SP-3309FOMR},02/25/2010 15:45:48,MBG3183,PC-3906,,Disconnect
device,{O9R1-G3QK41PB-8914PSIS},02/26/2010 09:32:17,MBG3183,PC-3906,R:\;R:\MBG3183,Connect
device,{K9A6-B4KS24ZG-8537SKRJ},02/26/2010 09:50:19,MBG3183,PC-3906,,Disconnect
device,{R3T2-X7OH41NW-3653KJWZ},02/26/2010 14:07:21,MBG3183,PC-3906,R:\;R:\MBG3183,Connect
device,{F2Q8-F8UE15BU-7596CVFS},03/01/2010 14:41:40,MBG3183,PC-3906,R:\;R:\MBG3183,Connect
device,{M7A9-T5OM41XM-7858DICA},03/01/2010 14:46:25,MBG3183,PC-3906,,Disconnect
device,{K4F7-K3JS16OG-8109EFZQ},03/03/2010 09:10:19,MBG3183,PC-3906,R:\;R:\MBG3183,Connect
device,{A7T3-T1RB70ZA-7319NHKR},03/03/2010 09:11:18,MBG3183,PC-3906,,Disconnect
device,{X6B5-S7FX68LN-9351AGMC},03/03/2010 13:42:33,MBG3183,PC-3906,R:\;R:\MBG3183,Connect
device,{I3I3-D3JP22BY-4581PCEZ},03/03/2010 14:26:04,MBG3183,PC-3906,,Disconnect
device,{I8R4-J7WJ63RP-3788ANIG},03/04/2010 14:15:25,MBG3183,PC-3906,R:\;R:\MBG3183,Connect
device,{J8Q8-Q2IC74DY-2802IYFQ},03/04/2010 16:00:27,MBG3183,PC-3906,,Disconnect
device,{T4J5-X8XV55ER-2658YQXQ},03/08/2010 08:46:44,MBG3183,PC-3906,R:\;R:\MBG3183,Connect
device,{E2O8-Z9FU18FN-5017XVGP},03/08/2010 08:57:24,MBG3183,PC-3906,,Disconnect
device,{M4O1-E8EX31YW-4738EYWZ},03/09/2010 10:35:30,MBG3183,PC-3906,R:\;R:\MBG3183,Connect
device,{B2B5-A8HZ72ZM-0773DXGY},03/09/2010 12:33:06,MBG3183,PC-3906,,Disconnect
device,{Q9J8-B5ZF83DA-8983KKOE},03/09/2010 13:46:46,MBG3183,PC-3906,R:\;R:\MBG3183,Connect
device,{D6W8-S9SV50QG-6603DNZH},03/09/2010 14:05:56,MBG3183,PC-3906,,Disconnect
device,{V1O3-C0GQ78IQ-7466ZPDA},03/10/2010 08:16:15,MBG3183,PC-3906,R:\;R:\MBG3183,Connect
device,{M2W9-H9KD04WI-8570YQBY},03/10/2010 09:50:33,MBG3183,PC-3906,,Disconnect
device,{V6U9-A3PL80JS-9315RPIU},03/10/2010 14:28:34,MBG3183,PC-3906,R:\;R:\MBG3183,Connect
device,{W8V1-U9HL78JT-2711GTRD},03/10/2010 15:18:34,MBG3183,PC-3906,,Disconnect
device,{J8B1-P7CL03EB-1290DUOG},03/10/2010 15:21:49,MBG3183,PC-3906,R:\;R:\MBG3183,Connect
device,{S4O5-T3EQ71FB-8503EJVA},03/10/2010 15:31:31,MBG3183,PC-3906,,Disconnect
device,{O4M6-R7TE22IL-3587SNRD},03/11/2010 09:23:12,MBG3183,PC-3906,R:\;R:\MBG3183,Connect
device,{A1K4-L9PQ85TX-0023OCGB},03/11/2010 12:42:27,MBG3183,PC-3906,,Disconnect
device,{I5B4-C2OP69KD-4353GPBI},03/15/2010 11:24:15,MBG3183,PC-3906,R:\;R:\MBG3183,Connect
device,{F4A0-P5JD35FW-5070LAQW},03/15/2010 11:44:46,MBG3183,PC-3906,,Disconnect
device,{Q9U0-V9EI84ZO-7389AWYX},03/15/2010 15:44:22,MBG3183,PC-3906,R:\;R:\MBG3183,Connect
device,{M4N7-X9MZ45NR-4533APVS},03/15/2010 16:00:58,MBG3183,PC-3906,,Disconnect
device,{J8M6-S3TG31LY-4250FLXZ},03/17/2010 16:27:57,MBG3183,PC-3906,R:\;R:\MBG3183,Connect
device,{U2E6-P0ZY04BW-8716ZRAI},03/17/2010 16:54:13,MBG3183,PC-3906,,Disconnect
device,{V4U2-K2WZ32QC-8818FATC},03/18/2010 11:32:40,MBG3183,PC-3906,R:\;R:\MBG3183,Connect
device,{T5N5-V2BA20HM-7253TVOM},03/18/2010 13:37:14,MBG3183,PC-3906,,Disconnect
device,{E7I5-E7TT09MP-7102BJLH},03/18/2010 16:38:01,MBG3183,PC-3906,R:\;R:\MBG3183,Connect
device,{U6J5-O7FM20MC-6035OZWK},03/18/2010 17:02:06,MBG3183,PC-3906,,Disconnect
device,{T5I4-C3KQ98UV-8838JGHH},03/23/2010 09:55:50,MBG3183,PC-3906,R:\;R:\MBG3183,Connect
device,{S8Z6-D8IN89ZI-7218ECAS},03/23/2010 11:19:58,MBG3183,PC-3906,,Disconnect
device,{I8V9-F2GJ58JJ-8892DOFY},03/24/2010 09:47:08,MBG3183,PC-3906,R:\;R:\MBG3183,Connect
device,{R0M9-O2LO07WM-2773ZRDK},03/24/2010 09:54:27,MBG3183,PC-3906,,Disconnect
device,{O5C8-U4FW59SB-0190TFQV},03/26/2010 09:06:19,MBG3183,PC-3906,R:\;R:\MBG3183,Connect
device,{S6M3-V9IG57LS-9827YTYD},03/26/2010 09:08:52,MBG3183,PC-3906,,Disconnect
device,{C4P6-P1IZ07XV-2419JPVI},03/26/2010 11:04:49,MBG3183,PC-3906,R:\;R:\MBG3183,Connect
device,{L8U4-Q3DN70IH-3868GWRS},03/26/2010 11:09:56,MBG3183,PC-3906,,Disconnect
device,{F6J4-D6OF31JT-0207GQPM},03/26/2010 14:26:07,MBG3183,PC-3906,R:\;R:\MBG3183,Connect
device,{D7B0-D4ZQ50CK-8477EXMH},03/26/2010 14:31:01,MBG3183,PC-3906,,Disconnect
device,{D4O3-V0LX07GV-2833HKZL},03/29/2010 10:58:35,MBG3183,PC-3906,R:\;R:\MBG3183,Connect
device,{A6T6-T6OT44LR-2890MCFC},03/29/2010 11:03:05,MBG3183,PC-3906,,Disconnect
device,{S4H9-X5DC50SN-0477FOTI},03/29/2010 11:07:10,MBG3183,PC-3906,R:\;R:\MBG3183,Connect
device,{M2A3-T7BA72TM-4315GCMT},03/29/2010 11:07:12,MBG3183,PC-3906,,Disconnect
device,{W6S2-O5YJ51CP-2278JHIC},03/29/2010 11:07:31,MBG3183,PC-3906,R:\;R:\MBG3183,Connect
device,{F1K3-K0PH63OA-7326QUHN},03/29/2010 11:14:57,MBG3183,PC-3906,,Disconnect
device,{E0I7-O4AC02XC-1997JJDN},03/30/2010 09:07:00,MBG3183,PC-3906,R:\;R:\MBG3183,Connect
device,{Z4A5-B8YE07KX-5279NKXU},03/30/2010 09:28:44,MBG3183,PC-3906,,Disconnect
device,{B1G8-J5IJ27OF-4904FGVD},03/30/2010 12:27:52,MBG3183,PC-3906,R:\;R:\MBG3183,Connect
device,{A8D5-A1WD09MU-9838VADM},03/30/2010 12:40:10,MBG3183,PC-3906,,Disconnect
device,{I6M7-Z9UQ92LL-0904CYZI},04/01/2010 14:23:43,MBG3183,PC-3906,R:\;R:\MBG3183,Connect
device,{I0K4-L5EC89GF-3217VMOP},04/01/2010 14:39:38,MBG3183,PC-3906,,Disconnect
device,{D3P0-U2QF93NV-9561SUNV},04/01/2010 15:53:04,MBG3183,PC-3906,R:\;R:\MBG3183,Connect
device,{N0Q9-S5FQ23II-6941GSSK},04/01/2010 16:18:06,MBG3183,PC-3906,,Disconnect
device,{M3C5-X9IF56KD-4610OSOT},04/06/2010 10:26:38,MBG3183,PC-3906,R:\;R:\MBG3183,Connect
device,{X8V9-H3UT86JS-8045OUQH},04/06/2010 11:11:03,MBG3183,PC-3906,,Disconnect
device,{H6J2-T0IP10RO-3125QYNB},04/06/2010 15:17:52,MBG3183,PC-3906,R:\;R:\MBG3183,Connect
device,{U6E1-N7PB98MO-7301DIQT},04/06/2010 15:58:34,MBG3183,PC-3906,,Disconnect
device,{T1C6-V5UM58HD-0828TJJG},04/07/2010 10:42:27,MBG3183,PC-3906,R:\;R:\MBG3183,Connect
device,{N2V3-E9HO74XP-0105IDGG},04/07/2010 11:25:23,MBG3183,PC-3906,,Disconnect
device,{W4J8-S1NJ26KM-6852UHMK},04/08/2010 10:27:34,MBG3183,PC-3906,R:\;R:\MBG3183,Connect
device,{R2Z8-Z0TZ43RQ-4984GHRN},04/08/2010 10:30:07,MBG3183,PC-3906,,Disconnect
device,{F9A9-O1JC65GZ-0722MYRI},04/09/2010 13:57:13,MBG3183,PC-3906,R:\;R:\MBG3183,Connect
device,{Z9Y1-Z6VI81TC-5210TBHT},04/09/2010 14:35:45,MBG3183,PC-3906,,Disconnect
device,{T3V2-N8RX50XK-6410GIVU},04/09/2010 16:05:19,MBG3183,PC-3906,R:\;R:\MBG3183,Connect
device,{N7M2-E8NP29LK-8874AHCQ},04/09/2010 16:06:12,MBG3183,PC-3906,,Disconnect
device,{L7F1-P9PU59IL-0549BDTF},04/12/2010 08:40:29,MBG3183,PC-3906,R:\;R:\MBG3183,Connect
device,{D8K2-E9SL68EE-9100ANWA},04/12/2010 11:04:43,MBG3183,PC-3906,,Disconnect
device,{M3U3-T9WO66VK-5763CYIZ},04/13/2010 09:12:28,MBG3183,PC-3906,R:\;R:\MBG3183,Connect
device,{Q6X3-N7QU85ZM-4059USXY},04/13/2010 09:28:45,MBG3183,PC-3906,,Disconnect
device,{K8X6-T3WN90ND-4598XNDW},04/13/2010 09:46:14,MBG3183,PC-3906,R:\;R:\MBG3183,Connect
device,{D5U4-V1ZJ29IJ-5449LVKD},04/13/2010 10:22:55,MBG3183,PC-3906,,Disconnect
device,{E8T9-U4NF78PK-4498ELYH},04/13/2010 16:41:24,MBG3183,PC-3906,R:\;R:\MBG3183,Connect
device,{T4F7-R2TF13VV-8232HKCB},04/13/2010 17:06:17,MBG3183,PC-3906,,Disconnect
device,{H4V6-C6QE60MQ-7911NZKB},04/14/2010 12:39:00,MBG3183,PC-3906,R:\;R:\MBG3183,Connect
device,{O9B2-H9WZ48DF-7414RZBT},04/14/2010 13:02:21,MBG3183,PC-3906,,Disconnect
device,{F7F0-Y2KG95QG-0595TUMQ},04/15/2010 15:07:45,MBG3183,PC-3906,R:\;R:\MBG3183,Connect
device,{T2U1-O9EM23TN-6833IZZE},04/15/2010 15:10:20,MBG3183,PC-3906,,Disconnect
device,{F1I3-R0WD91ES-0227RRXN},04/21/2010 12:47:45,MBG3183,PC-3906,R:\;R:\MBG3183,Connect
device,{V9L3-Y8YN10HS-7406XBPO},04/21/2010 13:36:47,MBG3183,PC-3906,,Disconnect
device,{H0S5-L7GT31EB-3346MWVW},04/21/2010 15:46:24,MBG3183,PC-3906,R:\;R:\MBG3183,Connect
device,{U6B0-A0TE89TO-5950QZIM},04/21/2010 16:32:50,MBG3183,PC-3906,,Disconnect
device,{O6C2-H2ZC10MX-7020SNQG},04/26/2010 08:55:49,MBG3183,PC-3906,R:\;R:\MBG3183,Connect
device,{V2S0-P6PV08EL-6716ZEIE},04/26/2010 09:17:20,MBG3183,PC-3906,,Disconnect
device,{S1X3-V7SJ48GW-9231LXHE},04/26/2010 14:38:19,MBG3183,PC-3906,R:\;R:\MBG3183,Connect
device,{Z5T6-O2ZR26WA-4548ABAC},04/26/2010 15:43:10,MBG3183,PC-3906,,Disconnect
device,{N9N2-Y3GK03RC-2864UIAO},04/27/2010 12:21:54,MBG3183,PC-3906,R:\;R:\MBG3183,Connect
device,{O2S4-D6HV75WJ-6318BCNB},04/27/2010 14:10:28,MBG3183,PC-3906,,Disconnect
device,{W7V1-C6IH52OL-4328EJBG},04/28/2010 08:29:02,MBG3183,PC-3906,R:\;R:\MBG3183,Connect
device,{A4M9-D0ZB08JF-6346SLOF},04/28/2010 08:39:17,MBG3183,PC-3906,,Disconnect
device,{W6U5-U6XO66ZE-6680NPBC},04/30/2010 11:12:28,MBG3183,PC-3906,R:\;R:\MBG3183,Connect
device,{Z2A7-L9MS71LY-9686FMMH},04/30/2010 11:37:45,MBG3183,PC-3906,,Disconnect
device,{V3H9-N4CL36XT-1742RFKA},05/04/2010 12:42:12,MBG3183,PC-3906,R:\;R:\MBG3183,Connect
device,{B7J6-R3BJ75GJ-2151GJOS},05/04/2010 12:56:29,MBG3183,PC-3906,,Disconnect
device,{E8P5-J7YZ29GB-5135XPAZ},05/04/2010 15:52:33,MBG3183,PC-3906,R:\;R:\MBG3183,Connect
device,{I1R5-I5ES58ER-0470XBDW},05/04/2010 16:32:41,MBG3183,PC-3906,,Disconnect
device,{H9T6-G2AI62RU-1419QQMQ},05/05/2010 09:23:13,MBG3183,PC-3906,R:\;R:\MBG3183,Connect
device,{O4E2-M6LY49GO-4423LJJB},05/05/2010 09:23:50,MBG3183,PC-3906,,Disconnect
device,{V4Z1-G5HT15XV-4462UNVZ},05/05/2010 09:24:15,MBG3183,PC-3906,R:\;R:\MBG3183,Connect
device,{T2S1-P6UP73GR-4406WPVB},05/05/2010 10:29:26,MBG3183,PC-3906,,Disconnect
device,{K7G0-W0GD67ZB-7730FHPE},05/05/2010 16:42:23,MBG3183,PC-3906,R:\;R:\MBG3183,Connect
device,{L7K2-G8ER09SI-8343TTPD},05/05/2010 16:58:19,MBG3183,PC-3906,,Disconnect
device,{M4B6-Q4LG14OA-6116RSYN},05/07/2010 10:11:14,MBG3183,PC-3906,R:\;R:\MBG3183,Connect
device,{D0C8-X9TA10QT-8806MNUG},05/07/2010 10:13:46,MBG3183,PC-3906,,Disconnect
device,{U9T4-Y5CD26QU-9268EVGH},05/07/2010 14:37:27,MBG3183,PC-3906,R:\;R:\MBG3183,Connect
device,{O9B6-W7YE99VI-9205VHNJ},05/07/2010 14:57:44,MBG3183,PC-3906,,Disconnect
device,{K6A1-K8WG85BS-1873BCSN},05/10/2010 08:45:19,MBG3183,PC-3906,R:\;R:\MBG3183,Connect
device,{H8S5-T3SW68LM-1915XWHM},05/10/2010 09:35:11,MBG3183,PC-3906,,Disconnect
device,{S5G9-Y8NM27HQ-1528EILC},05/11/2010 08:09:15,MBG3183,PC-3906,R:\;R:\MBG3183,Connect
device,{F0M8-E2HN77QB-1504CYXW},05/11/2010 09:28:54,MBG3183,PC-3906,,Disconnect
device,{W4L4-S0WO70JX-0256CQKO},05/11/2010 15:32:20,MBG3183,PC-3906,R:\;R:\MBG3183,Connect
device,{H8W2-K3BR34BU-3332HWOG},05/11/2010 16:09:32,MBG3183,PC-3906,,Disconnect
device,{U5D5-E6QM23NM-7564TNPC},05/12/2010 08:40:41,MBG3183,PC-3906,R:\;R:\MBG3183,Connect
device,{D1D9-O0JS18KI-2695YVOC},05/12/2010 09:38:00,MBG3183,PC-3906,,Disconnect
device,{D6W6-X9MA85XP-2096AQGC},05/12/2010 13:31:47,MBG3183,PC-3906,R:\;R:\MBG3183,Connect
device,{D5V1-R0IX77AQ-7831HTXY},05/12/2010 14:38:39,MBG3183,PC-3906,,Disconnect
device,{G7F3-R9SE39UZ-1950QHNK},05/13/2010 09:09:54,MBG3183,PC-3906,R:\;R:\MBG3183,Connect
device,{M6Y3-P3CL38XY-2011FYGZ},05/13/2010 09:19:41,MBG3183,PC-3906,,Disconnect
device,{X1A9-K1XV10EZ-7685RNDV},05/14/2010 08:35:18,MBG3183,PC-3906,R:\;R:\MBG3183,Connect
device,{K8J9-F0BI19AO-8886NSCF},05/14/2010 08:52:27,MBG3183,PC-3906,,Disconnect
device,{Q1A9-C7IH07LI-9315EVYX},05/17/2010 13:27:26,MBG3183,PC-3906,R:\;R:\MBG3183,Connect
device,{M6I0-M1RV24HN-9915ZBHF},05/17/2010 14:35:36,MBG3183,PC-3906,,Disconnect
device,{R2L0-N3GF49ZH-3908NCBI},05/19/2010 11:15:20,MBG3183,PC-3906,R:\;R:\MBG3183,Connect
device,{Z5S2-B3EN22SB-4192SGOP},05/19/2010 11:48:15,MBG3183,PC-3906,,Disconnect
device,{I8I6-D6JP74DH-8273RMKK},05/20/2010 08:09:32,MBG3183,PC-3906,R:\;R:\MBG3183,Connect
device,{B1T2-N4NI18FJ-0218TRQA},05/20/2010 08:55:18,MBG3183,PC-3906,,Disconnect
device,{X9U2-T9DZ85VI-7408FFUL},05/20/2010 14:00:25,MBG3183,PC-3906,R:\;R:\MBG3183,Connect
device,{B8I2-J2LU86XS-5542QIEW},05/20/2010 14:33:23,MBG3183,PC-3906,,Disconnect
device,{R5X8-B7KU45HI-4801HLRU},05/21/2010 10:31:35,MBG3183,PC-3906,R:\;R:\MBG3183,Connect
device,{M2E8-I0YO72AN-8054MFWA},05/21/2010 10:57:03,MBG3183,PC-3906,,Disconnect
device,{H2P8-H1NJ72OS-6400OCQH},05/21/2010 15:34:52,MBG3183,PC-3906,R:\;R:\MBG3183,Connect
device,{V2E2-I7CR45PR-1706OFIP},05/21/2010 15:54:50,MBG3183,PC-3906,,Disconnect
device,{X3K9-V2XG28LX-8968FRWC},05/24/2010 12:44:39,MBG3183,PC-3906,R:\;R:\MBG3183,Connect
device,{I2B6-X6JM47WT-3838XEWB},05/24/2010 13:31:57,MBG3183,PC-3906,,Disconnect
device,{P8V5-V3YE90NN-1594NPQP},05/27/2010 15:55:49,MBG3183,PC-3906,R:\;R:\MBG3183,Connect
device,{R8N9-C6UC74KH-2291CXJT},05/27/2010 15:57:02,MBG3183,PC-3906,,Disconnect
device,{U8E7-C2KH99BI-2384IOVE},05/27/2010 16:28:23,MBG3183,PC-3906,R:\;R:\MBG3183,Connect
device,{H4M5-L3VM42PZ-5804CFOK},05/27/2010 16:49:34,MBG3183,PC-3906,,Disconnect
device,{E8T8-R5TV59BB-5500KMYP},05/28/2010 14:16:46,MBG3183,PC-3906,R:\;R:\MBG3183,Connect
device,{I3C4-U7VG42IA-9643AWUC},05/28/2010 14:56:20,MBG3183,PC-3906,,Disconnect
device,{T2J2-K9QA05GR-6610JOFS},06/02/2010 12:34:25,MBG3183,PC-3906,R:\;R:\MBG3183,Connect
device,{J9Y2-W5NZ88LK-9657YPAT},06/02/2010 12:38:36,MBG3183,PC-3906,,Disconnect
device,{Z0X6-R3DM69EY-1611DTDW},06/04/2010 13:43:46,MBG3183,PC-3906,R:\;R:\MBG3183,Connect
device,{A6R7-T0TN29PL-3087IEMC},06/04/2010 13:59:19,MBG3183,PC-3906,,Disconnect
device,{A0W8-P5MY52YX-0744LUWR},06/04/2010 16:00:05,MBG3183,PC-3906,R:\;R:\MBG3183,Connect
device,{L0U3-A8OL82UO-5963EDLC},06/04/2010 16:02:35,MBG3183,PC-3906,,Disconnect
device,{V4B3-F3TA36ON-5302GZLC},06/08/2010 09:09:02,MBG3183,PC-3906,R:\;R:\MBG3183,Connect
device,{R6S7-L1XE27UT-1614LWUH},06/08/2010 09:45:22,MBG3183,PC-3906,,Disconnect
device,{T2Q2-R3KH99OY-6066FKBW},06/10/2010 15:03:10,MBG3183,PC-3906,R:\;R:\MBG3183,Connect
device,{F0X8-Z5GN09HS-1470JSEM},06/10/2010 15:09:53,MBG3183,PC-3906,,Disconnect
device,{H2N9-S1IT35XY-7641JLED},06/11/2010 15:03:05,MBG3183,PC-3906,R:\;R:\MBG3183,Connect
device,{C2M7-Q9CJ48QD-2983VOFF},06/11/2010 15:42:54,MBG3183,PC-3906,,Disconnect
device,{M0N0-C6PX19CG-8578NBDK},06/14/2010 09:58:04,MBG3183,PC-3906,R:\;R:\MBG3183,Connect
device,{Z3A6-A5HO37LO-5180SEFO},06/14/2010 11:53:06,MBG3183,PC-3906,,Disconnect
device,{B5X9-A6SA13EB-0974PWPU},06/14/2010 13:21:03,MBG3183,PC-3906,R:\;R:\MBG3183,Connect
device,{S9M5-R2TY18NK-5685SDVO},06/14/2010 13:37:03,MBG3183,PC-3906,,Disconnect
device,{Q7B4-P1OZ56UX-6071EPMT},06/16/2010 09:49:07,MBG3183,PC-3906,R:\;R:\MBG3183,Connect
device,{M1L4-A3DD30SJ-9005XAHR},06/16/2010 09:50:28,MBG3183,PC-3906,,Disconnect
device,{T5F5-P8FG28PO-9678KFTC},06/16/2010 14:44:00,MBG3183,PC-3906,R:\;R:\MBG3183,Connect
device,{H5D0-X9CX33EA-9980SUIO},06/16/2010 15:17:09,MBG3183,PC-3906,,Disconnect
device,{Y1J3-P9PZ94PJ-9789GETG},06/21/2010 14:50:49,MBG3183,PC-3906,R:\;R:\MBG3183,Connect
device,{Y5I5-I2AB30PQ-2217AEEL},06/21/2010 15:08:34,MBG3183,PC-3906,,Disconnect
device,{D6V5-F6RC82PZ-3430JQPO},06/22/2010 15:33:11,MBG3183,PC-3906,R:\;R:\MBG3183,Connect
device,{G5J9-R1LE47TH-0210PTMD},06/22/2010 16:59:48,MBG3183,PC-3906,,Disconnect
device,{B8F8-M7XI81VQ-2835VGPV},06/23/2010 09:24:53,MBG3183,PC-3906,R:\;R:\MBG3183,Connect
device,{G6K3-Y4AJ66OF-2094RPFU},06/23/2010 10:06:48,MBG3183,PC-3906,,Disconnect
device,{Q3D1-Z8GH50UV-7107MWNI},06/24/2010 15:56:44,MBG3183,PC-3906,R:\;R:\MBG3183,Connect
device,{P3F1-F7JS66IM-2362XBXD},06/24/2010 16:35:27,MBG3183,PC-3906,,Disconnect
device,{O6K8-M3MD51XS-7852EMQH},06/29/2010 13:18:15,MBG3183,PC-3906,R:\;R:\MBG3183,Connect
device,{U9E2-D4YQ38HT-0309ESOI},06/29/2010 13:42:58,MBG3183,PC-3906,,Disconnect
device,{L7L6-O8FA02JJ-8050PDBV},06/29/2010 14:33:06,MBG3183,PC-3906,R:\;R:\MBG3183,Connect
device,{V0M4-O1GS60DQ-0868OQCJ},06/29/2010 14:50:01,MBG3183,PC-3906,,Disconnect
device,{W0R7-R4SI29NW-2169BTUV},06/30/2010 10:44:18,MBG3183,PC-3906,R:\;R:\MBG3183,Connect
device,{C0B5-A7GU40NK-3136BHOG},06/30/2010 11:09:37,MBG3183,PC-3906,,Disconnect
device,{L8L3-N2OX81UJ-1510WAPN},06/30/2010 15:23:39,MBG3183,PC-3906,R:\;R:\MBG3183,Connect
device,{P9R0-C0RN50AK-7978IMHZ},06/30/2010 15:58:00,MBG3183,PC-3906,,Disconnect
device,{P9T3-V6VV59TD-4778WLSV},06/30/2010 16:22:31,MBG3183,PC-3906,R:\;R:\MBG3183,Connect
device,{V6W5-Z5DI68OZ-1904XXPX},06/30/2010 16:28:24,MBG3183,PC-3906,,Disconnect
device,{B7T3-I4LL29OA-5937XZKX},07/01/2010 10:20:00,MBG3183,PC-3906,R:\;R:\MBG3183,Connect
device,{J3T8-A9ES06PZ-3624WZIL},07/01/2010 10:34:21,MBG3183,PC-3906,,Disconnect
device,{S2M1-Y2UL31OG-0379DFSK},07/01/2010 15:06:23,MBG3183,PC-3906,R:\;R:\MBG3183,Connect
device,{Z5N7-N4GQ29XX-8929QQYR},07/01/2010 15:16:57,MBG3183,PC-3906,,Disconnect
device,{X7C0-L2WU35WG-5119FJOI},07/02/2010 14:21:37,MBG3183,PC-3906,R:\;R:\MBG3183,Connect
device,{O7T6-S9KU81NN-7142GFTT},07/02/2010 15:18:04,MBG3183,PC-3906,,Disconnect
device,{R0W0-M5RH47RU-6357KELH},07/02/2010 16:16:42,MBG3183,PC-3906,R:\;R:\MBG3183,Connect
device,{J6J8-W5MC30LE-9637NBZG},07/02/2010 16:22:53,MBG3183,PC-3906,,Disconnect
device,{V2A2-O0OD96JX-0805HRSJ},07/08/2010 10:06:21,MBG3183,PC-3906,R:\;R:\MBG3183,Connect
device,{I0O6-R8NR63CL-7246JLGT},07/08/2010 11:04:36,MBG3183,PC-3906,,Disconnect
device,{P6X7-U9AN67NH-8766BJBW},07/08/2010 15:14:13,MBG3183,PC-3906,R:\;R:\MBG3183,Connect
device,{F7S2-B3ST35QD-8715POZK},07/08/2010 15:18:16,MBG3183,PC-3906,,Disconnect
device,{U3U9-A1TQ16MC-3779HYUG},07/09/2010 13:01:53,MBG3183,PC-3906,R:\;R:\MBG3183,Connect
device,{E7X9-M4IW59UH-8473RBHE},07/09/2010 14:09:34,MBG3183,PC-3906,,Disconnect
device,{M0D9-D7GN81NR-9913TQSM},07/09/2010 15:41:17,MBG3183,PC-3906,R:\;R:\MBG3183,Connect
device,{L5U3-Y2PX89BI-9887VYZZ},07/09/2010 15:43:50,MBG3183,PC-3906,,Disconnect
device,{C3M5-A3HG10XG-9592CJZM},07/12/2010 08:43:05,MBG3183,PC-3906,R:\;R:\MBG3183,Connect
device,{K3M3-V8ZE57AG-0515JEFL},07/12/2010 08:54:27,MBG3183,PC-3906,,Disconnect
device,{X0O9-V7SQ44QO-5694WPXS},07/12/2010 16:23:03,MBG3183,PC-3906,R:\;R:\MBG3183,Connect
device,{K9C0-O1HS21JV-5709FENI},07/12/2010 16:57:24,MBG3183,PC-3906,,Disconnect
device,{B9W4-R0EH53KF-0263GARR},07/14/2010 15:34:02,MBG3183,PC-3906,R:\;R:\MBG3183,Connect
device,{E9Y3-S0UT29HP-4486SPYA},07/14/2010 15:46:59,MBG3183,PC-3906,,Disconnect
device,{H9T9-W1AN71LZ-5184ATYM},07/19/2010 09:06:30,MBG3183,PC-3906,R:\;R:\MBG3183,Connect
device,{Y6S8-I1OY11UX-9619NGWY},07/19/2010 10:14:58,MBG3183,PC-3906,R:\;R:\MBG3183,Connect
device,{D6X9-B7RR13RW-9201ISMD},07/19/2010 10:59:07,MBG3183,PC-3906,,Disconnect
device,{S4E4-I3IV79SI-2967YOMF},07/21/2010 13:42:39,MBG3183,PC-3906,R:\;R:\MBG3183,Connect
device,{Y6I1-M0GH78FV-1035HSHA},07/21/2010 14:43:33,MBG3183,PC-3906,,Disconnect
device,{G5L0-I3MA16LB-6116QCFQ},07/23/2010 12:51:38,MBG3183,PC-3906,R:\;R:\MBG3183,Connect
device,{Z9I2-Z6ND63JZ-9159EJMO},07/23/2010 14:05:37,MBG3183,PC-3906,,Disconnect
device,{H5V2-L1TQ72LR-2953SUSG},07/26/2010 09:44:42,MBG3183,PC-3906,R:\;R:\MBG3183,Connect
device,{E5H8-B5RF85OO-5694YCZR},07/26/2010 09:58:40,MBG3183,PC-3906,,Disconnect
device,{A6P7-I3PB44JQ-5752SXGY},07/28/2010 09:39:02,MBG3183,PC-3906,R:\;R:\MBG3183,Connect
device,{D7Q5-E0UM99JE-4619LUTG},07/28/2010 10:17:15,MBG3183,PC-3906,,Disconnect
device,{D6B4-X4OV78LG-4511SYUW},07/28/2010 15:27:06,MBG3183,PC-3906,R:\;R:\MBG3183,Connect
device,{W2W4-Y8WD45DP-7016QEHN},07/28/2010 15:28:38,MBG3183,PC-3906,,Disconnect
device,{B8C2-E2RG33FY-9398RSOA},07/29/2010 10:28:13,MBG3183,PC-3906,R:\;R:\MBG3183,Connect
device,{B6M7-R5HO81KO-9002IRSB},07/29/2010 12:31:20,MBG3183,PC-3906,,Disconnect
device,{O7B3-H3WR75MW-3000DATO},07/30/2010 08:52:35,MBG3183,PC-3906,R:\;R:\MBG3183,Connect
device,{H4X7-G5HF75FO-8876IVMX},07/30/2010 09:19:19,MBG3183,PC-3906,,Disconnect
device,{V9U0-B9NP88DC-1673UEIG},08/03/2010 09:49:06,MBG3183,PC-3906,R:\;R:\MBG3183,Connect
device,{J4Z6-L2DW64HD-1609XYDS},08/03/2010 10:12:53,MBG3183,PC-3906,,Disconnect
device,{J6N8-G6VM39QB-4174AFQA},08/03/2010 14:44:31,MBG3183,PC-3906,R:\;R:\MBG3183,Connect
device,{G6R3-V8PI11JT-8148VICC},08/03/2010 15:10:00,MBG3183,PC-3906,,Disconnect
device,{U5B5-S2IW68VV-4041CYKL},08/04/2010 11:29:07,MBG3183,PC-3906,R:\;R:\MBG3183,Connect
device,{W7S5-M6YS22XX-8927WQUG},08/04/2010 12:07:34,MBG3183,PC-3906,,Disconnect
device,{M9N3-S2IU76MN-8111EDFD},08/04/2010 13:35:56,MBG3183,PC-3906,R:\;R:\MBG3183,Connect
device,{U6W3-T7DO50SB-8116QEFF},08/04/2010 14:10:39,MBG3183,PC-3906,,Disconnect
device,{G7R4-U4GR92DH-3909CDNU},08/05/2010 10:03:02,MBG3183,PC-3906,R:\;R:\MBG3183,Connect
device,{I5I3-C1JU70UM-0335GIBR},08/05/2010 10:18:51,MBG3183,PC-3906,,Disconnect
device,{G6P0-H0DK44TX-6127VWHF},08/06/2010 08:24:20,MBG3183,PC-3906,R:\;R:\MBG3183,Connect
device,{Q2V6-U2QP17UC-1799HXDW},08/06/2010 09:01:46,MBG3183,PC-3906,R:\;R:\MBG3183,Connect
device,{C7O7-V7XO19OT-8884ROFP},08/06/2010 09:37:53,MBG3183,PC-3906,,Disconnect
device,{J5O2-F6HC33WH-3351UKBC},08/10/2010 09:29:04,MBG3183,PC-3906,R:\;R:\MBG3183,Connect
device,{M0Y1-Q0MQ93XZ-2742BISQ},08/10/2010 09:38:51,MBG3183,PC-3906,,Disconnect
device,{A2S6-Y9EM83VY-0018DJAS},08/11/2010 11:55:44,MBG3183,PC-3906,R:\;R:\MBG3183,Connect
device,{B2I3-I5SM18LI-3583CCQH},08/11/2010 12:08:36,MBG3183,PC-3906,,Disconnect
device,{E6J9-D5RL36IM-7271DTPB},08/12/2010 08:41:16,MBG3183,PC-3906,R:\;R:\MBG3183,Connect
device,{L7G2-V7OH73HI-3802ZOBH},08/12/2010 09:02:11,MBG3183,PC-3906,,Disconnect
device,{W5P8-I4XZ62ZF-8701SNEW},08/16/2010 09:11:31,MBG3183,PC-3906,R:\;R:\MBG3183,Connect
device,{W3W0-K2SI03AI-4294WNFR},08/16/2010 09:58:26,MBG3183,PC-3906,,Disconnect
device,{Z5Q4-I2HZ34XN-1279TSXL},08/16/2010 12:27:39,MBG3183,PC-3906,R:\;R:\MBG3183,Connect
device,{K6A3-E7KB62EQ-1903NZHR},08/16/2010 13:01:32,MBG3183,PC-3906,,Disconnect
device,{G7I4-P5BR87XV-3124UTXI},08/18/2010 15:07:35,MBG3183,PC-3906,R:\;R:\MBG3183,Connect
device,{V4D3-B3NV07OV-7999YBDE},08/18/2010 15:59:06,MBG3183,PC-3906,,Disconnect
device,{J2X9-M7UK00XK-5651KDZH},08/19/2010 11:40:39,MBG3183,PC-3906,R:\;R:\MBG3183,Connect
device,{U5W1-V6ST47LK-8431KVRZ},08/19/2010 12:01:35,MBG3183,PC-3906,,Disconnect
device,{K1H1-C0KT82PL-0210PEXB},08/19/2010 14:05:45,MBG3183,PC-3906,R:\;R:\MBG3183,Connect
device,{I6L1-L1LR18IU-7965MHXJ},08/19/2010 14:58:45,MBG3183,PC-3906,,Disconnect
device,{F7W9-G3LA25VT-2393OBCM},08/23/2010 09:22:16,MBG3183,PC-3906,R:\;R:\MBG3183,Connect
device,{V7Z1-K6MU05IS-9209PKCY},08/23/2010 09:25:11,MBG3183,PC-3906,,Disconnect
device,{N5I7-E5RS21ZW-0413MRZN},08/23/2010 15:05:14,MBG3183,PC-3906,R:\;R:\MBG3183,Connect
device,{C7M7-D6OL78KD-8278ENCS},08/23/2010 16:14:27,MBG3183,PC-3906,,Disconnect
device,{I5Z7-Q7NK60DZ-4635HQXW},08/24/2010 08:28:23,MBG3183,PC-3906,R:\;R:\MBG3183,Connect
device,{A4K5-T6FG36LC-6102XSXC},08/24/2010 09:12:18,MBG3183,PC-3906,,Disconnect
device,{J0N4-H7FR87NR-8009UYSS},08/24/2010 10:05:08,MBG3183,PC-3906,R:\;R:\MBG3183,Connect
device,{Y0U9-L4ZY98PH-1105EHMA},08/24/2010 10:19:31,MBG3183,PC-3906,,Disconnect
device,{J3J7-C7MP46UU-2978EXJU},08/24/2010 14:31:51,MBG3183,PC-3906,R:\;R:\MBG3183,Connect
device,{A2I3-U0NV73LP-2136FAUY},08/24/2010 14:36:33,MBG3183,PC-3906,,Disconnect
device,{Z2M2-I9BJ39MR-5521TWJH},08/25/2010 08:52:05,MBG3183,PC-3906,R:\;R:\MBG3183,Connect
device,{O7Z1-B8MW83FE-9049HUGX},08/25/2010 09:11:41,MBG3183,PC-3906,,Disconnect
device,{G4Y6-F3RL62LE-9597OOQD},08/25/2010 15:23:13,MBG3183,PC-3906,R:\;R:\MBG3183,Connect
device,{S0X6-K4LN86EW-7060XZQP},08/25/2010 15:32:16,MBG3183,PC-3906,,Disconnect
device,{T7B0-Y1KS00DV-1656AMRK},08/25/2010 15:50:08,MBG3183,PC-3906,R:\;R:\MBG3183,Connect
device,{K8D5-A8DG92NW-9684BNWE},08/25/2010 15:54:41,MBG3183,PC-3906,,Disconnect
device,{H4K9-H5YY94RG-4471UXQI},08/26/2010 10:28:43,MBG3183,PC-3906,R:\;R:\MBG3183,Connect
device,{P0T1-K7ND50VU-9947CXOT},08/26/2010 11:17:44,MBG3183,PC-3906,,Disconnect
device,{A4U4-W7JZ93PX-1571OUFR},08/31/2010 15:56:14,MBG3183,PC-3906,R:\;R:\MBG3183,Connect
device,{K7B9-Z0UK27TA-3001LXAK},08/31/2010 16:26:05,MBG3183,PC-3906,,Disconnect
device,{X8S1-Z9DT04RV-8200NSPV},09/03/2010 14:54:12,MBG3183,PC-3906,R:\;R:\MBG3183,Connect
device,{H5E7-B2FL29OK-8124FZFP},09/03/2010 15:00:38,MBG3183,PC-3906,,Disconnect
device,{M4P1-Z7ET48ZH-4385SDXE},09/03/2010 16:07:02,MBG3183,PC-3906,R:\;R:\MBG3183,Connect
device,{Q7C9-Y6XB52SW-5485WXCX},09/03/2010 16:25:19,MBG3183,PC-3906,,Disconnect
device,{T7Y2-J4QH87CH-1908BPAZ},09/07/2010 15:41:44,MBG3183,PC-3906,R:\;R:\MBG3183,Connect
device,{A5D8-O6JV50JO-2080FJPE},09/07/2010 15:45:22,MBG3183,PC-3906,,Disconnect
device,{R0H0-O1ZX42WS-8606ULAE},09/07/2010 16:12:40,MBG3183,PC-3906,R:\;R:\MBG3183,Connect
device,{I3W5-B5OZ14SK-6330XOZU},09/07/2010 16:29:49,MBG3183,PC-3906,,Disconnect
device,{Y3H4-I7RZ92ED-2239QXTK},09/08/2010 11:29:53,MBG3183,PC-3906,R:\;R:\MBG3183,Connect
device,{U5K1-A8GM25DW-8022OWGI},09/08/2010 11:47:12,MBG3183,PC-3906,,Disconnect
device,{C1M7-V0FX71PA-9948HGKN},09/08/2010 12:11:04,MBG3183,PC-3906,R:\;R:\MBG3183,Connect
device,{F0K7-B3DF22GL-3708MYCM},09/08/2010 12:26:18,MBG3183,PC-3906,,Disconnect
device,{G7O0-U8RV92JI-5553SAZN},09/09/2010 09:50:30,MBG3183,PC-3906,R:\;R:\MBG3183,Connect
device,{J5F5-Z4SA97QJ-8116YQHF},09/09/2010 11:49:25,MBG3183,PC-3906,,Disconnect
device,{Y9M7-M3AO37LE-3888UVNZ},09/13/2010 13:49:06,MBG3183,PC-3906,R:\;R:\MBG3183,Connect
device,{H8G6-K8EU19MN-6673FONK},09/13/2010 14:49:02,MBG3183,PC-3906,,Disconnect
device,{C0W8-P7OP90GB-0319ODZK},09/14/2010 09:18:57,MBG3183,PC-3906,R:\;R:\MBG3183,Connect
device,{X1V9-D9DD06GW-2203QDSG},09/14/2010 09:26:37,MBG3183,PC-3906,,Disconnect
device,{E2J4-Y5UI87HI-0374PABF},09/14/2010 12:18:26,MBG3183,PC-3906,R:\;R:\MBG3183,Connect
device,{G7M9-F6KM10JN-1924NZXN},09/14/2010 12:45:52,MBG3183,PC-3906,,Disconnect
device,{I5G6-M5EC19SR-4480MHZX},09/15/2010 15:15:09,MBG3183,PC-3906,R:\;R:\MBG3183,Connect
device,{A0W7-U5EP89HO-7183YHCB},09/15/2010 15:37:48,MBG3183,PC-3906,,Disconnect
device,{F4U6-S8WU04RN-3928PURM},09/22/2010 09:24:10,MBG3183,PC-3906,R:\;R:\MBG3183,Connect
device,{C0Q6-N6NH24QM-5534OQCV},09/22/2010 09:34:45,MBG3183,PC-3906,,Disconnect
device,{J7J8-H4OZ04JH-9906PUJT},09/22/2010 15:52:18,MBG3183,PC-3906,R:\;R:\MBG3183,Connect
device,{J4G2-Y4VT95HZ-7328WRSN},09/22/2010 16:19:12,MBG3183,PC-3906,,Disconnect
device,{V2S8-N8VT60CH-2930UMRK},09/23/2010 12:31:07,MBG3183,PC-3906,R:\;R:\MBG3183,Connect
device,{U3G0-J8RK26AX-1502PRBM},09/23/2010 13:57:49,MBG3183,PC-3906,,Disconnect
device,{I7C5-X8IK50MI-8570RSGS},09/23/2010 15:17:12,MBG3183,PC-3906,R:\;R:\MBG3183,Connect
device,{C2S2-O0QU15NN-9005MBWG},09/23/2010 15:24:05,MBG3183,PC-3906,,Disconnect
device,{Q0M9-R1MJ93ZZ-4831UMGE},09/24/2010 08:37:32,MBG3183,PC-3906,R:\;R:\MBG3183,Connect
device,{O0S2-N8GT60JL-9814KLWB},09/24/2010 08:44:42,MBG3183,PC-3906,,Disconnect
device,{J6I4-Z8TD13SI-5561ZSOP},09/30/2010 10:32:55,MBG3183,PC-3906,R:\;R:\MBG3183,Connect
device,{M9H5-V8NO99UC-2015EMRW},09/30/2010 10:37:58,MBG3183,PC-3906,,Disconnect
device,{E7C5-A3NC39AU-4874PAPO},09/30/2010 15:46:24,MBG3183,PC-3906,R:\;R:\MBG3183,Connect
device,{R4Y7-I8PR11FB-9450OLEX},09/30/2010 16:14:10,MBG3183,PC-3906,,Disconnect
device,{R1W8-C5AE01NU-2759VNRR},10/06/2010 14:33:10,MBG3183,PC-3906,R:\;R:\MBG3183,Connect
device,{N9Z6-S2ZR54UH-3109TSOE},10/06/2010 14:47:46,MBG3183,PC-3906,,Disconnect
device,{N4Q4-U2WF98PY-6116SCLV},10/11/2010 10:57:31,MBG3183,PC-3906,R:\;R:\MBG3183,Connect
device,{K3M7-K5NB93KD-2882CKSV},10/11/2010 11:08:24,MBG3183,PC-3906,,Disconnect
device,{G6Y2-T9GY45MS-3134YKHR},10/11/2010 15:17:29,MBG3183,PC-3906,R:\;R:\MBG3183,Connect
device,{W4V7-Q1AU90OH-1381GVKT},10/11/2010 15:30:14,MBG3183,PC-3906,,Disconnect
device,{E5Z4-G8GW84KD-8978JHOK},10/13/2010 12:09:53,MBG3183,PC-3906,R:\;R:\MBG3183,Connect
device,{R6Z7-W4KY12VZ-5597ZVVA},10/13/2010 13:28:16,MBG3183,PC-3906,,Disconnect
device,{A6E3-A9QZ04HG-1401BQRN},10/13/2010 13:31:20,MBG3183,PC-3906,R:\;R:\MBG3183,Connect
device,{M1J8-Y5DD42LC-4108WRKW},10/13/2010 14:16:33,MBG3183,PC-3906,,Disconnect
device,{W1A4-F9ID47XY-6608FATX},10/13/2010 16:11:27,MBG3183,PC-3906,R:\;R:\MBG3183,Connect
device,{M3R5-Y4JZ56ZE-1319LBSF},10/13/2010 16:54:55,MBG3183,PC-3906,,Disconnect
device,{S3W1-A5QK54EB-9719DXFO},10/14/2010 09:19:49,MBG3183,PC-3906,R:\;R:\MBG3183,Connect
device,{M6A4-Y8AJ49XF-4964SYWL},10/14/2010 10:07:36,MBG3183,PC-3906,,Disconnect
device,{Z1E6-A3TY60CD-8139SQFP},10/14/2010 14:34:52,MBG3183,PC-3906,R:\;R:\MBG3183,Connect
device,{R2T2-U3QV22VL-3363TZWB},10/14/2010 14:50:56,MBG3183,PC-3906,,Disconnect
device,{P9C3-G2EH87EI-6619MFDU},10/15/2010 13:41:19,MBG3183,PC-3906,R:\;R:\MBG3183,Connect
device,{T7P0-S5XD97TC-8104DKSX},10/15/2010 14:10:35,MBG3183,PC-3906,,Disconnect
device,{Z8R2-T2NU02LP-5603DCDX},10/20/2010 12:07:30,MBG3183,PC-3906,R:\;R:\MBG3183,Connect
device,{N0F5-I9IW10AT-8797AOHP},10/20/2010 14:29:13,MBG3183,PC-3906,,Disconnect
device,{Z9V0-Z1AE24AC-7644ZHLM},10/21/2010 10:55:24,MBG3183,PC-3906,R:\;R:\MBG3183,Connect
device,{S1E1-S8VI38AU-9637CFWN},10/21/2010 11:12:29,MBG3183,PC-3906,,Disconnect
device,{M7F3-Y6IR58MM-3676OWTH},10/21/2010 11:40:09,MBG3183,PC-3906,R:\;R:\MBG3183,Connect
device,{C2N6-T4EL12DU-4362QPZN},10/21/2010 11:54:51,MBG3183,PC-3906,,Disconnect
device,{J3T3-L3ZH25IH-9713OWYL},10/22/2010 09:46:12,MBG3183,PC-3906,R:\;R:\MBG3183,Connect
device,{O5E9-E4QT82DR-4163CEEI},10/22/2010 09:51:41,MBG3183,PC-3906,,Disconnect
device,{G5Z7-S1QM29FV-7186XAUS},10/22/2010 15:48:18,MBG3183,PC-3906,R:\;R:\MBG3183,Connect
device,{M2M5-Q9BA85PM-8262HRTB},10/22/2010 16:21:10,MBG3183,PC-3906,,Disconnect
device,{X9P4-M0LG25SJ-8840EEOI},10/25/2010 08:51:38,MBG3183,PC-3906,R:\;R:\MBG3183,Connect
device,{A5I1-Z9WY74QN-9004USKS},10/25/2010 09:36:33,MBG3183,PC-3906,,Disconnect
device,{M2C3-N9YD34KZ-1675HIRV},10/25/2010 14:19:02,MBG3183,PC-3906,R:\;R:\MBG3183,Connect
device,{Q0W4-U8HH17CF-5435UNMU},10/25/2010 14:34:40,MBG3183,PC-3906,,Disconnect
device,{U7F6-X3DO53YB-9483JUVY},10/26/2010 10:43:21,MBG3183,PC-3906,R:\;R:\MBG3183,Connect
device,{J6G1-B5MQ82PK-0945QDVU},10/26/2010 10:55:29,MBG3183,PC-3906,,Disconnect
device,{D4X3-A0DG15NX-9473XGQJ},10/27/2010 12:54:26,MBG3183,PC-3906,R:\;R:\MBG3183,Connect
device,{Z0L9-D2AD46FH-7960ERPG},10/27/2010 14:32:27,MBG3183,PC-3906,,Disconnect
device,{D5D1-W8HO60PY-2751JMPK},10/29/2010 15:22:03,MBG3183,PC-3906,R:\;R:\MBG3183,Connect
device,{W0G7-S1HR38VA-9846GJCB},10/29/2010 15:31:24,MBG3183,PC-3906,,Disconnect
device,{N1O9-K7AX47HL-3110NOLL},10/29/2010 16:34:13,MBG3183,PC-3906,R:\;R:\MBG3183,Connect
device,{Q0G1-N0JC92EQ-5556VAPD},10/29/2010 16:34:16,MBG3183,PC-3906,,Disconnect
device,{Y8L4-V0MM85BD-1203RTEY},11/01/2010 09:26:49,MBG3183,PC-3906,R:\;R:\MBG3183,Connect
device,{P9I6-Z9PO79VE-5818HEMC},11/01/2010 09:39:37,MBG3183,PC-3906,,Disconnect
device,{K4V7-H8HC80JN-5480ASIU},11/02/2010 10:07:52,MBG3183,PC-3906,R:\;R:\MBG3183,Connect
device,{D4H6-L8NR08XW-8908NGQJ},11/02/2010 10:13:58,MBG3183,PC-3906,,Disconnect
device,{R6K8-L9ZN96JZ-5457UFHM},11/03/2010 10:14:38,MBG3183,PC-3906,R:\;R:\MBG3183,Connect
device,{Z6F6-H5UN03TL-3554NZUB},11/03/2010 10:17:55,MBG3183,PC-3906,,Disconnect
device,{Y2C9-I0KC92NB-9133RYYM},11/03/2010 15:35:49,MBG3183,PC-3906,R:\;R:\MBG3183,Connect
device,{I0U4-V3FE27OU-4739FZHC},11/03/2010 16:10:50,MBG3183,PC-3906,,Disconnect
device,{O1A5-A8FU84WX-9988QTLU},11/04/2010 11:01:54,MBG3183,PC-3906,R:\;R:\MBG3183,Connect
device,{O6W6-R0AN32NI-2553GIXU},11/04/2010 11:33:04,MBG3183,PC-3906,,Disconnect
device,{H0F7-S7HB92OM-9712TQQY},11/09/2010 09:17:08,MBG3183,PC-3906,R:\;R:\MBG3183,Connect
device,{Z2O9-C9CR01SB-7848SKJE},11/09/2010 09:25:30,MBG3183,PC-3906,,Disconnect
device,{S1E9-W9PG56UJ-9219IMOR},11/10/2010 08:29:17,MBG3183,PC-3906,R:\;R:\MBG3183,Connect
device,{B7Z2-H5ID94RZ-0228AUKW},11/10/2010 08:33:25,MBG3183,PC-3906,,Disconnect
device,{C6A2-T9CT16NS-8407ZCFL},11/10/2010 14:04:15,MBG3183,PC-3906,R:\;R:\MBG3183,Connect
device,{B7Q4-K1YZ33EF-8505RALF},11/10/2010 14:48:07,MBG3183,PC-3906,,Disconnect
device,{I9U2-F7ON14UC-1513EWRI},11/15/2010 09:16:43,MBG3183,PC-3906,R:\;R:\MBG3183,Connect
device,{H1L6-Z5QX62YM-9609DHLV},11/15/2010 10:37:09,MBG3183,PC-3906,,Disconnect
device,{W1Z6-E3NL41CN-5933TXCH},11/15/2010 13:08:55,MBG3183,PC-3906,R:\;R:\MBG3183,Connect
device,{A5J1-P6FA70ML-5517HSVT},11/15/2010 13:18:03,MBG3183,PC-3906,,Disconnect
device,{O4Z7-C0MV03YB-5180SUZN},11/15/2010 15:56:30,MBG3183,PC-3906,R:\;R:\MBG3183,Connect
device,{V7A5-N9PO33YS-8119YSGT},11/15/2010 16:02:50,MBG3183,PC-3906,,Disconnect
device,{U2M8-L7BG09KO-2610RMCS},11/18/2010 16:03:24,MBG3183,PC-3906,R:\;R:\MBG3183,Connect
device,{M1O0-J2FC31RC-7677NNRB},11/18/2010 16:27:49,MBG3183,PC-3906,,Disconnect
device,{T2U4-X5NY73SL-4506WRZT},11/19/2010 15:26:57,MBG3183,PC-3906,R:\;R:\MBG3183,Connect
device,{T1E5-Y4PR51UR-4446VMOG},11/19/2010 15:37:21,MBG3183,PC-3906,,Disconnect
device,{D4S7-K4CJ08AI-7745PJQV},11/19/2010 15:42:15,MBG3183,PC-3906,R:\;R:\MBG3183,Connect
device,{W1O5-E9CT94KY-9705ZJOZ},11/19/2010 16:17:07,MBG3183,PC-3906,,Disconnect
device,{F1T1-N9HC26FM-9853GXQT},11/22/2010 10:01:37,MBG3183,PC-3906,R:\;R:\MBG3183,Connect
device,{M3L7-R0IW32FE-0348KLSU},11/22/2010 11:07:12,MBG3183,PC-3906,,Disconnect
device,{F2T3-Y3ZX33FC-7519ZDYL},11/22/2010 12:35:55,MBG3183,PC-3906,R:\;R:\MBG3183,Connect
device,{C8T6-N1KT76YE-0042SZFO},11/22/2010 13:44:28,MBG3183,PC-3906,,Disconnect
device,{R5A8-V6TR47OR-3148GLWR},11/23/2010 16:06:50,MBG3183,PC-3906,R:\;R:\MBG3183,Connect
device,{N7I5-X2NA08YQ-2826YAFT},11/23/2010 16:59:57,MBG3183,PC-3906,,Disconnect
device,{P3V1-C9QG00AC-1403SGUT},11/24/2010 09:10:33,MBG3183,PC-3906,R:\;R:\MBG3183,Connect
device,{Q6U0-C9GB40OM-4648GHBY},11/24/2010 09:41:51,MBG3183,PC-3906,,Disconnect
device,{Z0O2-W0ZY81YL-3489AHTG},11/24/2010 14:37:17,MBG3183,PC-3906,R:\;R:\MBG3183,Connect
device,{I4R9-W9WX76CY-7328SPPS},11/24/2010 14:40:10,MBG3183,PC-3906,,Disconnect
device,{U3Q3-Z5CW88RN-8116KSOL},12/01/2010 10:07:03,MBG3183,PC-3906,R:\;R:\MBG3183,Connect
device,{Q2H1-O3ES97AG-9079OVXD},12/01/2010 10:44:44,MBG3183,PC-3906,,Disconnect
device,{T5F8-Q8TG41FS-2931FZTQ},12/01/2010 13:29:48,MBG3183,PC-3906,R:\;R:\MBG3183,Connect
device,{T9R2-W7DD19GO-0847TBDE},12/01/2010 13:56:49,MBG3183,PC-3906,,Disconnect
device,{B8D2-N7YU45UM-9189GGSM},12/01/2010 15:38:55,MBG3183,PC-3906,R:\;R:\MBG3183,Connect
device,{A1W7-Y9YF84LA-1743TLHI},12/01/2010 15:45:54,MBG3183,PC-3906,,Disconnect
device,{S5R1-Y0KF37IV-9816RUDQ},12/03/2010 08:42:24,MBG3183,PC-3906,R:\;R:\MBG3183,Connect
device,{O6J1-P7KI95IA-7402GXTF},12/03/2010 10:29:16,MBG3183,PC-3906,,Disconnect
device,{H5M4-P6AG79XX-4779DLQQ},12/03/2010 11:58:05,MBG3183,PC-3906,R:\;R:\MBG3183,Connect
device,{P0R5-B2TP78GZ-4809KODD},12/03/2010 12:09:36,MBG3183,PC-3906,,Disconnect
device,{N0J2-I2UC36DK-7737CUWQ},12/06/2010 15:15:38,MBG3183,PC-3906,R:\;R:\MBG3183,Connect
device,{R7J6-F7AN15OY-1023UUCG},12/06/2010 16:19:46,MBG3183,PC-3906,,Disconnect
device,{F4T4-A7QF15DG-4304ABLC},12/07/2010 16:39:25,MBG3183,PC-3906,R:\;R:\MBG3183,Connect
device,{L6C6-L5PQ80HN-5465HCTM},12/07/2010 17:00:52,MBG3183,PC-3906,,Disconnect
device,{U4Z9-T0SC50ML-8978VZTA},12/08/2010 09:43:31,MBG3183,PC-3906,R:\;R:\MBG3183,Connect
device,{U0I2-L9JO36DN-0513NMBQ},12/08/2010 10:38:12,MBG3183,PC-3906,,Disconnect
device,{I9D9-D5AY77HC-2901SSUP},12/10/2010 13:16:05,MBG3183,PC-3906,R:\;R:\MBG3183,Connect
device,{S1S7-K7SU89AZ-7807NGQR},12/10/2010 13:41:43,MBG3183,PC-3906,,Disconnect
device,{B6T3-S9ZW34AM-1658YKZP},12/13/2010 10:27:30,MBG3183,PC-3906,R:\;R:\MBG3183,Connect
device,{M1P3-R4WE95VK-4829IURP},12/13/2010 11:09:26,MBG3183,PC-3906,,Disconnect
device,{W0U5-Y9RM56BW-2121SIPQ},12/15/2010 14:07:58,MBG3183,PC-3906,R:\;R:\MBG3183,Connect
device,{B1Z9-H5NI81AB-5421DFEM},12/15/2010 14:32:25,MBG3183,PC-3906,,Disconnect
device,{E0O3-V3CB93XC-7909RUKX},12/16/2010 10:37:28,MBG3183,PC-3906,R:\;R:\MBG3183,Connect
device,{S2E0-L2CH29GK-7102WBNX},12/16/2010 11:29:30,MBG3183,PC-3906,,Disconnect
device,{U2A6-B9FQ60JE-4699BVXH},12/20/2010 11:01:54,MBG3183,PC-3906,R:\;R:\MBG3183,Connect
device,{Y9S9-Y2BI29XA-6049ITAE},12/20/2010 11:05:12,MBG3183,PC-3906,,Disconnect
device,{B2I8-V3FM82RR-8440SQKO},12/20/2010 11:05:28,MBG3183,PC-3906,R:\;R:\MBG3183,Connect
device,{Y5Q4-N3JT75EN-1741YXGH},12/20/2010 11:10:03,MBG3183,PC-3906,,Disconnect
device,{X8M4-Y9CV32QD-5676OKUO},12/22/2010 10:10:23,MBG3183,PC-3906,R:\;R:\MBG3183,Connect
device,{W4X5-I4SX32UO-5833SDPJ},12/22/2010 10:19:24,MBG3183,PC-3906,,Disconnect
device,{Y5K5-I4TP80AV-8107TEBK},12/22/2010 11:41:36,MBG3183,PC-3906,R:\;R:\MBG3183,Connect
device,{H2U6-E3QI20XN-5029LAYF},12/22/2010 13:04:02,MBG3183,PC-3906,,Disconnect
device,{L3X2-N9MW71NN-0442TATP},12/27/2010 09:25:02,MBG3183,PC-3906,R:\;R:\MBG3183,Connect
device,{B6T4-V3FB68LL-0078CZVI},12/27/2010 10:15:02,MBG3183,PC-3906,,Disconnect
device,{A2O1-O0PH06KL-4786OUYK},12/27/2010 11:48:01,MBG3183,PC-3906,R:\;R:\MBG3183,Connect
device,{E6B3-E9YM73XQ-8084RTNZ},12/27/2010 11:52:02,MBG3183,PC-3906,,Disconnect
device,{W2Y5-N0SY89QT-7000BSML},12/27/2010 15:14:04,MBG3183,PC-3906,R:\;R:\MBG3183,Connect
device,{S8R8-U4ZH81NH-4818AAHI},12/27/2010 15:48:05,MBG3183,PC-3906,,Disconnect
device,{E0I4-A0ZM15MO-3239PWNZ},12/28/2010 12:39:27,MBG3183,PC-3906,R:\;R:\MBG3183,Connect
device,{I8P2-Y9FQ93YT-7023FXWX},12/28/2010 13:59:11,MBG3183,PC-3906,,Disconnect
device,{P4E5-U7OU13NY-3814MXHV},12/29/2010 14:35:38,MBG3183,PC-3906,R:\;R:\MBG3183,Connect
device,{U9Q8-Q1CF85KP-5903NJQY},12/29/2010 15:34:15,MBG3183,PC-3906,,Disconnect
device,{E3O9-T7AT55SH-5228WNKF},12/30/2010 13:37:34,MBG3183,PC-3906,R:\;R:\MBG3183,Connect
device,{X9G7-Y7KN62PR-7077YKCW},12/30/2010 13:44:00,MBG3183,PC-3906,,Disconnect
device,{T1V8-Q8KY93YK-4649WHLX},01/03/2011 14:12:56,MBG3183,PC-3906,R:\;R:\MBG3183,Connect
device,{H7A6-E3HQ32YU-6417GNLO},01/03/2011 14:15:37,MBG3183,PC-3906,,Disconnect
device,{I3S2-U6UI20BP-0775OCML},01/04/2011 09:54:36,MBG3183,PC-3906,R:\;R:\MBG3183,Connect
device,{W7Q2-L1PM35HF-5256ODMD},01/04/2011 10:43:50,MBG3183,PC-3906,,Disconnect
device,{D3W6-X8MZ27YF-6600YJIK},01/04/2011 14:56:21,MBG3183,PC-3906,R:\;R:\MBG3183,Connect
device,{J5L7-Q6VE93QK-9521ETFZ},01/04/2011 15:27:20,MBG3183,PC-3906,,Disconnect
device,{Q2O2-R6IK34CD-3971OVEY},01/05/2011 14:44:52,MBG3183,PC-3906,R:\;R:\MBG3183,Connect
device,{H5C3-I1RS49XU-0042SNET},01/05/2011 14:46:00,MBG3183,PC-3906,,Disconnect
device,{B3J3-G8JK55HI-1417GWOD},01/06/2011 14:56:11,MBG3183,PC-3906,R:\;R:\MBG3183,Connect
device,{P0J4-K2FN87HN-0104GCGI},01/06/2011 15:38:48,MBG3183,PC-3906,,Disconnect
device,{H2H0-E9AP92RZ-4428AAGR},01/10/2011 11:02:50,MBG3183,PC-3906,R:\;R:\MBG3183,Connect
device,{Z3F5-F0OY84VJ-2372IREN},01/10/2011 11:41:44,MBG3183,PC-3906,,Disconnect
device,{B5V6-Y1HA77XM-7721QGSO},01/10/2011 14:38:40,MBG3183,PC-3906,R:\;R:\MBG3183,Connect
device,{Z3I6-A8RX70UA-9911BKQB},01/10/2011 15:00:45,MBG3183,PC-3906,,Disconnect
device,{B2M0-L5DB73NN-4639UGTF},01/12/2011 11:40:49,MBG3183,PC-3906,R:\;R:\MBG3183,Connect
device,{I5X7-D8WQ71PP-0100SPRY},01/12/2011 11:46:48,MBG3183,PC-3906,,Disconnect
device,{P2T8-Q3RE34IH-6217LJFA},01/12/2011 11:54:44,MBG3183,PC-3906,R:\;R:\MBG3183,Connect
device,{W0B2-W1WP85TV-5014XRIG},01/12/2011 12:23:02,MBG3183,PC-3906,,Disconnect
device,{X0S1-V8HN09OX-6998QAXN},01/12/2011 15:16:46,MBG3183,PC-3906,R:\;R:\MBG3183,Connect
device,{K2Q3-Z8GQ91MC-8216UWSO},01/12/2011 15:44:29,MBG3183,PC-3906,,Disconnect
device,{O8S2-Z3IZ74AV-0761JHPU},01/13/2011 08:32:25,MBG3183,PC-3906,R:\;R:\MBG3183,Connect
device,{T2S6-K2EN73AZ-7811XGBS},01/13/2011 09:08:15,MBG3183,PC-3906,,Disconnect
device,{H6D0-U6YP04QF-4191KDSV},01/13/2011 09:40:25,MBG3183,PC-3906,R:\;R:\MBG3183,Connect
device,{R0E3-F5BO09BQ-4004ARJB},01/13/2011 11:58:09,MBG3183,PC-3906,,Disconnect
device,{J7J2-Q2IS35IM-0693LEBG},01/14/2011 12:46:50,MBG3183,PC-3906,R:\;R:\MBG3183,Connect
device,{A6F6-H3FT82CU-4669NSAT},01/14/2011 13:04:29,MBG3183,PC-3906,,Disconnect
device,{A7A2-S0OV87KW-3403XURX},01/14/2011 15:21:24,MBG3183,PC-3906,R:\;R:\MBG3183,Connect
device,{A6A1-L7WX06QS-9786GRPQ},01/14/2011 15:40:40,MBG3183,PC-3906,,Disconnect
device,{N9C0-W9CQ72TO-5373DLNI},01/18/2011 08:52:26,MBG3183,PC-3906,R:\;R:\MBG3183,Connect
device,{S4H7-U6XI96XH-1425YUDQ},01/18/2011 08:53:02,MBG3183,PC-3906,,Disconnect
device,{U2U8-C6LP90QZ-3008WOXV},01/18/2011 14:48:44,MBG3183,PC-3906,R:\;R:\MBG3183,Connect
device,{C1M5-H3OZ30VN-7019IJJA},01/18/2011 15:12:38,MBG3183,PC-3906,,Disconnect
device,{I0Y2-S7XA53UR-6537JCDL},01/19/2011 16:07:19,MBG3183,PC-3906,R:\;R:\MBG3183,Connect
device,{E1X7-J5PC72OE-2491KLDR},01/19/2011 16:34:50,MBG3183,PC-3906,,Disconnect
device,{B9I6-L1QY23MS-7283EIEJ},01/20/2011 11:55:40,MBG3183,PC-3906,R:\;R:\MBG3183,Connect
device,{V6Z7-J4LU22EO-6685JECR},01/20/2011 11:59:10,MBG3183,PC-3906,,Disconnect
device,{I1W0-M0BT60CH-8920XUGR},01/20/2011 13:35:58,MBG3183,PC-3906,R:\;R:\MBG3183,Connect
device,{X4O8-I5QB27XU-4304ZLUQ},01/20/2011 13:40:32,MBG3183,PC-3906,,Disconnect
device,{X2X6-C6JX73EE-2873NOME},01/24/2011 09:23:41,MBG3183,PC-3906,R:\;R:\MBG3183,Connect
device,{O1D0-V9UC36MJ-6716GGTV},01/24/2011 09:55:21,MBG3183,PC-3906,,Disconnect
device,{Y7Z8-T5FZ25QP-1580HAKW},01/25/2011 10:26:37,MBG3183,PC-3906,R:\;R:\MBG3183,Connect
device,{Z8Q5-N3UV82OT-5549FUQN},01/25/2011 10:57:27,MBG3183,PC-3906,,Disconnect
device,{E5W4-O6BI16QQ-0646AALW},01/26/2011 09:33:46,MBG3183,PC-3906,R:\;R:\MBG3183,Connect
device,{S8S2-A1MA89WV-6708LBHW},01/26/2011 09:45:43,MBG3183,PC-3906,,Disconnect
device,{D9Q1-K8IS75UH-3094HORM},01/27/2011 14:03:16,MBG3183,PC-3906,R:\;R:\MBG3183,Connect
device,{C5U1-P9QM90MN-1070HXKU},01/27/2011 14:48:43,MBG3183,PC-3906,,Disconnect
device,{I5B9-H8BM78TH-1809SPHL},01/31/2011 10:40:28,MBG3183,PC-3906,R:\;R:\MBG3183,Connect
device,{B4P0-R7MG83TD-1113HQXW},01/31/2011 11:36:10,MBG3183,PC-3906,,Disconnect
device,{J5O6-L2GA43LW-4229UBME},01/31/2011 12:56:08,MBG3183,PC-3906,R:\;R:\MBG3183,Connect
device,{H6A6-D6AI15WN-0220MFEQ},01/31/2011 12:56:23,MBG3183,PC-3906,,Disconnect
device,{O6R2-R8WE28BO-9710VWDX},02/01/2011 08:59:22,MBG3183,PC-3906,R:\;R:\MBG3183,Connect
device,{H7J8-U8WB33SS-2355QLMM},02/01/2011 09:49:39,MBG3183,PC-3906,,Disconnect
device,{L4E7-Q4TO68DX-9552IDIY},02/03/2011 08:55:21,MBG3183,PC-3906,R:\;R:\MBG3183,Connect
device,{P5I6-P4AJ23WL-9650ZHWS},02/03/2011 09:50:47,MBG3183,PC-3906,,Disconnect
device,{Y2B0-P4LE88VF-6523EMGJ},02/03/2011 14:11:30,MBG3183,PC-3906,R:\;R:\MBG3183,Connect
device,{I3G8-Z5JX77DR-1635XJZX},02/03/2011 14:17:45,MBG3183,PC-3906,,Disconnect
device,{T5K3-R8NC64ER-2011VRNJ},02/07/2011 14:56:53,MBG3183,PC-3906,R:\;R:\MBG3183,Connect
device,{H4B4-E7FR17QP-2314WNCS},02/07/2011 15:08:24,MBG3183,PC-3906,,Disconnect
device,{C0Q0-S9TM88PW-8459MLLX},02/09/2011 11:44:52,MBG3183,PC-3906,R:\;R:\MBG3183,Connect
device,{Q6O0-D2FW16HX-5278AWPC},02/09/2011 11:50:25,MBG3183,PC-3906,,Disconnect
device,{K6S6-A6NY31DG-0073NJET},02/09/2011 15:43:24,MBG3183,PC-3906,R:\;R:\MBG3183,Connect
device,{M1L1-A2NL85PG-1125LOBZ},02/09/2011 15:58:27,MBG3183,PC-3906,,Disconnect
device,{C7D8-T9TW46XZ-3519AKOW},02/10/2011 08:40:50,MBG3183,PC-3906,R:\;R:\MBG3183,Connect
device,{S3Z7-S6NN74LP-3981FCDX},02/10/2011 09:10:01,MBG3183,PC-3906,,Disconnect
device,{D3J8-Q5SN96UF-8138JISZ},02/10/2011 13:29:37,MBG3183,PC-3906,R:\;R:\MBG3183,Connect
device,{C2M0-B2EV82JF-3110JNNW},02/10/2011 13:52:36,MBG3183,PC-3906,,Disconnect
device,{V9R0-F9BL52HJ-9537RCUO},02/11/2011 09:17:22,MBG3183,PC-3906,R:\;R:\MBG3183,Connect
device,{Z2G0-P9XS55VR-5447MRWO},02/11/2011 09:52:44,MBG3183,PC-3906,,Disconnect
device,{X6I6-R5NE23CQ-7841TNFN},02/11/2011 11:04:53,MBG3183,PC-3906,R:\;R:\MBG3183,Connect
device,{D7A8-Y9EG13BH-5983TAXY},02/11/2011 11:24:24,MBG3183,PC-3906,,Disconnect
device,{V4F1-D3BI42EI-5961ZXXF},02/11/2011 15:12:54,MBG3183,PC-3906,R:\;R:\MBG3183,Connect
device,{K3C8-I0GI77CF-0883CPHN},02/11/2011 16:27:48,MBG3183,PC-3906,,Disconnect
device,{K0F4-Y7PC08CI-5507PIGT},02/16/2011 13:19:04,MBG3183,PC-3906,R:\;R:\MBG3183,Connect
device,{I0X2-L3PT58BL-9496WPRH},02/16/2011 14:25:33,MBG3183,PC-3906,,Disconnect
device,{D0S8-J2UQ09SS-0966RYST},02/17/2011 09:05:03,MBG3183,PC-3906,R:\;R:\MBG3183,Connect
device,{R5G6-D7YW29BJ-2804JSOV},02/17/2011 09:46:05,MBG3183,PC-3906,,Disconnect
device,{L7L1-V7TB67UI-2029EEJF},02/17/2011 16:37:58,MBG3183,PC-3906,R:\;R:\MBG3183,Connect
device,{H3J4-Q7VT70QS-3203HAEP},02/17/2011 16:38:25,MBG3183,PC-3906,,Disconnect
device,{T5R7-M9AK99NI-4402YTZO},02/18/2011 14:17:27,MBG3183,PC-3906,R:\;R:\MBG3183,Connect
device,{K3I7-T3LL44DU-4662SVDL},02/18/2011 14:55:30,MBG3183,PC-3906,,Disconnect
device,{A7F1-L2EJ03WB-3812TZDQ},02/18/2011 15:22:36,MBG3183,PC-3906,R:\;R:\MBG3183,Connect
device,{S1R7-Z1YJ81VV-9798YUFP},02/18/2011 15:25:22,MBG3183,PC-3906,,Disconnect
device,{I4G8-E5GU48LZ-5902EFVW},02/21/2011 12:55:52,MBG3183,PC-3906,R:\;R:\MBG3183,Connect
device,{I3K5-G5RV41TY-4474ICGG},02/21/2011 13:27:40,MBG3183,PC-3906,,Disconnect
device,{L2C6-G9BO11DF-2238XTYO},02/21/2011 16:03:21,MBG3183,PC-3906,R:\;R:\MBG3183,Connect
device,{F5P7-S5IN74PD-7688GMWD},02/21/2011 16:08:02,MBG3183,PC-3906,,Disconnect
device,{M8R0-H6AC26XZ-8410VNHS},02/22/2011 10:02:30,MBG3183,PC-3906,R:\;R:\MBG3183,Connect
device,{Z7L8-Q0ZB64VB-2513YSSK},02/22/2011 10:34:19,MBG3183,PC-3906,,Disconnect
device,{M1Q6-M9ZB17HO-1580PUFT},02/23/2011 08:52:47,MBG3183,PC-3906,R:\;R:\MBG3183,Connect
device,{M7S4-G5GM25ZU-3023BLLI},02/23/2011 09:09:12,MBG3183,PC-3906,,Disconnect
device,{F4F9-U6NK50JU-0023FKPO},02/23/2011 11:25:49,MBG3183,PC-3906,R:\;R:\MBG3183,Connect
device,{K5D1-K2PG48KW-5217HUKK},02/23/2011 11:37:14,MBG3183,PC-3906,,Disconnect
device,{K7Q3-G3UR87BW-2161GMTR},02/28/2011 13:36:12,MBG3183,PC-3906,R:\;R:\MBG3183,Connect
device,{I6R3-R6DP98SD-5191LTRU},02/28/2011 14:24:36,MBG3183,PC-3906,,Disconnect
device,{O6L8-J2BK07HF-2774VLED},03/01/2011 10:31:07,MBG3183,PC-3906,R:\;R:\MBG3183,Connect
device,{E2T9-H8LR10GX-0236WDFL},03/01/2011 11:30:37,MBG3183,PC-3906,,Disconnect
device,{I0C5-K7SJ60DW-0050LUBT},03/01/2011 15:27:25,MBG3183,PC-3906,R:\;R:\MBG3183,Connect
device,{C9Z4-H6UP33HZ-1612HBVM},03/01/2011 16:30:29,MBG3183,PC-3906,,Disconnect
device,{A5Y3-J1GZ65GY-5771ENAY},03/03/2011 15:59:29,MBG3183,PC-3906,R:\;R:\MBG3183,Connect
device,{H2K4-D1NN59UH-8339ZRZB},03/03/2011 16:04:03,MBG3183,PC-3906,,Disconnect
device,{K7A2-B7IZ43WZ-2312NQCA},03/04/2011 16:10:53,MBG3183,PC-3906,R:\;R:\MBG3183,Connect
device,{Y3Q4-J1TY15UL-2601JUKP},03/04/2011 16:14:04,MBG3183,PC-3906,,Disconnect
device,{W2M7-S0KD34EB-8564KUIM},03/07/2011 15:11:28,MBG3183,PC-3906,R:\;R:\MBG3183,Connect
device,{J6P3-N1OE19QR-5057QNCH},03/07/2011 15:37:41,MBG3183,PC-3906,,Disconnect
device,{A1W0-A8YH52AM-3287TUMC},03/08/2011 10:09:31,MBG3183,PC-3906,R:\;R:\MBG3183,Connect
device,{N0O6-X9NA01ZI-5855HYDI},03/08/2011 10:33:04,MBG3183,PC-3906,,Disconnect
device,{D2V0-H4OV10RO-2901PUKN},03/10/2011 10:19:11,MBG3183,PC-3906,R:\;R:\MBG3183,Connect
device,{Y4U0-I3PJ86WQ-0496GQGU},03/10/2011 10:21:16,MBG3183,PC-3906,,Disconnect
device,{B0B0-H4DX01QD-5485FZER},03/10/2011 15:21:18,MBG3183,PC-3906,R:\;R:\MBG3183,Connect
device,{O5H3-M4CR92BA-4767HFCM},03/10/2011 16:05:43,MBG3183,PC-3906,,Disconnect
device,{T5K9-E5TT01JG-1113SXXK},03/11/2011 14:04:50,MBG3183,PC-3906,R:\;R:\MBG3183,Connect
device,{N3M2-Z3FH08SO-2605BPZG},03/11/2011 14:19:04,MBG3183,PC-3906,,Disconnect
device,{B0D7-U4AJ83FH-9890JWWU},03/14/2011 10:39:40,MBG3183,PC-3906,R:\;R:\MBG3183,Connect
device,{C9L5-T9HX15NZ-1353SSXG},03/14/2011 12:04:18,MBG3183,PC-3906,,Disconnect
device,{E6V2-J3DI23IT-9237LGLF},03/16/2011 09:22:24,MBG3183,PC-3906,R:\;R:\MBG3183,Connect
device,{B5E0-Q4BL23AH-9548FHIL},03/16/2011 09:31:33,MBG3183,PC-3906,,Disconnect
device,{V0C8-R4TX41MY-3667RQIF},03/16/2011 15:40:12,MBG3183,PC-3906,R:\;R:\MBG3183,Connect
device,{T7Q7-X7FT41AI-5313VTAC},03/16/2011 15:52:17,MBG3183,PC-3906,,Disconnect
device,{X8J3-O2NZ46QU-8410NLCW},03/17/2011 15:51:55,MBG3183,PC-3906,R:\;R:\MBG3183,Connect
device,{I2X2-J6NE21FF-1678MHLI},03/17/2011 16:12:19,MBG3183,PC-3906,,Disconnect
device,{E8A6-U2ZO00QG-8718IOTG},03/21/2011 14:51:35,MBG3183,PC-3906,R:\;R:\MBG3183,Connect
device,{A3S8-O3BD00DS-1068XCLM},03/21/2011 15:29:00,MBG3183,PC-3906,,Disconnect
device,{L5B3-Q5AV62GP-5445LNTG},03/22/2011 08:27:47,MBG3183,PC-3906,R:\;R:\MBG3183,Connect
device,{F9M8-F1LK57ZA-7113QJJV},03/22/2011 08:42:21,MBG3183,PC-3906,,Disconnect
device,{V3Z6-N2AK84QS-6398IJYF},03/22/2011 15:30:23,MBG3183,PC-3906,R:\;R:\MBG3183,Connect
device,{T3B7-Y1NN83CT-3703KYPF},03/22/2011 15:40:23,MBG3183,PC-3906,,Disconnect
device,{R0U0-A5OL77CH-2814QUFA},03/23/2011 11:26:19,MBG3183,PC-3906,R:\;R:\MBG3183,Connect
device,{X8S8-T1FN76OO-0462AQIK},03/23/2011 12:16:49,MBG3183,PC-3906,,Disconnect
device,{C6I7-L8UH50CE-1909CWHI},03/24/2011 10:46:48,MBG3183,PC-3906,R:\;R:\MBG3183,Connect
device,{M0I6-P6DZ14RY-6566FAVQ},03/24/2011 11:20:19,MBG3183,PC-3906,,Disconnect
device,{A4S1-R8OU06JD-8396DKLU},03/24/2011 15:05:31,MBG3183,PC-3906,R:\;R:\MBG3183,Connect
device,{J7H9-R2ZE98PG-0744YLHS},03/24/2011 15:38:39,MBG3183,PC-3906,,Disconnect
device,{G9M9-A6FD06XA-0837PYVC},03/25/2011 15:28:41,MBG3183,PC-3906,R:\;R:\MBG3183,Connect
device,{H0P7-B9GQ97DP-9929YRWP},03/25/2011 15:51:48,MBG3183,PC-3906,,Disconnect
device,{N1Y9-I9ZM05BB-7673DLYA},03/28/2011 08:50:03,MBG3183,PC-3906,R:\;R:\MBG3183,Connect
device,{M2J3-N4JI78WE-8978CJOW},03/28/2011 10:42:57,MBG3183,PC-3906,,Disconnect
device,{J6V6-M1JL39AR-1597VIWF},03/29/2011 10:02:01,MBG3183,PC-3906,R:\;R:\MBG3183,Connect
device,{N1Q3-U7ZQ14OJ-0782IMYB},03/29/2011 10:42:23,MBG3183,PC-3906,,Disconnect
device,{Q4S8-Y3FE26RT-3494JAZJ},03/30/2011 08:49:18,MBG3183,PC-3906,R:\;R:\MBG3183,Connect
device,{S5E4-X6QM44MI-3398TKLM},03/30/2011 09:13:50,MBG3183,PC-3906,,Disconnect
device,{F9X6-H9ZE34XM-7613LOQY},03/30/2011 11:43:48,MBG3183,PC-3906,R:\;R:\MBG3183,Connect
device,{V1Y3-O5UI41PX-9574PCVE},03/30/2011 12:21:38,MBG3183,PC-3906,,Disconnect
device,{Y9J2-Y0HF14YV-5253PLCR},03/31/2011 10:59:05,MBG3183,PC-3906,R:\;R:\MBG3183,Connect
device,{C6M0-D4KB10ZP-6201DIJS},03/31/2011 11:07:17,MBG3183,PC-3906,,Disconnect
device,{T8Q9-X8SO43PM-9442KOGM},03/31/2011 12:25:54,MBG3183,PC-3906,R:\;R:\MBG3183,Connect
device,{V1E4-Y5SD37DD-2851EDUL},03/31/2011 13:04:17,MBG3183,PC-3906,,Disconnect
device,{V7E4-K1UD31CA-2538TAEI},04/01/2011 12:35:47,MBG3183,PC-3906,R:\;R:\MBG3183,Connect
device,{W3R4-T3AB35TW-1599AWBR},04/01/2011 12:36:08,MBG3183,PC-3906,,Disconnect
device,{D8M7-E1CJ25ED-1360OWYH},04/04/2011 10:38:00,MBG3183,PC-3906,R:\;R:\MBG3183,Connect
device,{R0Y1-C9QY87LJ-4928APKG},04/04/2011 11:09:46,MBG3183,PC-3906,,Disconnect
device,{N3L0-C6RL93RW-6824DEQH},04/04/2011 12:49:37,MBG3183,PC-3906,R:\;R:\MBG3183,Connect
device,{B9L4-V4VS51TG-3486NJWX},04/04/2011 14:23:33,MBG3183,PC-3906,,Disconnect
device,{I1D2-O2QP57OC-3692CYZR},04/04/2011 15:21:07,MBG3183,PC-3906,R:\;R:\MBG3183,Connect
device,{Z2E9-T4CL00VV-9117YDAK},04/04/2011 15:34:26,MBG3183,PC-3906,,Disconnect
device,{H2Q6-Z0CG97IO-0260XVOC},04/05/2011 11:13:08,MBG3183,PC-3906,R:\;R:\MBG3183,Connect
device,{X5G9-N6XY62FN-6906TAJO},04/05/2011 11:48:21,MBG3183,PC-3906,,Disconnect
device,{V3Z5-N8GO42OQ-8790WUZC},04/05/2011 12:49:16,MBG3183,PC-3906,R:\;R:\MBG3183,Connect
device,{F9C8-H2KU78GJ-1015LZID},04/05/2011 13:26:51,MBG3183,PC-3906,,Disconnect
device,{F9Q9-U8GT10OB-1557RAOG},04/06/2011 14:07:11,MBG3183,PC-3906,R:\;R:\MBG3183,Connect
device,{C2D6-E2BV03JF-4219DDBD},04/07/2011 15:38:55,MBG3183,PC-3906,R:\;R:\MBG3183,Connect
device,{P5R7-D8TT64ST-8050BRPO},04/07/2011 15:53:10,MBG3183,PC-3906,,Disconnect
device,{T0Q7-J2RM90AB-8950ZGIK},04/08/2011 09:20:13,MBG3183,PC-3906,R:\;R:\MBG3183,Connect
device,{R7C4-K7LI84WZ-5711RBAX},04/08/2011 09:35:57,MBG3183,PC-3906,,Disconnect
device,{U6K3-J1WV40TO-3655KCWL},04/11/2011 14:02:26,MBG3183,PC-3906,R:\;R:\MBG3183,Connect
device,{B0Z0-O6QJ04XA-8303BPHF},04/11/2011 14:22:00,MBG3183,PC-3906,,Disconnect
device,{W3L0-H5GJ55GT-1704DSCC},04/12/2011 10:16:45,MBG3183,PC-3906,R:\;R:\MBG3183,Connect
device,{Y3P8-Y7IB39GL-1541NIRT},04/12/2011 10:50:51,MBG3183,PC-3906,,Disconnect
device,{S9J5-P1ZH28ZT-9339SGGQ},04/12/2011 14:43:33,MBG3183,PC-3906,R:\;R:\MBG3183,Connect
device,{E6A3-K2KR99EK-3322KGPY},04/12/2011 14:52:42,MBG3183,PC-3906,,Disconnect
device,{I0O4-U0AV45PB-2836ERSC},04/15/2011 13:31:06,MBG3183,PC-3906,R:\;R:\MBG3183,Connect
device,{R5Z1-P3EN84NU-4712QIIQ},04/15/2011 16:18:21,MBG3183,PC-3906,,Disconnect
device,{M7N1-R0TQ15DH-8361SDBW},04/18/2011 08:34:09,MBG3183,PC-3906,R:\;R:\MBG3183,Connect
device,{T5F3-Q4IK18JX-6085FCTB},04/18/2011 10:08:24,MBG3183,PC-3906,,Disconnect
device,{J0N1-B1JS94DW-1559PBAD},04/18/2011 13:11:29,MBG3183,PC-3906,R:\;R:\MBG3183,Connect
device,{G5J9-T2SR30HZ-3208JLHQ},04/18/2011 13:47:05,MBG3183,PC-3906,,Disconnect
device,{C5E5-Z4PT02HY-5101GVOI},04/19/2011 11:13:36,MBG3183,PC-3906,R:\;R:\MBG3183,Connect
device,{N7U5-V8FX76ZF-9808HPJD},04/19/2011 11:24:15,MBG3183,PC-3906,,Disconnect
device,{M6W5-D0HJ34EG-9889OCIY},04/19/2011 12:34:16,MBG3183,PC-3906,R:\;R:\MBG3183,Connect
device,{H9W5-X1GE88VP-7638IALY},04/19/2011 12:51:03,MBG3183,PC-3906,,Disconnect
device,{N9W3-U3EG12YK-3526GKJL},04/20/2011 08:45:07,MBG3183,PC-3906,R:\;R:\MBG3183,Connect
device,{G6B5-Y6OV51PG-8140XAFG},04/20/2011 09:14:06,MBG3183,PC-3906,,Disconnect
device,{T3R3-A2BY59BR-7415UPNG},04/21/2011 14:02:10,MBG3183,PC-3906,R:\;R:\MBG3183,Connect
device,{V8B9-S0RC88JO-5760RYBB},04/21/2011 16:33:29,MBG3183,PC-3906,,Disconnect
device,{N7P6-Z7RA18AP-4144IXGC},04/26/2011 12:41:46,MBG3183,PC-3906,R:\;R:\MBG3183,Connect
device,{Q8D1-H1XX90FU-4899SSPJ},04/26/2011 13:06:21,MBG3183,PC-3906,,Disconnect
device,{J0E5-M3MB80RG-3919TBJZ},04/27/2011 10:37:10,MBG3183,PC-3906,R:\;R:\MBG3183,Connect
device,{U2J1-T1AH03YC-4821VKVX},04/27/2011 10:43:30,MBG3183,PC-3906,,Disconnect
device,{P6P0-G0WU19NR-3618UMBY},04/28/2011 08:45:59,MBG3183,PC-3906,R:\;R:\MBG3183,Connect
device,{R8W5-D4DG74LH-5124BPTW},04/28/2011 09:12:32,MBG3183,PC-3906,,Disconnect
device,{Y8U7-P7PR65ZH-2437NIGR},04/28/2011 14:42:18,MBG3183,PC-3906,R:\;R:\MBG3183,Connect
device,{A2T5-B4TD57NE-7808EAMB},04/28/2011 15:16:50,MBG3183,PC-3906,,Disconnect
device,{V0S2-C5BW85QG-1518UHTK},04/29/2011 08:48:47,MBG3183,PC-3906,R:\;R:\MBG3183,Connect
device,{I5Q3-B9AK43MQ-8076GAMZ},04/29/2011 09:22:54,MBG3183,PC-3906,,Disconnect
device,{Q5C0-G4QL33CW-5777HPDP},05/02/2011 15:50:35,MBG3183,PC-3906,R:\;R:\MBG3183,Connect
device,{T7O4-C6BW28CL-5918YZFG},05/02/2011 15:59:21,MBG3183,PC-3906,,Disconnect
device,{V9K1-S6RN16WG-8777SOVE},05/03/2011 14:42:20,MBG3183,PC-3906,R:\;R:\MBG3183,Connect
device,{N9M6-Q7OK60UQ-6903STEU},05/03/2011 15:20:10,MBG3183,PC-3906,,Disconnect
device,{B2F2-Z5JI38MH-5360LWUB},05/05/2011 13:01:45,MBG3183,PC-3906,R:\;R:\MBG3183,Connect
device,{B1E6-H8NC91EL-2065RXQY},05/05/2011 13:01:57,MBG3183,PC-3906,,Disconnect
device,{N7A7-C9EC50DC-3892EVEE},05/09/2011 11:11:27,MBG3183,PC-3906,R:\;R:\MBG3183,Connect
device,{U2J4-U7TZ41JY-3914SFJO},05/09/2011 12:07:19,MBG3183,PC-3906,,Disconnect
device,{U0I6-T9MS06VM-9801XZWE},05/09/2011 15:53:52,MBG3183,PC-3906,R:\;R:\MBG3183,Connect
device,{H9B8-P3VO20KI-0726ZMWZ},05/09/2011 16:02:51,MBG3183,PC-3906,,Disconnect
device,{U5C2-J8ZU02DC-4888OHCB},05/10/2011 08:47:28,MBG3183,PC-3906,R:\;R:\MBG3183,Connect
device,{Z8S5-W4LM95XN-9609OWNM},05/10/2011 10:38:53,MBG3183,PC-3906,,Disconnect
device,{B2K6-Z0XE67ZK-2690CGDC},05/12/2011 13:24:57,MBG3183,PC-3906,R:\;R:\MBG3183,Connect
device,{F5U1-N3GH33HZ-3064WXHZ},05/12/2011 13:45:58,MBG3183,PC-3906,,Disconnect
device,{Z5T1-J1NO74PO-9004BQZZ},05/12/2011 14:04:15,MBG3183,PC-3906,R:\;R:\MBG3183,Connect
device,{G0U0-Z6OW57WA-6417TEOF},05/12/2011 14:29:46,MBG3183,PC-3906,,Disconnect
device,{I1D4-F6LB00CH-6763LAGX},05/12/2011 14:49:58,MBG3183,PC-3906,R:\;R:\MBG3183,Connect
device,{P5G4-T3FK60PI-3835XUVQ},05/12/2011 15:10:01,MBG3183,PC-3906,,Disconnect
device,{F5H9-Y3OY50XX-5015TQEQ},05/12/2011 16:45:35,MBG3183,PC-3906,R:\;R:\MBG3183,Connect
device,{N6U2-C1XX66VK-8266XOUJ},05/12/2011 16:46:58,MBG3183,PC-3906,,Disconnect
device,{N3B5-M1RW19HQ-5506HNHG},05/17/2011 13:45:43,MBG3183,PC-3906,R:\;R:\MBG3183,Connect
device,{W2A5-K9AY50WB-0803YCHW},05/17/2011 14:02:02,MBG3183,PC-3906,,Disconnect
device,{X2M3-T6WH32TB-1611KNPU},05/18/2011 14:33:12,MBG3183,PC-3906,R:\;R:\MBG3183,Connect
device,{L9D1-M9KL91QL-0944ATOG},05/18/2011 14:37:05,MBG3183,PC-3906,,Disconnect
device,{H3H2-T8KT59CT-1057WMLU},05/19/2011 11:04:49,MBG3183,PC-3906,R:\;R:\MBG3183,Connect
device,{W8U5-Z6QZ76MV-5597VEYZ},05/19/2011 11:06:26,MBG3183,PC-3906,,Disconnect
device,{M7P1-R0CW69XP-9618VZDB},05/20/2011 16:07:11,MBG3183,PC-3906,R:\;R:\MBG3183,Connect
device,{R9T1-U9LU69UE-3842XRQD},05/20/2011 16:25:38,MBG3183,PC-3906,,Disconnect
device,{I7B9-Y4OR29CW-4274RDBH},05/23/2011 13:12:00,MBG3183,PC-3906,R:\;R:\MBG3183,Connect
device,{T8B8-G2ZZ70BI-0507HLKR},05/23/2011 14:19:04,MBG3183,PC-3906,,Disconnect
device,{H4S0-D2GW48QS-7782IQFC},05/24/2011 08:15:04,MBG3183,PC-3906,R:\;R:\MBG3183,Connect
device,{Y2K6-H3AK81GO-2946KFXH},05/24/2011 08:24:26,MBG3183,PC-3906,,Disconnect
device,{W9P2-B7LX03MH-8793MXNC},05/25/2011 14:23:47,MBG3183,PC-3906,R:\;R:\MBG3183,Connect
device,{V6T6-C1YB33BW-8653UKYT},05/25/2011 14:56:06,MBG3183,PC-3906,,Disconnect
device,{U2J0-T8FA96KK-9345YEOY},05/31/2011 13:55:46,MBG3183,PC-3906,R:\;R:\MBG3183,Connect
device,{I3L0-Z9NW80WO-8651ZRGP},05/31/2011 14:12:04,MBG3183,PC-3906,,Disconnect
