file,{I4H2-Z4US88PT-3455KBZR},01/11/2010 18:52:57,CDE1846,PC-1237,C:\FKXPWMBJ.pdf,File Open,False,False,"25-50-44-46-2D Peter Sager, too, thought that the ""high-rise library"" could ""easily stand on the Hudson"". The college, in his view ""required a sense of humour"". The school was paid $10,000 for each of the nine episodes in season one and twelve in season two. According to the Cincinnati Enquirer, the school board approved a plan in 2003 to allow the GCAEC to choose five of the twelve members of the Local School Decision-Making Committee (LSDMC), an independent body that provides oversight for the school, as a condition for continued fund-raising."
file,{X8R4-P8CR07CM-9411TBSE},01/12/2010 09:49:13,CDE1846,PC-1237,C:\W5P5C3ET.pdf,File Open,False,False,"25-50-44-46-2D A campaign was launched that, over the following 13 years, raised funds and made plans for the new facility. On standardized tests, SCPA ranks second among Cincinnati public schools. Teaching will often be done in teams. Expecting them to say they were with the caravan, the Muslims were horrified to hear them say they were with the main Quraishi army. Abu Jahl wanted to continue, but several of the clans present, including Banu Zuhrah and Banu Adi, promptly went home."
file,{O5J3-D4XT74WT-9835JUDP},01/12/2010 10:13:13,CDE1846,PC-1237,C:\CDE1846\UHPBAHJF.pdf,File Open,False,False,"25-50-44-46-2D Indonesian billionare James Riady was fined $8.6 million. In the U.S., religious organizations enjoy a tax exempt status. Ninety-four people either refused to be questioned, pled the Fifth Amendment against self incrimination, or left the country altogether. However, he also predicted extremely heavy Quraishi casualties in the event of an attack (One hadith refers to him seeing ""the camels of [Medina] laden with certain death""). Despite these losses, Abu Jahl was still determined to fight, boasting ""We will not go back until we have been to Badr."""
file,{W7D8-B8ML36IV-8144GHEL},01/13/2010 12:25:10,CDE1846,PC-1237,C:\W5P5C3ET.pdf,File Open,False,False,"25-50-44-46-2D A campaign was launched that, over the following 13 years, raised funds and made plans for the new facility. On standardized tests, SCPA ranks second among Cincinnati public schools. Teaching will often be done in teams. Expecting them to say they were with the caravan, the Muslims were horrified to hear them say they were with the main Quraishi army. Abu Jahl wanted to continue, but several of the clans present, including Banu Zuhrah and Banu Adi, promptly went home."
file,{E9C3-T0SM59CZ-5047SIKG},01/13/2010 15:13:40,CDE1846,PC-1237,C:\W5P5C3ET.pdf,File Open,False,False,"25-50-44-46-2D A campaign was launched that, over the following 13 years, raised funds and made plans for the new facility. On standardized tests, SCPA ranks second among Cincinnati public schools. Teaching will often be done in teams. Expecting them to say they were with the caravan, the Muslims were horrified to hear them say they were with the main Quraishi army. Abu Jahl wanted to continue, but several of the clans present, including Banu Zuhrah and Banu Adi, promptly went home."
file,{N7R3-H5QX55CG-1124DNBO},01/13/2010 15:13:40,CDE1846,PC-1237,C:\0MARR7W1.doc,File Open,False,False,"D0-CF-11-E0-A1-B1-1A-E1 Schiel students have been admitted by open enrollment on a first-come-first-served basis. A brilliant music student, capable of interpreting Beethoven's wildest dreams, might stumble on fifth level reading. Each episode featured original music and choreography by the students themselves, performed at the school and other locations in Over-the-Rhine."
file,{R4F1-T9MG38XI-8217AOAE},01/18/2010 12:52:46,CDE1846,PC-1237,C:\CDE1846\9PA36MYX.doc,File Open,False,False,"D0-CF-11-E0-A1-B1-1A-E1 This private sector oversight has been criticized by union leaders as excluding faculty and staff. In 2009, the graduation rate was 95.5 percent and the mean score on the ACT, a standardized college admissions test, was 23 (at the 69th percentile). The ice may include ammonia and carbon dioxide. It examined all nine of the system's known rings, discovering two new ones."
file,{C5Y7-R2UV11WJ-5023PHKI},01/19/2010 17:11:50,CDE1846,PC-1237,C:\0MARR7W1.doc,File Open,False,False,"D0-CF-11-E0-A1-B1-1A-E1 Schiel students have been admitted by open enrollment on a first-come-first-served basis. A brilliant music student, capable of interpreting Beethoven's wildest dreams, might stumble on fifth level reading. Each episode featured original music and choreography by the students themselves, performed at the school and other locations in Over-the-Rhine."
file,{K3C7-K0GD69PH-9501CDRO},02/03/2010 14:11:13,CDE1846,PC-1237,C:\DE2V5QKJ.pdf,File Open,False,False,"25-50-44-46-2D In 1845, Urbain Le Verrier began his own independent research into Uranus's orbit. Swedish astronomer Erik Prosperin proposed the name Neptune which was supported by other astronomers who liked the idea to commemorate the victories of the British Royal Naval fleet in the course of the American Revolutionary War by calling the new planet even Neptune George III or Neptune Great Britain. Ultimately, Bode's suggestion became the most widely used, and became universal in 1850 when HM Nautical Almanac Office, the final holdout, switched from using Georgium Sidus to Uranus."
file,{L7I1-T1VY57WT-9688RTJD},02/05/2010 11:23:10,CDE1846,PC-1237,C:\0MARR7W1.doc,File Open,False,False,"D0-CF-11-E0-A1-B1-1A-E1 Schiel students have been admitted by open enrollment on a first-come-first-served basis. A brilliant music student, capable of interpreting Beethoven's wildest dreams, might stumble on fifth level reading. Each episode featured original music and choreography by the students themselves, performed at the school and other locations in Over-the-Rhine."
file,{F3Z6-T4FO23IJ-8602FYXT},02/15/2010 09:22:13,CDE1846,PC-1237,C:\0MARR7W1.doc,File Open,False,False,"D0-CF-11-E0-A1-B1-1A-E1 Schiel students have been admitted by open enrollment on a first-come-first-served basis. A brilliant music student, capable of interpreting Beethoven's wildest dreams, might stumble on fifth level reading. Each episode featured original music and choreography by the students themselves, performed at the school and other locations in Over-the-Rhine."
file,{O6B9-M5KN82SK-3171KCDQ},02/15/2010 09:22:13,CDE1846,PC-1237,C:\W5P5C3ET.pdf,File Open,False,False,"25-50-44-46-2D A campaign was launched that, over the following 13 years, raised funds and made plans for the new facility. On standardized tests, SCPA ranks second among Cincinnati public schools. Teaching will often be done in teams. Expecting them to say they were with the caravan, the Muslims were horrified to hear them say they were with the main Quraishi army. Abu Jahl wanted to continue, but several of the clans present, including Banu Zuhrah and Banu Adi, promptly went home."
file,{G3A0-L9BP89FX-5817JRPR},02/25/2010 11:41:54,CDE1846,PC-1237,C:\W5P5C3ET.pdf,File Open,False,False,"25-50-44-46-2D A campaign was launched that, over the following 13 years, raised funds and made plans for the new facility. On standardized tests, SCPA ranks second among Cincinnati public schools. Teaching will often be done in teams. Expecting them to say they were with the caravan, the Muslims were horrified to hear them say they were with the main Quraishi army. Abu Jahl wanted to continue, but several of the clans present, including Banu Zuhrah and Banu Adi, promptly went home."
file,{Q4H2-P1EL38KU-2759BUIW},02/26/2010 10:05:13,CDE1846,PC-1237,C:\W5P5C3ET.pdf,File Open,False,False,"25-50-44-46-2D A campaign was launched that, over the following 13 years, raised funds and made plans for the new facility. On standardized tests, SCPA ranks second among Cincinnati public schools. Teaching will often be done in teams. Expecting them to say they were with the caravan, the Muslims were horrified to hear them say they were with the main Quraishi army. Abu Jahl wanted to continue, but several of the clans present, including Banu Zuhrah and Banu Adi, promptly went home."
file,{Y3T7-K0MC30BH-4434UGJG},03/02/2010 09:38:53,CDE1846,PC-1237,C:\CDE1846\9PA36MYX.doc,File Open,False,False,"D0-CF-11-E0-A1-B1-1A-E1 This private sector oversight has been criticized by union leaders as excluding faculty and staff. In 2009, the graduation rate was 95.5 percent and the mean score on the ACT, a standardized college admissions test, was 23 (at the 69th percentile). The ice may include ammonia and carbon dioxide. It examined all nine of the system's known rings, discovering two new ones."
file,{T4H5-V2IN51BE-8054NFHR},03/02/2010 09:44:49,CDE1846,PC-1237,C:\DE2V5QKJ.pdf,File Open,False,False,"25-50-44-46-2D In 1845, Urbain Le Verrier began his own independent research into Uranus's orbit. Swedish astronomer Erik Prosperin proposed the name Neptune which was supported by other astronomers who liked the idea to commemorate the victories of the British Royal Naval fleet in the course of the American Revolutionary War by calling the new planet even Neptune George III or Neptune Great Britain. Ultimately, Bode's suggestion became the most widely used, and became universal in 1850 when HM Nautical Almanac Office, the final holdout, switched from using Georgium Sidus to Uranus."
file,{Z5A5-F8UC93WF-2108LCFQ},03/03/2010 12:58:22,CDE1846,PC-1237,C:\W5P5C3ET.pdf,File Open,False,False,"25-50-44-46-2D A campaign was launched that, over the following 13 years, raised funds and made plans for the new facility. On standardized tests, SCPA ranks second among Cincinnati public schools. Teaching will often be done in teams. Expecting them to say they were with the caravan, the Muslims were horrified to hear them say they were with the main Quraishi army. Abu Jahl wanted to continue, but several of the clans present, including Banu Zuhrah and Banu Adi, promptly went home."
file,{L8S1-V5AF39NF-7300BWWN},03/05/2010 09:09:54,CDE1846,PC-1237,C:\CDE1846\XZ0H7ZLD.pdf,File Open,False,False,"25-50-44-46-2D To the northwest, Mount Cayley was named in September 1928 by Tom Fyles after Beverley Cochrane Cayley during a climbing expedition with the Alpine Club of Canada. As the regional surface water percolates downward through rocks below the Mount Cayley field, it reaches areas of high temperatures surrounding an active or recently solidified magma reservoir. At Ring Mountain, andesite comprises 70% brown volcanic glass and vesicular textures as much as 15%. Work was carried out in the library in 1999 to extend the total shelf-length to just under {convert|6|km}. The roofs are finished with Collyweston slates from Northamptonshire."
file,{L4V6-K2JZ03HZ-9107YHVG},03/08/2010 12:44:14,CDE1846,PC-1237,C:\W5P5C3ET.pdf,File Open,False,False,"25-50-44-46-2D A campaign was launched that, over the following 13 years, raised funds and made plans for the new facility. On standardized tests, SCPA ranks second among Cincinnati public schools. Teaching will often be done in teams. Expecting them to say they were with the caravan, the Muslims were horrified to hear them say they were with the main Quraishi army. Abu Jahl wanted to continue, but several of the clans present, including Banu Zuhrah and Banu Adi, promptly went home."
file,{D8Z1-D6FN44BE-6668JJZU},03/16/2010 17:57:58,CDE1846,PC-1237,C:\CDE1846\XF41FQVS.zip,File Open,False,False,"50-4B-03-04-14 The Senate Governmental Affairs Committee also said they learned that Hsia had served as an ""agent"" of the PRC government. A spokesman for Sioeng denied the allegations. Gingrich was the guest of honor at a Sioeng-organized luncheon the day after a Sioeng family company gave the $50,000 think-tank donation, solicited by a Gingrich adviser. The two groups are distinguished by differing juvenile food begging calls and the degree of sexual dimorphism. If successful, they peel and tear down a strip of bark to make a perch for themselves before continuing to gouge and excavate the larvae, which have deeply tunneled into the heartwood."
file,{Q2W8-W0QS98HO-3620VFNJ},03/26/2010 10:03:56,CDE1846,PC-1237,C:\CDE1846\UHPBAHJF.pdf,File Open,False,False,"25-50-44-46-2D Indonesian billionare James Riady was fined $8.6 million. In the U.S., religious organizations enjoy a tax exempt status. Ninety-four people either refused to be questioned, pled the Fifth Amendment against self incrimination, or left the country altogether. However, he also predicted extremely heavy Quraishi casualties in the event of an attack (One hadith refers to him seeing ""the camels of [Medina] laden with certain death""). Despite these losses, Abu Jahl was still determined to fight, boasting ""We will not go back until we have been to Badr."""
file,{Y0B9-V3IH30EO-6337WBTT},03/26/2010 10:07:44,CDE1846,PC-1237,C:\CDE1846\6Z5WZWGU.doc,File Open,False,False,"D0-CF-11-E0-A1-B1-1A-E1 Operation Uranus was the successful military operation in World War II by the Soviet army to take back Stalingrad and marked the turning point in the land war against the Wehrmacht. At ultraviolet and visible wavelengths, Uranus's atmosphere is remarkably bland in comparison to the other gas giants, even to Neptune, which it otherwise closely resembles. Unfortunately Voyager 2 arrived during the height of the planet's southern summer and could not observe the northern hemisphere. In terms of this latter coordinate system it was Uranus's north pole which was in sunlight in 1986. Herschel ""engaged in a series of observations on the parallax of the fixed stars"", using a telescope of his own design."
file,{D7X8-N8BO83GN-2355KAKZ},03/30/2010 16:47:18,CDE1846,PC-1237,C:\CDE1846\9PA36MYX.doc,File Open,False,False,"D0-CF-11-E0-A1-B1-1A-E1 This private sector oversight has been criticized by union leaders as excluding faculty and staff. In 2009, the graduation rate was 95.5 percent and the mean score on the ACT, a standardized college admissions test, was 23 (at the 69th percentile). The ice may include ammonia and carbon dioxide. It examined all nine of the system's known rings, discovering two new ones."
file,{D8B8-K3NA41KT-4435TTDX},04/06/2010 17:20:01,CDE1846,PC-1237,C:\CDE1846\9PA36MYX.doc,File Open,False,False,"D0-CF-11-E0-A1-B1-1A-E1 This private sector oversight has been criticized by union leaders as excluding faculty and staff. In 2009, the graduation rate was 95.5 percent and the mean score on the ACT, a standardized college admissions test, was 23 (at the 69th percentile). The ice may include ammonia and carbon dioxide. It examined all nine of the system's known rings, discovering two new ones."
file,{E9V9-H9CY60QP-7310URGG},04/07/2010 16:30:56,CDE1846,PC-1237,C:\W5P5C3ET.pdf,File Open,False,False,"25-50-44-46-2D A campaign was launched that, over the following 13 years, raised funds and made plans for the new facility. On standardized tests, SCPA ranks second among Cincinnati public schools. Teaching will often be done in teams. Expecting them to say they were with the caravan, the Muslims were horrified to hear them say they were with the main Quraishi army. Abu Jahl wanted to continue, but several of the clans present, including Banu Zuhrah and Banu Adi, promptly went home."
file,{Q7T1-D6SK00BA-7992WBUN},04/08/2010 09:27:35,CDE1846,PC-1237,C:\DE2V5QKJ.pdf,File Open,False,False,"25-50-44-46-2D In 1845, Urbain Le Verrier began his own independent research into Uranus's orbit. Swedish astronomer Erik Prosperin proposed the name Neptune which was supported by other astronomers who liked the idea to commemorate the victories of the British Royal Naval fleet in the course of the American Revolutionary War by calling the new planet even Neptune George III or Neptune Great Britain. Ultimately, Bode's suggestion became the most widely used, and became universal in 1850 when HM Nautical Almanac Office, the final holdout, switched from using Georgium Sidus to Uranus."
file,{V0Y2-Y2CY12FX-9332EKLN},04/13/2010 13:17:01,CDE1846,PC-1237,C:\FKXPWMBJ.pdf,File Open,False,False,"25-50-44-46-2D Peter Sager, too, thought that the ""high-rise library"" could ""easily stand on the Hudson"". The college, in his view ""required a sense of humour"". The school was paid $10,000 for each of the nine episodes in season one and twelve in season two. According to the Cincinnati Enquirer, the school board approved a plan in 2003 to allow the GCAEC to choose five of the twelve members of the Local School Decision-Making Committee (LSDMC), an independent body that provides oversight for the school, as a condition for continued fund-raising."
file,{N5C6-H6BX52UO-8901ESQK},04/13/2010 13:37:41,CDE1846,PC-1237,C:\CDE1846\6Z5WZWGU.doc,File Open,False,False,"D0-CF-11-E0-A1-B1-1A-E1 Operation Uranus was the successful military operation in World War II by the Soviet army to take back Stalingrad and marked the turning point in the land war against the Wehrmacht. At ultraviolet and visible wavelengths, Uranus's atmosphere is remarkably bland in comparison to the other gas giants, even to Neptune, which it otherwise closely resembles. Unfortunately Voyager 2 arrived during the height of the planet's southern summer and could not observe the northern hemisphere. In terms of this latter coordinate system it was Uranus's north pole which was in sunlight in 1986. Herschel ""engaged in a series of observations on the parallax of the fixed stars"", using a telescope of his own design."
file,{W6D5-J8AQ92MX-2526YUQT},04/14/2010 12:58:10,CDE1846,PC-1237,C:\FKXPWMBJ.pdf,File Open,False,False,"25-50-44-46-2D Peter Sager, too, thought that the ""high-rise library"" could ""easily stand on the Hudson"". The college, in his view ""required a sense of humour"". The school was paid $10,000 for each of the nine episodes in season one and twelve in season two. According to the Cincinnati Enquirer, the school board approved a plan in 2003 to allow the GCAEC to choose five of the twelve members of the Local School Decision-Making Committee (LSDMC), an independent body that provides oversight for the school, as a condition for continued fund-raising."
file,{M4M3-G8RV81QO-8979GQHA},04/19/2010 17:04:13,CDE1846,PC-1237,C:\CDE1846\XZ0H7ZLD.pdf,File Open,False,False,"25-50-44-46-2D To the northwest, Mount Cayley was named in September 1928 by Tom Fyles after Beverley Cochrane Cayley during a climbing expedition with the Alpine Club of Canada. As the regional surface water percolates downward through rocks below the Mount Cayley field, it reaches areas of high temperatures surrounding an active or recently solidified magma reservoir. At Ring Mountain, andesite comprises 70% brown volcanic glass and vesicular textures as much as 15%. Work was carried out in the library in 1999 to extend the total shelf-length to just under {convert|6|km}. The roofs are finished with Collyweston slates from Northamptonshire."
file,{M1X4-L7DE18II-3669DHSU},04/21/2010 09:21:09,CDE1846,PC-1237,C:\CDE1846\CPAWCD4S.doc,File Open,False,False,"D0-CF-11-E0-A1-B1-1A-E1 Residential accommodation for students and fellows is located in the lower quadrangle, whilst the hall, library, and administrative offices are in the upper quadrangle. Reaction to the architecture of the college has been largely unfavourable. A sub-committee, consisting of three heads of Oxford colleges (Sir William Beveridge from University College; Alfred Emden from St Edmund Hall; and Linda Grier from Lady Margaret Hall), was appointed to choose the architect; Emden appears to have played the major part in the group's work. The 1700 Cascadia earthquake caused near-shore subsidence, submerging marshes and forests on the coast that were later buried under more recent debris. A number of volcanic peaks in the Mount Cayley field were named by mountaineers that explored the area in the early 20th century."
file,{A2D8-G8JC18WL-5274YADO},05/28/2010 12:37:23,CDE1846,PC-1237,C:\0MARR7W1.doc,File Open,False,False,"D0-CF-11-E0-A1-B1-1A-E1 Schiel students have been admitted by open enrollment on a first-come-first-served basis. A brilliant music student, capable of interpreting Beethoven's wildest dreams, might stumble on fifth level reading. Each episode featured original music and choreography by the students themselves, performed at the school and other locations in Over-the-Rhine."
file,{B6I0-X7VE54YO-4397ABJP},05/28/2010 12:37:23,CDE1846,PC-1237,C:\CDE1846\9PA36MYX.doc,File Open,False,False,"D0-CF-11-E0-A1-B1-1A-E1 This private sector oversight has been criticized by union leaders as excluding faculty and staff. In 2009, the graduation rate was 95.5 percent and the mean score on the ACT, a standardized college admissions test, was 23 (at the 69th percentile). The ice may include ammonia and carbon dioxide. It examined all nine of the system's known rings, discovering two new ones."
file,{E0M6-X8VF15XI-7248YGTY},05/28/2010 12:37:23,CDE1846,PC-1237,C:\FKXPWMBJ.pdf,File Open,False,False,"25-50-44-46-2D Peter Sager, too, thought that the ""high-rise library"" could ""easily stand on the Hudson"". The college, in his view ""required a sense of humour"". The school was paid $10,000 for each of the nine episodes in season one and twelve in season two. According to the Cincinnati Enquirer, the school board approved a plan in 2003 to allow the GCAEC to choose five of the twelve members of the Local School Decision-Making Committee (LSDMC), an independent body that provides oversight for the school, as a condition for continued fund-raising."
file,{Y8L1-F0ND19UR-0517OKOZ},06/01/2010 08:52:53,CDE1846,PC-1237,C:\FKXPWMBJ.pdf,File Open,False,False,"25-50-44-46-2D Peter Sager, too, thought that the ""high-rise library"" could ""easily stand on the Hudson"". The college, in his view ""required a sense of humour"". The school was paid $10,000 for each of the nine episodes in season one and twelve in season two. According to the Cincinnati Enquirer, the school board approved a plan in 2003 to allow the GCAEC to choose five of the twelve members of the Local School Decision-Making Committee (LSDMC), an independent body that provides oversight for the school, as a condition for continued fund-raising."
file,{Y8L6-M8FW82HX-8554KJGC},06/04/2010 12:57:52,CDE1846,PC-1237,C:\CDE1846\D6X42ZMS.doc,File Open,False,False,"D0-CF-11-E0-A1-B1-1A-E1 Eight architects were initially asked to compete, including Louis de Soissons, Vincent Harris, Austen Harrison, Charles Holden, Edward Maufe, and Hubert Worthington. It is at once traditional and original."" Lord Nuffield's coat of arms are displayed over the fireplace, carved from a single piece of stone, and his portrait, painted by Sir Arthur Cope, hangs in the hall. A sub-committee, consisting of three heads of Oxford colleges (Sir William Beveridge from University College; Alfred Emden from St Edmund Hall; and Linda Grier from Lady Margaret Hall), was appointed to choose the architect; Emden appears to have played the major part in the group's work."
file,{A9P3-M4LT52NX-0476CCOH},06/23/2010 14:46:42,CDE1846,PC-1237,C:\W5P5C3ET.pdf,File Open,False,False,"25-50-44-46-2D A campaign was launched that, over the following 13 years, raised funds and made plans for the new facility. On standardized tests, SCPA ranks second among Cincinnati public schools. Teaching will often be done in teams. Expecting them to say they were with the caravan, the Muslims were horrified to hear them say they were with the main Quraishi army. Abu Jahl wanted to continue, but several of the clans present, including Banu Zuhrah and Banu Adi, promptly went home."
file,{A2S9-Q2NQ82UR-4363ACLH},06/24/2010 11:00:57,CDE1846,PC-1237,C:\CDE1846\9PA36MYX.doc,File Open,False,False,"D0-CF-11-E0-A1-B1-1A-E1 This private sector oversight has been criticized by union leaders as excluding faculty and staff. In 2009, the graduation rate was 95.5 percent and the mean score on the ACT, a standardized college admissions test, was 23 (at the 69th percentile). The ice may include ammonia and carbon dioxide. It examined all nine of the system's known rings, discovering two new ones."
file,{M5Y6-X7QE09JR-3109LIPH},06/24/2010 14:20:20,CDE1846,PC-1237,C:\CDE1846\9PA36MYX.doc,File Open,False,False,"D0-CF-11-E0-A1-B1-1A-E1 This private sector oversight has been criticized by union leaders as excluding faculty and staff. In 2009, the graduation rate was 95.5 percent and the mean score on the ACT, a standardized college admissions test, was 23 (at the 69th percentile). The ice may include ammonia and carbon dioxide. It examined all nine of the system's known rings, discovering two new ones."
file,{F2A6-R1BP79AO-1125RJUD},07/02/2010 14:33:38,CDE1846,PC-1237,C:\CDE1846\CPAWCD4S.doc,File Open,False,False,"D0-CF-11-E0-A1-B1-1A-E1 Residential accommodation for students and fellows is located in the lower quadrangle, whilst the hall, library, and administrative offices are in the upper quadrangle. Reaction to the architecture of the college has been largely unfavourable. A sub-committee, consisting of three heads of Oxford colleges (Sir William Beveridge from University College; Alfred Emden from St Edmund Hall; and Linda Grier from Lady Margaret Hall), was appointed to choose the architect; Emden appears to have played the major part in the group's work. The 1700 Cascadia earthquake caused near-shore subsidence, submerging marshes and forests on the coast that were later buried under more recent debris. A number of volcanic peaks in the Mount Cayley field were named by mountaineers that explored the area in the early 20th century."
file,{D5Q2-V7DD78WW-0321TABV},07/02/2010 15:16:17,CDE1846,PC-1237,C:\0MARR7W1.doc,File Open,False,False,"D0-CF-11-E0-A1-B1-1A-E1 Schiel students have been admitted by open enrollment on a first-come-first-served basis. A brilliant music student, capable of interpreting Beethoven's wildest dreams, might stumble on fifth level reading. Each episode featured original music and choreography by the students themselves, performed at the school and other locations in Over-the-Rhine."
file,{Q6C8-N3BG81SJ-9227ZXQR},07/02/2010 18:50:17,CDE1846,PC-1237,C:\W5P5C3ET.pdf,File Open,False,False,"25-50-44-46-2D A campaign was launched that, over the following 13 years, raised funds and made plans for the new facility. On standardized tests, SCPA ranks second among Cincinnati public schools. Teaching will often be done in teams. Expecting them to say they were with the caravan, the Muslims were horrified to hear them say they were with the main Quraishi army. Abu Jahl wanted to continue, but several of the clans present, including Banu Zuhrah and Banu Adi, promptly went home."
file,{J8Y3-K9BQ64MQ-7817VUMN},07/09/2010 17:01:58,CDE1846,PC-1237,C:\CDE1846\2V2HNXLP.doc,File Open,False,False,"D0-CF-11-E0-A1-B1-1A-E1 On his return to Australia, Trott's batting continued to improve. Lord Sheffield donated money to the ACC, which was used to purchase a trophy for the champion domestic team. Colvin's view was that the failure to construct the college according to this ""impressive"" design led to it being Oxford's ""most notable architectural casualty of the 1930s"". The proposed institute would face the main college entrance across Worcester Street."
file,{A5M2-P9ZC76JD-4216WTUQ},07/12/2010 09:25:51,CDE1846,PC-1237,C:\CDE1846\9PA36MYX.doc,File Open,False,False,"D0-CF-11-E0-A1-B1-1A-E1 This private sector oversight has been criticized by union leaders as excluding faculty and staff. In 2009, the graduation rate was 95.5 percent and the mean score on the ACT, a standardized college admissions test, was 23 (at the 69th percentile). The ice may include ammonia and carbon dioxide. It examined all nine of the system's known rings, discovering two new ones."
file,{G1T3-G1DW42TB-5614QAOH},07/16/2010 14:13:46,CDE1846,PC-1237,C:\CDE1846\XF41FQVS.zip,File Open,False,False,"50-4B-03-04-14 The Senate Governmental Affairs Committee also said they learned that Hsia had served as an ""agent"" of the PRC government. A spokesman for Sioeng denied the allegations. Gingrich was the guest of honor at a Sioeng-organized luncheon the day after a Sioeng family company gave the $50,000 think-tank donation, solicited by a Gingrich adviser. The two groups are distinguished by differing juvenile food begging calls and the degree of sexual dimorphism. If successful, they peel and tear down a strip of bark to make a perch for themselves before continuing to gouge and excavate the larvae, which have deeply tunneled into the heartwood."
file,{J1S8-L6CT93PQ-3733MBUI},07/23/2010 10:39:58,CDE1846,PC-1237,C:\DE2V5QKJ.pdf,File Open,False,False,"25-50-44-46-2D In 1845, Urbain Le Verrier began his own independent research into Uranus's orbit. Swedish astronomer Erik Prosperin proposed the name Neptune which was supported by other astronomers who liked the idea to commemorate the victories of the British Royal Naval fleet in the course of the American Revolutionary War by calling the new planet even Neptune George III or Neptune Great Britain. Ultimately, Bode's suggestion became the most widely used, and became universal in 1850 when HM Nautical Almanac Office, the final holdout, switched from using Georgium Sidus to Uranus."
file,{K5R4-Y1NU46TI-8914YNZB},07/27/2010 13:44:42,CDE1846,PC-1237,C:\CDE1846\XZ0H7ZLD.pdf,File Open,False,False,"25-50-44-46-2D To the northwest, Mount Cayley was named in September 1928 by Tom Fyles after Beverley Cochrane Cayley during a climbing expedition with the Alpine Club of Canada. As the regional surface water percolates downward through rocks below the Mount Cayley field, it reaches areas of high temperatures surrounding an active or recently solidified magma reservoir. At Ring Mountain, andesite comprises 70% brown volcanic glass and vesicular textures as much as 15%. Work was carried out in the library in 1999 to extend the total shelf-length to just under {convert|6|km}. The roofs are finished with Collyweston slates from Northamptonshire."
file,{K9Q3-W5HQ38RM-3609EBRG},07/27/2010 13:45:12,CDE1846,PC-1237,C:\CDE1846\CPAWCD4S.doc,File Open,False,False,"D0-CF-11-E0-A1-B1-1A-E1 Residential accommodation for students and fellows is located in the lower quadrangle, whilst the hall, library, and administrative offices are in the upper quadrangle. Reaction to the architecture of the college has been largely unfavourable. A sub-committee, consisting of three heads of Oxford colleges (Sir William Beveridge from University College; Alfred Emden from St Edmund Hall; and Linda Grier from Lady Margaret Hall), was appointed to choose the architect; Emden appears to have played the major part in the group's work. The 1700 Cascadia earthquake caused near-shore subsidence, submerging marshes and forests on the coast that were later buried under more recent debris. A number of volcanic peaks in the Mount Cayley field were named by mountaineers that explored the area in the early 20th century."
file,{L9E9-U8WM45UW-3350HYBF},08/06/2010 17:03:36,CDE1846,PC-1237,C:\HJDDWGF5.txt,File Open,False,False,"53-45-4C-39 The writer Miles Jebb considered the contrast between the hall's black and white floor and red-panelled roof to be ""most effective"". At that time, Harrison had never worked in Britain: although he had qualified in Britain, he had practised in Greece and Palestine; Indeed the college seems to have been his only project in the country, and remains his best known work, along with his later University of Ghana. The Cotswold style was ""taken absurdly out of context and mercilessly stretched"", and did not ""harmonise with the clumsy tower"", whilst the spire ""[perched] uneasily ... despite its elaborate base"". After a meeting with the University's Vice-Chancellor, A. D. Lindsay, Nuffield wrote to him on 15 August 1939 to say that he felt ""obliged to adhere to my adverse judgement of the plans"". The hall and its grand staircase, said Colvin, would have rivalled those of Christ Church."
file,{D4Q7-C4WV36HE-4523MDZF},08/09/2010 15:48:57,CDE1846,PC-1237,C:\CDE1846\XF41FQVS.zip,File Open,False,False,"50-4B-03-04-14 The Senate Governmental Affairs Committee also said they learned that Hsia had served as an ""agent"" of the PRC government. A spokesman for Sioeng denied the allegations. Gingrich was the guest of honor at a Sioeng-organized luncheon the day after a Sioeng family company gave the $50,000 think-tank donation, solicited by a Gingrich adviser. The two groups are distinguished by differing juvenile food begging calls and the degree of sexual dimorphism. If successful, they peel and tear down a strip of bark to make a perch for themselves before continuing to gouge and excavate the larvae, which have deeply tunneled into the heartwood."
file,{Y9R3-R7AJ19MF-8672LNOH},08/12/2010 13:57:35,CDE1846,PC-1237,C:\FKXPWMBJ.pdf,File Open,False,False,"25-50-44-46-2D Peter Sager, too, thought that the ""high-rise library"" could ""easily stand on the Hudson"". The college, in his view ""required a sense of humour"". The school was paid $10,000 for each of the nine episodes in season one and twelve in season two. According to the Cincinnati Enquirer, the school board approved a plan in 2003 to allow the GCAEC to choose five of the twelve members of the Local School Decision-Making Committee (LSDMC), an independent body that provides oversight for the school, as a condition for continued fund-raising."
file,{Y6Z2-O3BP23GM-3452WYTR},08/13/2010 12:44:15,CDE1846,PC-1237,C:\W5P5C3ET.pdf,File Open,False,False,"25-50-44-46-2D A campaign was launched that, over the following 13 years, raised funds and made plans for the new facility. On standardized tests, SCPA ranks second among Cincinnati public schools. Teaching will often be done in teams. Expecting them to say they were with the caravan, the Muslims were horrified to hear them say they were with the main Quraishi army. Abu Jahl wanted to continue, but several of the clans present, including Banu Zuhrah and Banu Adi, promptly went home."
file,{N3I1-R3TF43XC-9390REZK},08/26/2010 18:07:44,CDE1846,PC-1237,C:\CDE1846\XF41FQVS.zip,File Open,False,False,"50-4B-03-04-14 The Senate Governmental Affairs Committee also said they learned that Hsia had served as an ""agent"" of the PRC government. A spokesman for Sioeng denied the allegations. Gingrich was the guest of honor at a Sioeng-organized luncheon the day after a Sioeng family company gave the $50,000 think-tank donation, solicited by a Gingrich adviser. The two groups are distinguished by differing juvenile food begging calls and the degree of sexual dimorphism. If successful, they peel and tear down a strip of bark to make a perch for themselves before continuing to gouge and excavate the larvae, which have deeply tunneled into the heartwood."
file,{E6Q2-G0IF95VQ-5726UEEH},08/30/2010 15:03:58,CDE1846,PC-1237,C:\DE2V5QKJ.pdf,File Open,False,False,"25-50-44-46-2D In 1845, Urbain Le Verrier began his own independent research into Uranus's orbit. Swedish astronomer Erik Prosperin proposed the name Neptune which was supported by other astronomers who liked the idea to commemorate the victories of the British Royal Naval fleet in the course of the American Revolutionary War by calling the new planet even Neptune George III or Neptune Great Britain. Ultimately, Bode's suggestion became the most widely used, and became universal in 1850 when HM Nautical Almanac Office, the final holdout, switched from using Georgium Sidus to Uranus."
file,{P8C0-D4PI81IG-8413XGNL},09/01/2010 17:11:24,CDE1846,PC-1237,C:\0MARR7W1.doc,File Open,False,False,"D0-CF-11-E0-A1-B1-1A-E1 Schiel students have been admitted by open enrollment on a first-come-first-served basis. A brilliant music student, capable of interpreting Beethoven's wildest dreams, might stumble on fifth level reading. Each episode featured original music and choreography by the students themselves, performed at the school and other locations in Over-the-Rhine."
file,{K1P4-T5VS33FO-0581UDVI},09/08/2010 16:47:28,CDE1846,PC-1237,C:\0MARR7W1.doc,File Open,False,False,"D0-CF-11-E0-A1-B1-1A-E1 Schiel students have been admitted by open enrollment on a first-come-first-served basis. A brilliant music student, capable of interpreting Beethoven's wildest dreams, might stumble on fifth level reading. Each episode featured original music and choreography by the students themselves, performed at the school and other locations in Over-the-Rhine."
file,{K2P8-P1SH08WM-9677HJQW},09/08/2010 16:47:28,CDE1846,PC-1237,C:\FKXPWMBJ.pdf,File Open,False,False,"25-50-44-46-2D Peter Sager, too, thought that the ""high-rise library"" could ""easily stand on the Hudson"". The college, in his view ""required a sense of humour"". The school was paid $10,000 for each of the nine episodes in season one and twelve in season two. According to the Cincinnati Enquirer, the school board approved a plan in 2003 to allow the GCAEC to choose five of the twelve members of the Local School Decision-Making Committee (LSDMC), an independent body that provides oversight for the school, as a condition for continued fund-raising."
file,{X2N4-Z5NT62WT-6999NCVM},09/09/2010 08:38:31,CDE1846,PC-1237,C:\CDE1846\6Z5WZWGU.doc,File Open,False,False,"D0-CF-11-E0-A1-B1-1A-E1 Operation Uranus was the successful military operation in World War II by the Soviet army to take back Stalingrad and marked the turning point in the land war against the Wehrmacht. At ultraviolet and visible wavelengths, Uranus's atmosphere is remarkably bland in comparison to the other gas giants, even to Neptune, which it otherwise closely resembles. Unfortunately Voyager 2 arrived during the height of the planet's southern summer and could not observe the northern hemisphere. In terms of this latter coordinate system it was Uranus's north pole which was in sunlight in 1986. Herschel ""engaged in a series of observations on the parallax of the fixed stars"", using a telescope of his own design."
file,{B7F9-F2IB02LY-4573RAPO},09/14/2010 12:26:19,CDE1846,PC-1237,C:\FKXPWMBJ.pdf,File Open,False,False,"25-50-44-46-2D Peter Sager, too, thought that the ""high-rise library"" could ""easily stand on the Hudson"". The college, in his view ""required a sense of humour"". The school was paid $10,000 for each of the nine episodes in season one and twelve in season two. According to the Cincinnati Enquirer, the school board approved a plan in 2003 to allow the GCAEC to choose five of the twelve members of the Local School Decision-Making Committee (LSDMC), an independent body that provides oversight for the school, as a condition for continued fund-raising."
file,{G9H3-T8PC61CU-7904OUSO},09/14/2010 12:26:19,CDE1846,PC-1237,C:\W5P5C3ET.pdf,File Open,False,False,"25-50-44-46-2D A campaign was launched that, over the following 13 years, raised funds and made plans for the new facility. On standardized tests, SCPA ranks second among Cincinnati public schools. Teaching will often be done in teams. Expecting them to say they were with the caravan, the Muslims were horrified to hear them say they were with the main Quraishi army. Abu Jahl wanted to continue, but several of the clans present, including Banu Zuhrah and Banu Adi, promptly went home."
file,{P6W0-U1QE85AE-2611ZRBE},09/14/2010 12:26:19,CDE1846,PC-1237,C:\0MARR7W1.doc,File Open,False,False,"D0-CF-11-E0-A1-B1-1A-E1 Schiel students have been admitted by open enrollment on a first-come-first-served basis. A brilliant music student, capable of interpreting Beethoven's wildest dreams, might stumble on fifth level reading. Each episode featured original music and choreography by the students themselves, performed at the school and other locations in Over-the-Rhine."
file,{Z9J8-V1YZ93YJ-4106RRYD},09/14/2010 12:26:19,CDE1846,PC-1237,C:\CDE1846\9PA36MYX.doc,File Open,False,False,"D0-CF-11-E0-A1-B1-1A-E1 This private sector oversight has been criticized by union leaders as excluding faculty and staff. In 2009, the graduation rate was 95.5 percent and the mean score on the ACT, a standardized college admissions test, was 23 (at the 69th percentile). The ice may include ammonia and carbon dioxide. It examined all nine of the system's known rings, discovering two new ones."
file,{Y8Y2-A3RC56FI-9410BZRM},09/15/2010 12:19:03,CDE1846,PC-1237,C:\CDE1846\2V2HNXLP.doc,File Open,False,False,"D0-CF-11-E0-A1-B1-1A-E1 On his return to Australia, Trott's batting continued to improve. Lord Sheffield donated money to the ACC, which was used to purchase a trophy for the champion domestic team. Colvin's view was that the failure to construct the college according to this ""impressive"" design led to it being Oxford's ""most notable architectural casualty of the 1930s"". The proposed institute would face the main college entrance across Worcester Street."
file,{Q2B5-R6AT43PH-5706CJHD},10/04/2010 18:05:45,CDE1846,PC-1237,C:\0MARR7W1.doc,File Open,False,False,"D0-CF-11-E0-A1-B1-1A-E1 Schiel students have been admitted by open enrollment on a first-come-first-served basis. A brilliant music student, capable of interpreting Beethoven's wildest dreams, might stumble on fifth level reading. Each episode featured original music and choreography by the students themselves, performed at the school and other locations in Over-the-Rhine."
file,{B4M1-V2WB22LM-0085WCTZ},10/14/2010 09:08:45,CDE1846,PC-1237,C:\FKXPWMBJ.pdf,File Open,False,False,"25-50-44-46-2D Peter Sager, too, thought that the ""high-rise library"" could ""easily stand on the Hudson"". The college, in his view ""required a sense of humour"". The school was paid $10,000 for each of the nine episodes in season one and twelve in season two. According to the Cincinnati Enquirer, the school board approved a plan in 2003 to allow the GCAEC to choose five of the twelve members of the Local School Decision-Making Committee (LSDMC), an independent body that provides oversight for the school, as a condition for continued fund-raising."
file,{W9N7-U3WY83NW-2135DBZH},10/29/2010 16:46:30,CDE1846,PC-1237,C:\W5P5C3ET.pdf,File Open,False,False,"25-50-44-46-2D A campaign was launched that, over the following 13 years, raised funds and made plans for the new facility. On standardized tests, SCPA ranks second among Cincinnati public schools. Teaching will often be done in teams. Expecting them to say they were with the caravan, the Muslims were horrified to hear them say they were with the main Quraishi army. Abu Jahl wanted to continue, but several of the clans present, including Banu Zuhrah and Banu Adi, promptly went home."
file,{R1E8-P7SI10RJ-2068DOZQ},10/29/2010 16:50:29,CDE1846,PC-1237,C:\CDE1846\2V2HNXLP.doc,File Open,False,False,"D0-CF-11-E0-A1-B1-1A-E1 On his return to Australia, Trott's batting continued to improve. Lord Sheffield donated money to the ACC, which was used to purchase a trophy for the champion domestic team. Colvin's view was that the failure to construct the college according to this ""impressive"" design led to it being Oxford's ""most notable architectural casualty of the 1930s"". The proposed institute would face the main college entrance across Worcester Street."
file,{C5F6-J7WB76DS-0395AROS},11/09/2010 15:00:19,CDE1846,PC-1237,C:\FKXPWMBJ.pdf,File Open,False,False,"25-50-44-46-2D Peter Sager, too, thought that the ""high-rise library"" could ""easily stand on the Hudson"". The college, in his view ""required a sense of humour"". The school was paid $10,000 for each of the nine episodes in season one and twelve in season two. According to the Cincinnati Enquirer, the school board approved a plan in 2003 to allow the GCAEC to choose five of the twelve members of the Local School Decision-Making Committee (LSDMC), an independent body that provides oversight for the school, as a condition for continued fund-raising."
file,{K3Z0-G5EX62ZR-7349MEZB},11/11/2010 15:14:03,CDE1846,PC-1237,C:\FKXPWMBJ.pdf,File Open,False,False,"25-50-44-46-2D Peter Sager, too, thought that the ""high-rise library"" could ""easily stand on the Hudson"". The college, in his view ""required a sense of humour"". The school was paid $10,000 for each of the nine episodes in season one and twelve in season two. According to the Cincinnati Enquirer, the school board approved a plan in 2003 to allow the GCAEC to choose five of the twelve members of the Local School Decision-Making Committee (LSDMC), an independent body that provides oversight for the school, as a condition for continued fund-raising."
file,{L2F0-V7RU94DH-1305KLAK},11/24/2010 14:38:03,CDE1846,PC-1237,C:\CDE1846\5YNN4EC1.doc,File Open,False,False,"D0-CF-11-E0-A1-B1-1A-E1 As with other black cockatoos, Yellow-tailed Black Cockatoos are rarely seen in European zoos, since Australia restricted exportation of wildlife in 1959, but birds seized by government agencies in Germany, the Netherlands and the United Kingdom have been loaned to zoos that are members of the European Association of Zoos and Aquaria (EAZA). They also make a soft, chuckling call when searching for cossid moth larvae. The Yellow-tailed Black Cockatoo is distinguished from other dark-plumaged birds by its yellow tail and ear markings, and its contact call. Within the genus, the Yellow-tailed and the two Western Australian white-tailed species, the Short-billed and Long-billed Black Cockatoo, form the subgenus Zanda. Birds appear to reach sexual maturity between four and six years of age; this is the age range of breeding recorded in captivity."
file,{J8S7-J2NJ64QK-9102OFTU},11/30/2010 15:30:20,CDE1846,PC-1237,C:\HJDDWGF5.txt,File Open,False,False,"53-45-4C-39 The writer Miles Jebb considered the contrast between the hall's black and white floor and red-panelled roof to be ""most effective"". At that time, Harrison had never worked in Britain: although he had qualified in Britain, he had practised in Greece and Palestine; Indeed the college seems to have been his only project in the country, and remains his best known work, along with his later University of Ghana. The Cotswold style was ""taken absurdly out of context and mercilessly stretched"", and did not ""harmonise with the clumsy tower"", whilst the spire ""[perched] uneasily ... despite its elaborate base"". After a meeting with the University's Vice-Chancellor, A. D. Lindsay, Nuffield wrote to him on 15 August 1939 to say that he felt ""obliged to adhere to my adverse judgement of the plans"". The hall and its grand staircase, said Colvin, would have rivalled those of Christ Church."
file,{T2Z2-H8HL43WI-7959DTAT},12/22/2010 12:51:56,CDE1846,PC-1237,C:\0MARR7W1.doc,File Open,False,False,"D0-CF-11-E0-A1-B1-1A-E1 Schiel students have been admitted by open enrollment on a first-come-first-served basis. A brilliant music student, capable of interpreting Beethoven's wildest dreams, might stumble on fifth level reading. Each episode featured original music and choreography by the students themselves, performed at the school and other locations in Over-the-Rhine."
file,{A2S0-Z5OQ66BC-5752KEUS},12/30/2010 12:46:14,CDE1846,PC-1237,C:\W5P5C3ET.pdf,File Open,False,False,"25-50-44-46-2D A campaign was launched that, over the following 13 years, raised funds and made plans for the new facility. On standardized tests, SCPA ranks second among Cincinnati public schools. Teaching will often be done in teams. Expecting them to say they were with the caravan, the Muslims were horrified to hear them say they were with the main Quraishi army. Abu Jahl wanted to continue, but several of the clans present, including Banu Zuhrah and Banu Adi, promptly went home."
file,{O9S3-C4CF54CL-2079FXIK},12/30/2010 12:46:14,CDE1846,PC-1237,C:\CDE1846\XF41FQVS.zip,File Open,False,False,"50-4B-03-04-14 The Senate Governmental Affairs Committee also said they learned that Hsia had served as an ""agent"" of the PRC government. A spokesman for Sioeng denied the allegations. Gingrich was the guest of honor at a Sioeng-organized luncheon the day after a Sioeng family company gave the $50,000 think-tank donation, solicited by a Gingrich adviser. The two groups are distinguished by differing juvenile food begging calls and the degree of sexual dimorphism. If successful, they peel and tear down a strip of bark to make a perch for themselves before continuing to gouge and excavate the larvae, which have deeply tunneled into the heartwood."
file,{A3U9-M1VZ06OK-0496VYZM},01/04/2011 15:23:29,CDE1846,PC-1237,C:\CDE1846\6Z5WZWGU.doc,File Open,False,False,"D0-CF-11-E0-A1-B1-1A-E1 Operation Uranus was the successful military operation in World War II by the Soviet army to take back Stalingrad and marked the turning point in the land war against the Wehrmacht. At ultraviolet and visible wavelengths, Uranus's atmosphere is remarkably bland in comparison to the other gas giants, even to Neptune, which it otherwise closely resembles. Unfortunately Voyager 2 arrived during the height of the planet's southern summer and could not observe the northern hemisphere. In terms of this latter coordinate system it was Uranus's north pole which was in sunlight in 1986. Herschel ""engaged in a series of observations on the parallax of the fixed stars"", using a telescope of his own design."
file,{C9I5-P2KY68VI-3014ZFKY},01/11/2011 18:18:43,CDE1846,PC-1237,C:\CDE1846\5YNN4EC1.doc,File Open,False,False,"D0-CF-11-E0-A1-B1-1A-E1 As with other black cockatoos, Yellow-tailed Black Cockatoos are rarely seen in European zoos, since Australia restricted exportation of wildlife in 1959, but birds seized by government agencies in Germany, the Netherlands and the United Kingdom have been loaned to zoos that are members of the European Association of Zoos and Aquaria (EAZA). They also make a soft, chuckling call when searching for cossid moth larvae. The Yellow-tailed Black Cockatoo is distinguished from other dark-plumaged birds by its yellow tail and ear markings, and its contact call. Within the genus, the Yellow-tailed and the two Western Australian white-tailed species, the Short-billed and Long-billed Black Cockatoo, form the subgenus Zanda. Birds appear to reach sexual maturity between four and six years of age; this is the age range of breeding recorded in captivity."
file,{B9I1-M2LC49FX-9820ILJG},01/18/2011 18:44:15,CDE1846,PC-1237,C:\CDE1846\CPAWCD4S.doc,File Open,False,False,"D0-CF-11-E0-A1-B1-1A-E1 Residential accommodation for students and fellows is located in the lower quadrangle, whilst the hall, library, and administrative offices are in the upper quadrangle. Reaction to the architecture of the college has been largely unfavourable. A sub-committee, consisting of three heads of Oxford colleges (Sir William Beveridge from University College; Alfred Emden from St Edmund Hall; and Linda Grier from Lady Margaret Hall), was appointed to choose the architect; Emden appears to have played the major part in the group's work. The 1700 Cascadia earthquake caused near-shore subsidence, submerging marshes and forests on the coast that were later buried under more recent debris. A number of volcanic peaks in the Mount Cayley field were named by mountaineers that explored the area in the early 20th century."
file,{C5B7-Z0NX40YA-4826HIOD},01/31/2011 18:04:26,CDE1846,PC-1237,C:\CDE1846\9PA36MYX.doc,File Open,False,False,"D0-CF-11-E0-A1-B1-1A-E1 This private sector oversight has been criticized by union leaders as excluding faculty and staff. In 2009, the graduation rate was 95.5 percent and the mean score on the ACT, a standardized college admissions test, was 23 (at the 69th percentile). The ice may include ammonia and carbon dioxide. It examined all nine of the system's known rings, discovering two new ones."
file,{E7T1-B9SL27WQ-1710ZAYX},02/04/2011 10:07:02,CDE1846,PC-1237,C:\0MARR7W1.doc,File Open,False,False,"D0-CF-11-E0-A1-B1-1A-E1 Schiel students have been admitted by open enrollment on a first-come-first-served basis. A brilliant music student, capable of interpreting Beethoven's wildest dreams, might stumble on fifth level reading. Each episode featured original music and choreography by the students themselves, performed at the school and other locations in Over-the-Rhine."
file,{X7R6-L0HQ40MS-6995YJWF},02/21/2011 11:45:49,CDE1846,PC-7773,C:\33B3fZ4\T0NO6UHX.doc,File Open,False,False,"D0-CF-11-E0-A1-B1-1A-E1 Application Instructions: For immediate confidential consideration, please apply online by clicking ""Apply Now to Join Our Team."" Coordinate efforts with other personnel engaged in related fields of study and application to reduce the possibility of program duplication and maximize benefits. You will need to upload your MSWord resume and answer a few questions."
file,{C8O3-B0KQ15HO-2084QPAS},02/21/2011 11:52:05,CDE1846,PC-7773,C:\75J52H6\76XFNRMY.doc,File Open,False,False,"D0-CF-11-E0-A1-B1-1A-E1 Furthermore, plantations generally lack undergrowth which might have prevented cockatoos from damaging younger trees. They are generally common or locally very common in a wide range of habits, although they tend to be locally rare at the limits of their range. In 2004, a captive Yellow-tailed Black Cockatoo and two free-living Tawny Frogmouths (Podargus strigoides) suffering neurological symptoms were shown to be hosting the rat nematode Angiostrongylus cantonensis."
file,{O1I9-V4QS21LI-2211VMWP},03/04/2011 09:24:41,CDE1846,PC-1237,C:\W5P5C3ET.pdf,File Open,False,False,"25-50-44-46-2D A campaign was launched that, over the following 13 years, raised funds and made plans for the new facility. On standardized tests, SCPA ranks second among Cincinnati public schools. Teaching will often be done in teams. Expecting them to say they were with the caravan, the Muslims were horrified to hear them say they were with the main Quraishi army. Abu Jahl wanted to continue, but several of the clans present, including Banu Zuhrah and Banu Adi, promptly went home."
file,{V6B0-P0UI23KZ-8485EMPI},03/09/2011 09:06:21,CDE1846,PC-1237,C:\CDE1846\D6X42ZMS.doc,File Open,False,False,"D0-CF-11-E0-A1-B1-1A-E1 Eight architects were initially asked to compete, including Louis de Soissons, Vincent Harris, Austen Harrison, Charles Holden, Edward Maufe, and Hubert Worthington. It is at once traditional and original."" Lord Nuffield's coat of arms are displayed over the fireplace, carved from a single piece of stone, and his portrait, painted by Sir Arthur Cope, hangs in the hall. A sub-committee, consisting of three heads of Oxford colleges (Sir William Beveridge from University College; Alfred Emden from St Edmund Hall; and Linda Grier from Lady Margaret Hall), was appointed to choose the architect; Emden appears to have played the major part in the group's work."
file,{Z1H2-X7TL32RL-9066SIBE},03/09/2011 09:06:21,CDE1846,PC-1237,C:\FKXPWMBJ.pdf,File Open,False,False,"25-50-44-46-2D Peter Sager, too, thought that the ""high-rise library"" could ""easily stand on the Hudson"". The college, in his view ""required a sense of humour"". The school was paid $10,000 for each of the nine episodes in season one and twelve in season two. According to the Cincinnati Enquirer, the school board approved a plan in 2003 to allow the GCAEC to choose five of the twelve members of the Local School Decision-Making Committee (LSDMC), an independent body that provides oversight for the school, as a condition for continued fund-raising."
file,{I4Y5-U8GV25EH-5161WSUT},03/14/2011 14:48:11,CDE1846,PC-1237,C:\0MARR7W1.doc,File Open,False,False,"D0-CF-11-E0-A1-B1-1A-E1 Schiel students have been admitted by open enrollment on a first-come-first-served basis. A brilliant music student, capable of interpreting Beethoven's wildest dreams, might stumble on fifth level reading. Each episode featured original music and choreography by the students themselves, performed at the school and other locations in Over-the-Rhine."
file,{R0F5-J7AY46ZU-1296VFCJ},03/14/2011 14:48:11,CDE1846,PC-1237,C:\CDE1846\6Z5WZWGU.doc,File Open,False,False,"D0-CF-11-E0-A1-B1-1A-E1 Operation Uranus was the successful military operation in World War II by the Soviet army to take back Stalingrad and marked the turning point in the land war against the Wehrmacht. At ultraviolet and visible wavelengths, Uranus's atmosphere is remarkably bland in comparison to the other gas giants, even to Neptune, which it otherwise closely resembles. Unfortunately Voyager 2 arrived during the height of the planet's southern summer and could not observe the northern hemisphere. In terms of this latter coordinate system it was Uranus's north pole which was in sunlight in 1986. Herschel ""engaged in a series of observations on the parallax of the fixed stars"", using a telescope of his own design."
file,{O5M8-I8PA48WK-6903PMQR},03/17/2011 18:35:41,CDE1846,PC-3933,C:\NDW3217\2ZKN5SSF.txt,File Open,False,False,58-52-30-42 A Uranus orbiter and probe has been recommended by NASA's decadal survey; the proposal envisages launch during 2020-2023 and a 13-year cruise to Uranus. Uranus is the seventh planet from the Sun. Uranus was also the first planet discovered with a telescope.
file,{Y4K7-U8DK32WY-5214TLCL},03/17/2011 18:36:46,CDE1846,PC-3933,C:\71W9187\U72DKNR8.jpg,File Open,False,False,FF-D8 
file,{Q2Q2-K3IB44XA-1027IGNN},03/17/2011 18:37:28,CDE1846,PC-3933,C:\75Tdd11\89MDWBRP.zip,File Open,False,False,50-4B-03-04-14 A masters or PhD degree in electrical engineering may be substituted for the year of professional experience. The ability to analyze complex documents and enforce proper standards and formats.
file,{I2R4-V9JI74IZ-8802CLUB},03/17/2011 18:37:45,CDE1846,PC-3933,C:\ANMP7FMC.doc,File Open,False,False,"D0-CF-11-E0-A1-B1-1A-E1 So Hamza approached forward and called on Ubayda and Ali to join him. Muhammad eventually sided with Abu Bakr, and most prisoners were spared, either because of clan relations (one was Muhammad's son-in-law), desire for ransom, or the hope that they would later convert to Islam (in fact, several later did). However, many early Muslim sources indicate that no serious fighting was expected, and the future Caliph Uthman stayed behind to care for his sick wife Ruqayyah,the daughter of the Prophet. As a result, when Muhammad marched into Mecca six years later, it was Abu Sufyan who helped negotiate its peaceful surrender. Most contemporary knowledge of the battle at Badr comes from traditional Islamic accounts, both hadiths and biographies of Muhammad, recorded in written form some time after the battle."
file,{I3Q6-X1JX98YM-1352HRPP},03/21/2011 18:29:51,CDE1846,PC-1237,C:\FKXPWMBJ.pdf,File Open,False,False,"25-50-44-46-2D Peter Sager, too, thought that the ""high-rise library"" could ""easily stand on the Hudson"". The college, in his view ""required a sense of humour"". The school was paid $10,000 for each of the nine episodes in season one and twelve in season two. According to the Cincinnati Enquirer, the school board approved a plan in 2003 to allow the GCAEC to choose five of the twelve members of the Local School Decision-Making Committee (LSDMC), an independent body that provides oversight for the school, as a condition for continued fund-raising."
file,{N5J3-X9JW53NO-1200KXVS},03/22/2011 17:51:31,CDE1846,PC-5014,C:\52s6447\1Y371ELW.doc,File Open,False,False,"D0-CF-11-E0-A1-B1-1A-E1 Its reputation recovered in the years that followed and in 2009-10, the school was featured in the MTV reality series Taking the Stage, filmed at the school and featuring SCPA students. Students must audition for admission; fewer than 20 percent of those who apply each year are accepted."
file,{E3X7-F2DY60ZC-7123FHIX},03/22/2011 17:54:57,CDE1846,PC-5014,C:\361Kzq8\7R4T6PQ4.doc,File Open,False,False,"D0-CF-11-E0-A1-B1-1A-E1 Working knowledge of digital sound systems, audio systems, and video production and- processing methods. Wyle is headquartered in El Segundo, Calif. and comprises the following operating entities: Aerospace Group, Information Systems Group, Integrated Science and Engineering Group, and CAS Group. VT Group is searching for qualified Longbow Instructor and/or Maintenance Test Pilots with recent flight experience for the Longbow Crew Trainer (LCT) operator training devices program."
file,{P2Y0-O6BC27LR-0978DJRH},03/22/2011 17:55:49,CDE1846,PC-5014,C:\361Kzq8\7R4T6PQ4.doc,File Open,False,False,"D0-CF-11-E0-A1-B1-1A-E1 Working knowledge of digital sound systems, audio systems, and video production and- processing methods. Wyle is headquartered in El Segundo, Calif. and comprises the following operating entities: Aerospace Group, Information Systems Group, Integrated Science and Engineering Group, and CAS Group. VT Group is searching for qualified Longbow Instructor and/or Maintenance Test Pilots with recent flight experience for the Longbow Crew Trainer (LCT) operator training devices program."
file,{N4N8-B2RZ26VA-7364INTO},03/22/2011 17:58:08,CDE1846,PC-5014,C:\361Kzq8\7R4T6PQ4.doc,File Open,False,False,"D0-CF-11-E0-A1-B1-1A-E1 Working knowledge of digital sound systems, audio systems, and video production and- processing methods. Wyle is headquartered in El Segundo, Calif. and comprises the following operating entities: Aerospace Group, Information Systems Group, Integrated Science and Engineering Group, and CAS Group. VT Group is searching for qualified Longbow Instructor and/or Maintenance Test Pilots with recent flight experience for the Longbow Crew Trainer (LCT) operator training devices program."
file,{F5Q8-H7BZ09PW-6515HQCP},03/22/2011 17:58:59,CDE1846,PC-5014,C:\IAS0857\JCNZZ12A.doc,File Open,False,False,"D0-CF-11-E0-A1-B1-1A-E1 At this time, the nomenclature ""Squad Automatic Weapon"" (SAW) was introduced. The M2 was a large-caliber heavy machine gun, usually mounted on vehicles or in fixed emplacements."
file,{Z7Y3-P9AT98CH-1318ZOMM},03/22/2011 18:00:49,CDE1846,PC-5014,C:\53c5f85\5FXA20SS.doc,File Open,False,False,"D0-CF-11-E0-A1-B1-1A-E1 In a letter to Herschel, Lalande described it as ""un globe surmonte par la premiere lettre de votre nom"" (""a globe surmounted by the first letter of your surname""). Sir William Herschel announced its discovery on March 13, 1781, expanding the known boundaries of the Solar System for the first time in modern history. Uranus is similar in composition to Neptune, and both are of different chemical composition than the larger gas giants, Jupiter and Saturn."
file,{V0W1-O1SK67NO-7199MRYR},03/22/2011 18:01:12,CDE1846,PC-5014,C:\361Kzq8\7R4T6PQ4.doc,File Open,False,False,"D0-CF-11-E0-A1-B1-1A-E1 Working knowledge of digital sound systems, audio systems, and video production and- processing methods. Wyle is headquartered in El Segundo, Calif. and comprises the following operating entities: Aerospace Group, Information Systems Group, Integrated Science and Engineering Group, and CAS Group. VT Group is searching for qualified Longbow Instructor and/or Maintenance Test Pilots with recent flight experience for the Longbow Crew Trainer (LCT) operator training devices program."
file,{J3T2-Q8CL40ZS-9034JUAY},03/22/2011 18:01:43,CDE1846,PC-5014,C:\361Kzq8\7R4T6PQ4.doc,File Open,False,False,"D0-CF-11-E0-A1-B1-1A-E1 Working knowledge of digital sound systems, audio systems, and video production and- processing methods. Wyle is headquartered in El Segundo, Calif. and comprises the following operating entities: Aerospace Group, Information Systems Group, Integrated Science and Engineering Group, and CAS Group. VT Group is searching for qualified Longbow Instructor and/or Maintenance Test Pilots with recent flight experience for the Longbow Crew Trainer (LCT) operator training devices program."
file,{N8A0-I3NU80KN-5610XISM},03/22/2011 18:03:05,CDE1846,PC-5014,C:\361Kzq8\7R4T6PQ4.doc,File Open,False,False,"D0-CF-11-E0-A1-B1-1A-E1 Working knowledge of digital sound systems, audio systems, and video production and- processing methods. Wyle is headquartered in El Segundo, Calif. and comprises the following operating entities: Aerospace Group, Information Systems Group, Integrated Science and Engineering Group, and CAS Group. VT Group is searching for qualified Longbow Instructor and/or Maintenance Test Pilots with recent flight experience for the Longbow Crew Trainer (LCT) operator training devices program."
file,{H1O1-O3KW36LC-7132QWKA},03/22/2011 18:04:11,CDE1846,PC-5014,C:\361Kzq8\7R4T6PQ4.doc,File Open,False,False,"D0-CF-11-E0-A1-B1-1A-E1 Working knowledge of digital sound systems, audio systems, and video production and- processing methods. Wyle is headquartered in El Segundo, Calif. and comprises the following operating entities: Aerospace Group, Information Systems Group, Integrated Science and Engineering Group, and CAS Group. VT Group is searching for qualified Longbow Instructor and/or Maintenance Test Pilots with recent flight experience for the Longbow Crew Trainer (LCT) operator training devices program."
file,{N9X6-B6EU36PE-3880OYKY},03/22/2011 18:04:28,CDE1846,PC-5014,C:\361Kzq8\7R4T6PQ4.doc,File Open,False,False,"D0-CF-11-E0-A1-B1-1A-E1 Working knowledge of digital sound systems, audio systems, and video production and- processing methods. Wyle is headquartered in El Segundo, Calif. and comprises the following operating entities: Aerospace Group, Information Systems Group, Integrated Science and Engineering Group, and CAS Group. VT Group is searching for qualified Longbow Instructor and/or Maintenance Test Pilots with recent flight experience for the Longbow Crew Trainer (LCT) operator training devices program."
file,{K7K3-L3QF32DE-6990LDEI},03/22/2011 18:05:06,CDE1846,PC-5014,C:\361Kzq8\7R4T6PQ4.doc,File Open,False,False,"D0-CF-11-E0-A1-B1-1A-E1 Working knowledge of digital sound systems, audio systems, and video production and- processing methods. Wyle is headquartered in El Segundo, Calif. and comprises the following operating entities: Aerospace Group, Information Systems Group, Integrated Science and Engineering Group, and CAS Group. VT Group is searching for qualified Longbow Instructor and/or Maintenance Test Pilots with recent flight experience for the Longbow Crew Trainer (LCT) operator training devices program."
file,{Z7N3-G4MI52QG-6202MVPW},03/29/2011 18:38:10,CDE1846,PC-2386,C:\88LZS71\2V6UT1DH.doc,File Open,False,False,D0-CF-11-E0-A1-B1-1A-E1 Proven ability to interact successfully with government customers on a daily basis. KAEGAN Corporation is an affirmative action/equal opportunity employer.
file,{W9J8-W8GB89QG-8571IZQN},03/29/2011 18:38:53,CDE1846,PC-2386,C:\88LZS71\2V6UT1DH.doc,File Open,False,False,D0-CF-11-E0-A1-B1-1A-E1 Proven ability to interact successfully with government customers on a daily basis. KAEGAN Corporation is an affirmative action/equal opportunity employer.
file,{I6S6-Z0ZU89NP-6744EFHM},03/29/2011 18:43:26,CDE1846,PC-2386,C:\88LZS71\2V6UT1DH.doc,File Open,False,False,D0-CF-11-E0-A1-B1-1A-E1 Proven ability to interact successfully with government customers on a daily basis. KAEGAN Corporation is an affirmative action/equal opportunity employer.
file,{G6H4-S4FF05KE-3503DIWS},03/29/2011 18:46:06,CDE1846,PC-2386,C:\88LZS71\2V6UT1DH.doc,File Open,False,False,D0-CF-11-E0-A1-B1-1A-E1 Proven ability to interact successfully with government customers on a daily basis. KAEGAN Corporation is an affirmative action/equal opportunity employer.
file,{O2O2-Y3VX49BT-4785VPNR},04/06/2011 08:52:39,CDE1846,PC-1237,C:\8IIIYRYX.zip,File Open,False,False,"50-4B-03-04-14 The Democrats on the Senate committee published a minority report dissenting with most of the conclusions of the final report, stating the evidence ""does not support the conclusion that the China plan was aimed at, or affected, the 1996 presidential election."" Attorney General Janet Reno and the directors of the FBI, CIA and National Security Agency (NSA) told members of the Senate committee they had credible intelligence information indicating Sioeng acted on behalf of China."
file,{Q2N5-M0ZJ33QF-2509SMAQ},04/06/2011 17:34:24,CDE1846,PC-5128,C:\13R4k55\2RBI4PHU.doc,File Open,False,False,"D0-CF-11-E0-A1-B1-1A-E1 QUALIFICATIONS: High school graduation or equivalent; three years related experience in computer operations, software applications and database management; or equivalent combination of education and experience. Please visit us at www.caci.com For more information about our organization, please visit our web site at www.jhuapl.edu. Join CACI International *Applicant selected may be subject to a government security investigation and must meet eligibility requirements for access to classified information."
file,{D8D9-U6FR49IQ-6221VKUU},04/06/2011 17:35:50,CDE1846,PC-5128,C:\13R4k55\2RBI4PHU.doc,File Open,False,False,"D0-CF-11-E0-A1-B1-1A-E1 QUALIFICATIONS: High school graduation or equivalent; three years related experience in computer operations, software applications and database management; or equivalent combination of education and experience. Please visit us at www.caci.com For more information about our organization, please visit our web site at www.jhuapl.edu. Join CACI International *Applicant selected may be subject to a government security investigation and must meet eligibility requirements for access to classified information."
file,{A2O8-T6LD74FO-7193JCPO},04/06/2011 17:42:32,CDE1846,PC-5128,C:\953Pm49\2RBI4PHU.doc,File Open,False,False,"D0-CF-11-E0-A1-B1-1A-E1 QUALIFICATIONS: High school graduation or equivalent; three years related experience in computer operations, software applications and database management; or equivalent combination of education and experience. Please visit us at www.caci.com For more information about our organization, please visit our web site at www.jhuapl.edu. Join CACI International *Applicant selected may be subject to a government security investigation and must meet eligibility requirements for access to classified information."
file,{T2L0-W4GO18OU-3104YBXZ},04/06/2011 17:44:18,CDE1846,PC-5128,C:\LZDR799P.doc,File Open,False,False,"D0-CF-11-E0-A1-B1-1A-E1 Andesite at Slag Hill consists of 70% dark brown volcanic glass with varied degrees of trachytic texture in the plagioclastic matrix and less than 5% of the andesite comprises vesicular textures. At Ring Mountain, andesite comprises 70% brown volcanic glass and vesicular textures as much as 15%. In 1937, The Times described the half-mile between the railway station and the city (an area including the site of the proposed college) as ""something between a refuse heap and a slum""; Nuffield had originally bought the canal basin to beautify that part of the city before he had the idea of building a college to accomplish this. The Second World War meant that construction work on the main college buildings could not begin until 21 April 1949, when the foundation stone was laid; work on the warden's residence had begun in October 1948."
file,{F3L8-P8OE39VU-7202OHHN},04/06/2011 17:48:44,CDE1846,PC-5128,C:\TKS1549\2RBI4PHU.doc,File Open,False,False,"D0-CF-11-E0-A1-B1-1A-E1 QUALIFICATIONS: High school graduation or equivalent; three years related experience in computer operations, software applications and database management; or equivalent combination of education and experience. Please visit us at www.caci.com For more information about our organization, please visit our web site at www.jhuapl.edu. Join CACI International *Applicant selected may be subject to a government security investigation and must meet eligibility requirements for access to classified information."
file,{I7I3-N9SA38HI-8022TYGQ},04/07/2011 17:47:17,CDE1846,PC-4738,C:\33tR2W2\206B51GA.doc,File Open,False,False,"D0-CF-11-E0-A1-B1-1A-E1 We can fill your career with variety, make a long-term commitment to your continuous development and give you the responsibility to make a difference. We work on more than 600 programs that protect our homeland and advance the nation's vision in research and space science, at an annual funding level of about $980 million. Analyses are performed at all levels of total system product to include: concept, design, fabrication, test, installation, operation, maintenance and disposal. Qualifications Required: This position requires a bachelors or higher degree in engineering."
file,{O7K2-C9KV64QC-0411SXXS},04/07/2011 17:50:22,CDE1846,PC-4738,C:\33tR2W2\206B51GA.doc,File Open,False,False,"D0-CF-11-E0-A1-B1-1A-E1 We can fill your career with variety, make a long-term commitment to your continuous development and give you the responsibility to make a difference. We work on more than 600 programs that protect our homeland and advance the nation's vision in research and space science, at an annual funding level of about $980 million. Analyses are performed at all levels of total system product to include: concept, design, fabrication, test, installation, operation, maintenance and disposal. Qualifications Required: This position requires a bachelors or higher degree in engineering."
file,{O5Y5-X6IO99HH-8012QNUJ},04/11/2011 17:59:19,CDE1846,PC-4174,C:\KDT1190\25IN4DT6.zip,File Open,False,False,"50-4B-03-04-14 Offices are conveniently located in both the Pentagon and Crystal City in Arlington, VA. Both locations offer various transportation alternatives including the metro, Virginia Railway Express and a number of bus lines. Possible student loan repayment Ability to develop briefing materials and meeting minutes with working knowledge of Microsoft Office, Word, Power Point and Excel required. JOB OPENING Lead Technical Writer Position Number: JR 58841 Location: Dahlgren, VA MUST BE A U.S. CITIZEN FOR SECURITY CLEARANCE PURPOSES CACI is an Equal Opportunity Employer M/F/D/V"
file,{S9A3-A5AT79CO-1239EZYY},04/11/2011 18:03:48,CDE1846,PC-4174,C:\KDT1190\O8CIUG3I.doc,File Open,False,False,"D0-CF-11-E0-A1-B1-1A-E1 Their loud eerie wailing calls carry for long distances. Birds of subspecies funereus (Queensland to eastern Victoria) have longer wings and tails and darker plumage overall, while those of xanthanotus (western Victoria, South Australia and Tasmania) have more prominent scalloping. Softly growling, he approaches the female and bows three or four times to her."
file,{I5S8-O9NA23VE-9318KXRW},04/11/2011 18:04:31,CDE1846,PC-4174,C:\KDT1190\25IN4DT6.zip,File Open,False,False,"50-4B-03-04-14 Offices are conveniently located in both the Pentagon and Crystal City in Arlington, VA. Both locations offer various transportation alternatives including the metro, Virginia Railway Express and a number of bus lines. Possible student loan repayment Ability to develop briefing materials and meeting minutes with working knowledge of Microsoft Office, Word, Power Point and Excel required. JOB OPENING Lead Technical Writer Position Number: JR 58841 Location: Dahlgren, VA MUST BE A U.S. CITIZEN FOR SECURITY CLEARANCE PURPOSES CACI is an Equal Opportunity Employer M/F/D/V"
file,{X7J6-U0HW15ZM-8416GHUZ},04/11/2011 18:05:06,CDE1846,PC-4174,C:\KDT1190\25IN4DT6.zip,File Open,False,False,"50-4B-03-04-14 Offices are conveniently located in both the Pentagon and Crystal City in Arlington, VA. Both locations offer various transportation alternatives including the metro, Virginia Railway Express and a number of bus lines. Possible student loan repayment Ability to develop briefing materials and meeting minutes with working knowledge of Microsoft Office, Word, Power Point and Excel required. JOB OPENING Lead Technical Writer Position Number: JR 58841 Location: Dahlgren, VA MUST BE A U.S. CITIZEN FOR SECURITY CLEARANCE PURPOSES CACI is an Equal Opportunity Employer M/F/D/V"
file,{U1T5-O6NH34MB-7326WIQR},04/11/2011 18:05:32,CDE1846,PC-4174,C:\KDT1190\25IN4DT6.zip,File Open,False,False,"50-4B-03-04-14 Offices are conveniently located in both the Pentagon and Crystal City in Arlington, VA. Both locations offer various transportation alternatives including the metro, Virginia Railway Express and a number of bus lines. Possible student loan repayment Ability to develop briefing materials and meeting minutes with working knowledge of Microsoft Office, Word, Power Point and Excel required. JOB OPENING Lead Technical Writer Position Number: JR 58841 Location: Dahlgren, VA MUST BE A U.S. CITIZEN FOR SECURITY CLEARANCE PURPOSES CACI is an Equal Opportunity Employer M/F/D/V"
file,{C3K4-A8WJ00CD-9291VHXN},04/11/2011 18:08:02,CDE1846,PC-4174,C:\KDT1190\25IN4DT6.zip,File Open,False,False,"50-4B-03-04-14 Offices are conveniently located in both the Pentagon and Crystal City in Arlington, VA. Both locations offer various transportation alternatives including the metro, Virginia Railway Express and a number of bus lines. Possible student loan repayment Ability to develop briefing materials and meeting minutes with working knowledge of Microsoft Office, Word, Power Point and Excel required. JOB OPENING Lead Technical Writer Position Number: JR 58841 Location: Dahlgren, VA MUST BE A U.S. CITIZEN FOR SECURITY CLEARANCE PURPOSES CACI is an Equal Opportunity Employer M/F/D/V"
file,{J6F3-G0ZG72BG-4967XNOF},04/11/2011 18:08:13,CDE1846,PC-4174,C:\KDT1190\25IN4DT6.zip,File Open,False,False,"50-4B-03-04-14 Offices are conveniently located in both the Pentagon and Crystal City in Arlington, VA. Both locations offer various transportation alternatives including the metro, Virginia Railway Express and a number of bus lines. Possible student loan repayment Ability to develop briefing materials and meeting minutes with working knowledge of Microsoft Office, Word, Power Point and Excel required. JOB OPENING Lead Technical Writer Position Number: JR 58841 Location: Dahlgren, VA MUST BE A U.S. CITIZEN FOR SECURITY CLEARANCE PURPOSES CACI is an Equal Opportunity Employer M/F/D/V"
file,{I4Y1-B6AO73IG-5756JELN},04/12/2011 12:37:51,CDE1846,PC-1237,C:\FKXPWMBJ.pdf,File Open,False,False,"25-50-44-46-2D Peter Sager, too, thought that the ""high-rise library"" could ""easily stand on the Hudson"". The college, in his view ""required a sense of humour"". The school was paid $10,000 for each of the nine episodes in season one and twelve in season two. According to the Cincinnati Enquirer, the school board approved a plan in 2003 to allow the GCAEC to choose five of the twelve members of the Local School Decision-Making Committee (LSDMC), an independent body that provides oversight for the school, as a condition for continued fund-raising."
file,{I3Y1-X4JG34SN-8258JEQP},04/13/2011 13:39:04,CDE1846,PC-1237,C:\W5P5C3ET.pdf,File Open,False,False,"25-50-44-46-2D A campaign was launched that, over the following 13 years, raised funds and made plans for the new facility. On standardized tests, SCPA ranks second among Cincinnati public schools. Teaching will often be done in teams. Expecting them to say they were with the caravan, the Muslims were horrified to hear them say they were with the main Quraishi army. Abu Jahl wanted to continue, but several of the clans present, including Banu Zuhrah and Banu Adi, promptly went home."
file,{M9B9-B4ZR77IF-7378UEZR},04/14/2011 12:50:43,CDE1846,PC-1237,C:\FKXPWMBJ.pdf,File Open,False,False,"25-50-44-46-2D Peter Sager, too, thought that the ""high-rise library"" could ""easily stand on the Hudson"". The college, in his view ""required a sense of humour"". The school was paid $10,000 for each of the nine episodes in season one and twelve in season two. According to the Cincinnati Enquirer, the school board approved a plan in 2003 to allow the GCAEC to choose five of the twelve members of the Local School Decision-Making Committee (LSDMC), an independent body that provides oversight for the school, as a condition for continued fund-raising."
file,{Q4Z2-T3QW28RS-1980EKPZ},04/14/2011 12:51:03,CDE1846,PC-1237,C:\CDE1846\9PA36MYX.doc,File Open,False,False,"D0-CF-11-E0-A1-B1-1A-E1 This private sector oversight has been criticized by union leaders as excluding faculty and staff. In 2009, the graduation rate was 95.5 percent and the mean score on the ACT, a standardized college admissions test, was 23 (at the 69th percentile). The ice may include ammonia and carbon dioxide. It examined all nine of the system's known rings, discovering two new ones."
file,{F2Q7-X7JC58BF-4717BTUW},04/15/2011 12:02:18,CDE1846,PC-8758,C:\21y8837\THPBBKSG.doc,File Open,False,False,"D0-CF-11-E0-A1-B1-1A-E1 System engineering work experience focusing on early concept development, requirements generation, and risk assessment. Proven experience in developing complete weapon simulation systems from system concept to completion (systems development, system integration, system testing, and system demonstration)."
file,{J5D9-S9EW10FD-4476LGOW},04/15/2011 12:03:39,CDE1846,PC-8758,C:\21y8837\THPBBKSG.doc,File Open,False,False,"D0-CF-11-E0-A1-B1-1A-E1 System engineering work experience focusing on early concept development, requirements generation, and risk assessment. Proven experience in developing complete weapon simulation systems from system concept to completion (systems development, system integration, system testing, and system demonstration)."
file,{F1W9-D4CK08ZG-0210UXJM},04/15/2011 12:05:39,CDE1846,PC-8758,C:\71Vq2T2\3PGKCDCG.doc,File Open,False,False,"D0-CF-11-E0-A1-B1-1A-E1 A great working environment, supporting your personal development and providing you with work and life choices that fit your individual needs are just a few of the ways we want to make sure we become your employer of choice. CACI Recognized as Contractor of the Year Over $300M by Washington Technology magazine"
file,{P9S5-G9BA26RW-9102IXEM},04/15/2011 12:06:47,CDE1846,PC-8758,C:\CDB2017\Y4MIQSAC.doc,File Open,False,False,"D0-CF-11-E0-A1-B1-1A-E1 In the aftermath of the 1996 fire, a group of local benefactors led by Kunzel formed the Greater Cincinnati Arts and Education Center (GCAEC) to, in Kunzel's words, ""transform the area around Washington Park into a unique arts community that would include a new School for the Creative and Performing Arts."" On the Ohio Department of Education 2009-2010 School Year Report card, SCPA was designated ""Effective"" and Schiel was designated ""Excellent."""
file,{Z8B1-V4ED68RO-2077LXEW},04/15/2011 13:29:25,CDE1846,PC-1237,C:\CDE1846\6Z5WZWGU.doc,File Open,False,False,"D0-CF-11-E0-A1-B1-1A-E1 Operation Uranus was the successful military operation in World War II by the Soviet army to take back Stalingrad and marked the turning point in the land war against the Wehrmacht. At ultraviolet and visible wavelengths, Uranus's atmosphere is remarkably bland in comparison to the other gas giants, even to Neptune, which it otherwise closely resembles. Unfortunately Voyager 2 arrived during the height of the planet's southern summer and could not observe the northern hemisphere. In terms of this latter coordinate system it was Uranus's north pole which was in sunlight in 1986. Herschel ""engaged in a series of observations on the parallax of the fixed stars"", using a telescope of his own design."
file,{R7I0-E0DP22QD-5796DHYU},04/20/2011 16:23:45,CDE1846,PC-1237,C:\CDE1846\9PA36MYX.doc,File Open,False,False,"D0-CF-11-E0-A1-B1-1A-E1 This private sector oversight has been criticized by union leaders as excluding faculty and staff. In 2009, the graduation rate was 95.5 percent and the mean score on the ACT, a standardized college admissions test, was 23 (at the 69th percentile). The ice may include ammonia and carbon dioxide. It examined all nine of the system's known rings, discovering two new ones."
file,{O5Q0-A6NA62YJ-4713ZKJE},04/20/2011 16:28:24,CDE1846,PC-1237,C:\CDE1846\9PA36MYX.doc,File Open,False,False,"D0-CF-11-E0-A1-B1-1A-E1 This private sector oversight has been criticized by union leaders as excluding faculty and staff. In 2009, the graduation rate was 95.5 percent and the mean score on the ACT, a standardized college admissions test, was 23 (at the 69th percentile). The ice may include ammonia and carbon dioxide. It examined all nine of the system's known rings, discovering two new ones."
file,{P7O5-Q7TK99RX-2431VUWL},04/25/2011 11:38:08,CDE1846,PC-1237,C:\FKXPWMBJ.pdf,File Open,False,False,"25-50-44-46-2D Peter Sager, too, thought that the ""high-rise library"" could ""easily stand on the Hudson"". The college, in his view ""required a sense of humour"". The school was paid $10,000 for each of the nine episodes in season one and twelve in season two. According to the Cincinnati Enquirer, the school board approved a plan in 2003 to allow the GCAEC to choose five of the twelve members of the Local School Decision-Making Committee (LSDMC), an independent body that provides oversight for the school, as a condition for continued fund-raising."
file,{W7L4-N4BV28DG-3415MQGQ},04/25/2011 11:45:10,CDE1846,PC-1237,C:\FKXPWMBJ.pdf,File Open,False,False,"25-50-44-46-2D Peter Sager, too, thought that the ""high-rise library"" could ""easily stand on the Hudson"". The college, in his view ""required a sense of humour"". The school was paid $10,000 for each of the nine episodes in season one and twelve in season two. According to the Cincinnati Enquirer, the school board approved a plan in 2003 to allow the GCAEC to choose five of the twelve members of the Local School Decision-Making Committee (LSDMC), an independent body that provides oversight for the school, as a condition for continued fund-raising."
file,{V0F3-T3ET92JU-2769LNEA},04/25/2011 17:45:45,CDE1846,PC-7271,C:\84t4777\LKVBCPT6.pdf,File Open,False,False,"25-50-44-46-2D URS Corporation is a fully integrated engineering, construction and technical services organization with the capabilities to support every stage of the project life cycle. Exceptionally strong interpersonal and leadership skills. Only two months old at the time, we presented at Techcrunch Disrupt in September won runner-up. VT is continuously growing, developing and changing as a company so in addition to people who can do a great job, we want our people to reflect our nature by growing with us through an exciting career journey. Participate in engineering products updates and approval of products through the established engineering review / approval process within SC&R Product Team, MDSET, and MDA."
file,{D8R2-N1VF67QR-5062UUUT},04/25/2011 17:47:55,CDE1846,PC-7271,C:\84t4777\WWSNKJ7L.pdf,File Open,False,False,25-50-44-46-2D The same tree may be used for many years. It is unclear whether this is adaptive or because of loss of habitat elsewhere.
file,{I0E4-C9OO75SP-5013HCHO},04/25/2011 17:49:24,CDE1846,PC-7271,C:\84t4777\0QK1PMLU.pdf,File Open,False,False,"48-4C-38-32 These areas are adjacent to Canada's populated southwest corner where the population of British Columbia is the greatest. The most detailed study of Mount Cayley took place during this period. He also found the music ""a bit oppressive"" but concluded that, despite these criticisms, the show was ""still awfully nice television"". All we got in the way of terrifying space enemies was Sarah Lancashire hamming it up as an intergalactic super nanny, a couple of security guards with guns and lots of cute little fat babies."""
file,{J6F7-Q1FZ00DK-6860KYAL},04/25/2011 17:49:36,CDE1846,PC-7271,C:\84t4777\LKVBCPT6.pdf,File Open,False,False,"25-50-44-46-2D URS Corporation is a fully integrated engineering, construction and technical services organization with the capabilities to support every stage of the project life cycle. Exceptionally strong interpersonal and leadership skills. Only two months old at the time, we presented at Techcrunch Disrupt in September won runner-up. VT is continuously growing, developing and changing as a company so in addition to people who can do a great job, we want our people to reflect our nature by growing with us through an exciting career journey. Participate in engineering products updates and approval of products through the established engineering review / approval process within SC&R Product Team, MDSET, and MDA."
file,{Q8Q5-D0QL63IA-8829DIVN},04/25/2011 17:52:57,CDE1846,PC-7271,C:\84t4777\LKVBCPT6.pdf,File Open,False,False,"25-50-44-46-2D URS Corporation is a fully integrated engineering, construction and technical services organization with the capabilities to support every stage of the project life cycle. Exceptionally strong interpersonal and leadership skills. Only two months old at the time, we presented at Techcrunch Disrupt in September won runner-up. VT is continuously growing, developing and changing as a company so in addition to people who can do a great job, we want our people to reflect our nature by growing with us through an exciting career journey. Participate in engineering products updates and approval of products through the established engineering review / approval process within SC&R Product Team, MDSET, and MDA."
file,{D8G6-C0HF62VJ-3512HQWH},04/25/2011 17:53:26,CDE1846,PC-7271,C:\92Qwf91\OVV9R8K0.pdf,File Open,False,False,"25-50-44-46-2D It is called a southern ""collar"". There are some reasons to believe that physical seasonal changes are happening in Uranus. All except two rings of Uranus are extremely narrow-they are usually a few kilometres wide. The five main satellites are Miranda, Ariel, Umbriel, Titania and Oberon. Uranus has a complicated planetary ring system, which was the second such system to be discovered in the Solar System after Saturn's."
file,{Y0F1-A9HK94UN-0176YHCQ},04/28/2011 15:10:54,CDE1846,PC-1237,C:\8IIIYRYX.zip,File Open,False,False,"50-4B-03-04-14 The Democrats on the Senate committee published a minority report dissenting with most of the conclusions of the final report, stating the evidence ""does not support the conclusion that the China plan was aimed at, or affected, the 1996 presidential election."" Attorney General Janet Reno and the directors of the FBI, CIA and National Security Agency (NSA) told members of the Senate committee they had credible intelligence information indicating Sioeng acted on behalf of China."
file,{D6E3-D3YZ19AV-9622TNHK},05/05/2011 14:27:37,CDE1846,PC-1237,C:\CDE1846\2V2HNXLP.doc,File Open,False,False,"D0-CF-11-E0-A1-B1-1A-E1 On his return to Australia, Trott's batting continued to improve. Lord Sheffield donated money to the ACC, which was used to purchase a trophy for the champion domestic team. Colvin's view was that the failure to construct the college according to this ""impressive"" design led to it being Oxford's ""most notable architectural casualty of the 1930s"". The proposed institute would face the main college entrance across Worcester Street."
file,{H1Q1-J8RO04SZ-1136HDEQ},05/11/2011 10:52:42,CDE1846,PC-1237,C:\DE2V5QKJ.pdf,File Open,False,False,"25-50-44-46-2D In 1845, Urbain Le Verrier began his own independent research into Uranus's orbit. Swedish astronomer Erik Prosperin proposed the name Neptune which was supported by other astronomers who liked the idea to commemorate the victories of the British Royal Naval fleet in the course of the American Revolutionary War by calling the new planet even Neptune George III or Neptune Great Britain. Ultimately, Bode's suggestion became the most widely used, and became universal in 1850 when HM Nautical Almanac Office, the final holdout, switched from using Georgium Sidus to Uranus."
file,{B5Y4-I7CT11YF-2892TJJH},05/17/2011 18:09:50,CDE1846,PC-1237,C:\DE2V5QKJ.pdf,File Open,False,False,"25-50-44-46-2D In 1845, Urbain Le Verrier began his own independent research into Uranus's orbit. Swedish astronomer Erik Prosperin proposed the name Neptune which was supported by other astronomers who liked the idea to commemorate the victories of the British Royal Naval fleet in the course of the American Revolutionary War by calling the new planet even Neptune George III or Neptune Great Britain. Ultimately, Bode's suggestion became the most widely used, and became universal in 1850 when HM Nautical Almanac Office, the final holdout, switched from using Georgium Sidus to Uranus."
file,{V4T8-D2ZX54OJ-6402KWAD},05/24/2011 14:26:13,CDE1846,PC-1237,C:\CDE1846\6Z5WZWGU.doc,File Open,False,False,"D0-CF-11-E0-A1-B1-1A-E1 Operation Uranus was the successful military operation in World War II by the Soviet army to take back Stalingrad and marked the turning point in the land war against the Wehrmacht. At ultraviolet and visible wavelengths, Uranus's atmosphere is remarkably bland in comparison to the other gas giants, even to Neptune, which it otherwise closely resembles. Unfortunately Voyager 2 arrived during the height of the planet's southern summer and could not observe the northern hemisphere. In terms of this latter coordinate system it was Uranus's north pole which was in sunlight in 1986. Herschel ""engaged in a series of observations on the parallax of the fixed stars"", using a telescope of his own design."
file,{O7O4-C2FD65BI-3451PEJV},05/31/2011 11:02:38,CDE1846,PC-1237,C:\W5P5C3ET.pdf,File Open,False,False,"25-50-44-46-2D A campaign was launched that, over the following 13 years, raised funds and made plans for the new facility. On standardized tests, SCPA ranks second among Cincinnati public schools. Teaching will often be done in teams. Expecting them to say they were with the caravan, the Muslims were horrified to hear them say they were with the main Quraishi army. Abu Jahl wanted to continue, but several of the clans present, including Banu Zuhrah and Banu Adi, promptly went home."
