logon,{E9I0-Y8RU07VC-9190FQRX},01/04/2010 08:38:00,CDE1846,PC-1237,Logon
logon,{T9X4-B6GY82BQ-8066TRNP},01/04/2010 18:51:00,CDE1846,PC-1237,Logoff
logon,{P3P6-O8LQ72SG-7467USNE},01/05/2010 08:49:00,CDE1846,PC-1237,Logon
logon,{G5K2-E6WF80OV-1569RWQC},01/05/2010 18:41:00,CDE1846,PC-1237,Logoff
logon,{B2R9-N5QF90SZ-3793GAXW},01/06/2010 08:36:00,CDE1846,PC-1237,Logon
logon,{G7X4-A7SA48IZ-6134HPZE},01/06/2010 18:46:00,CDE1846,PC-1237,Logoff
logon,{M7C5-W6HN51BZ-1113XIYK},01/07/2010 08:48:00,CDE1846,PC-1237,Logon
logon,{R0C3-E4GW82KZ-7918RRAC},01/07/2010 18:42:00,CDE1846,PC-1237,Logoff
logon,{T1P8-A1RR50HH-8077YRGI},01/08/2010 08:47:00,CDE1846,PC-1237,Logon
logon,{J0P9-B9NT69IN-4853RVGX},01/08/2010 18:42:00,CDE1846,PC-1237,Logoff
logon,{S7V4-O9ZZ41ZP-0797EPYB},01/11/2010 08:34:00,CDE1846,PC-1237,Logon
logon,{O8Y8-Y5UG95GJ-5682RSVQ},01/11/2010 18:55:00,CDE1846,PC-1237,Logoff
logon,{W1D6-D0VC27LH-0577MTXI},01/12/2010 08:45:00,CDE1846,PC-1237,Logon
logon,{X1S1-Z2QX49TD-3021BKVM},01/12/2010 18:50:00,CDE1846,PC-1237,Logoff
logon,{C1J6-X4PA89XE-5510HCFX},01/13/2010 08:46:00,CDE1846,PC-1237,Logon
logon,{L2B7-O8KX06QS-5887OCLO},01/13/2010 18:42:00,CDE1846,PC-1237,Logoff
logon,{S5S3-O5LP58FD-2799XIAD},01/14/2010 08:33:00,CDE1846,PC-1237,Logon
logon,{L1Y7-R6SL29LH-8870UUJE},01/14/2010 18:52:00,CDE1846,PC-1237,Logoff
logon,{S3I7-F8QI35UD-9628VTMS},01/15/2010 08:45:00,CDE1846,PC-1237,Logon
logon,{O3M8-M8JS15YZ-5516HMLY},01/15/2010 18:43:00,CDE1846,PC-1237,Logoff
logon,{Q5O1-Z4OV39VP-0335MMZC},01/18/2010 08:45:00,CDE1846,PC-1237,Logon
logon,{M9Z9-N7OF51TG-2031UMKK},01/18/2010 18:59:00,CDE1846,PC-1237,Logoff
logon,{X5N0-X1MX55LZ-1435OOGU},01/19/2010 08:45:00,CDE1846,PC-1237,Logon
logon,{E1P1-E2MG59BP-4681QXOT},01/19/2010 18:45:00,CDE1846,PC-1237,Logoff
logon,{S2Y4-U7NQ82SY-8212HPDU},01/20/2010 08:49:00,CDE1846,PC-1237,Logon
logon,{E5I5-Q4EJ51RE-9051CVNK},01/20/2010 18:45:00,CDE1846,PC-1237,Logoff
logon,{A9M9-R4ON87QL-6414PZLK},01/21/2010 08:37:00,CDE1846,PC-1237,Logon
logon,{O4W6-W8IU00IA-4838ZAXW},01/21/2010 18:41:00,CDE1846,PC-1237,Logoff
logon,{P8D9-T7DX93VJ-3906XCZE},01/22/2010 08:41:00,CDE1846,PC-1237,Logon
logon,{Y0X3-K6XE28JY-5004RXCL},01/22/2010 18:58:00,CDE1846,PC-1237,Logoff
logon,{E5O1-S4AI76WT-5992WOZK},01/25/2010 08:31:00,CDE1846,PC-1237,Logon
logon,{C9R3-R3ZB24QA-7176ZMUQ},01/25/2010 18:52:00,CDE1846,PC-1237,Logoff
logon,{I5E9-T7JK36HH-1023IFNX},01/26/2010 08:41:00,CDE1846,PC-1237,Logon
logon,{U3L4-W7QG07ZC-7466PCAG},01/26/2010 18:44:00,CDE1846,PC-1237,Logoff
logon,{T2F6-A6XZ30JY-2458JLTH},01/27/2010 08:39:00,CDE1846,PC-1237,Logon
logon,{Q6P7-F1MC98BX-0707DLYO},01/27/2010 18:48:00,CDE1846,PC-1237,Logoff
logon,{K9T7-N9QH99TV-7554EJVL},01/28/2010 08:32:00,CDE1846,PC-1237,Logon
logon,{B3U2-J2CH69AP-4201OWND},01/28/2010 18:56:00,CDE1846,PC-1237,Logoff
logon,{T2A8-Z7UD90KS-2219BKHB},01/29/2010 08:46:00,CDE1846,PC-1237,Logon
logon,{M4V8-E3KW50MH-3505QICJ},01/29/2010 18:44:00,CDE1846,PC-1237,Logoff
logon,{B9D8-R5GD95WK-2450MWRS},02/01/2010 08:37:00,CDE1846,PC-1237,Logon
logon,{Q1M0-F8ZI11LX-3966QWDD},02/01/2010 18:58:00,CDE1846,PC-1237,Logoff
logon,{P6T5-H6FS51VJ-2745WZCB},02/02/2010 08:47:00,CDE1846,PC-1237,Logon
logon,{P8L7-L1SD57WN-2618PTLE},02/02/2010 18:41:00,CDE1846,PC-1237,Logoff
logon,{G5M1-J2RB04KX-0294LZHY},02/03/2010 08:47:00,CDE1846,PC-1237,Logon
logon,{G9J7-G9UQ02CL-8967JFTW},02/03/2010 18:41:00,CDE1846,PC-1237,Logoff
logon,{Y3O4-W1HA11JW-3316ZXPP},02/04/2010 08:49:00,CDE1846,PC-1237,Logon
logon,{R6P2-H1KH61HF-2957FIWT},02/04/2010 18:45:00,CDE1846,PC-1237,Logoff
logon,{P7D4-T5ZH99OO-9217RBUF},02/05/2010 08:33:00,CDE1846,PC-1237,Logon
logon,{P5V2-V1TA67GR-4579JYPG},02/05/2010 18:50:00,CDE1846,PC-1237,Logoff
logon,{G0C2-E4TY88QT-3841UAIN},02/08/2010 08:34:00,CDE1846,PC-1237,Logon
logon,{I2G5-L9RN16YU-9704HHJR},02/08/2010 18:43:00,CDE1846,PC-1237,Logoff
logon,{B0Y3-S6AR34IF-1901SPGX},02/09/2010 08:45:00,CDE1846,PC-1237,Logon
logon,{D6F9-X6PJ43TM-7229QUIG},02/09/2010 18:44:00,CDE1846,PC-1237,Logoff
logon,{P5D7-N3SQ01BB-0789EQEB},02/10/2010 08:45:00,CDE1846,PC-1237,Logon
logon,{G4B6-Y3PI45KP-6251MSAL},02/10/2010 18:43:00,CDE1846,PC-1237,Logoff
logon,{M2N0-B0XF49EA-4797EXSL},02/11/2010 08:48:00,CDE1846,PC-1237,Logon
logon,{J1G7-Q9QU72AW-3829ZSGP},02/11/2010 18:56:00,CDE1846,PC-1237,Logoff
logon,{S0X9-F9PU22OM-7052IFLG},02/12/2010 08:48:00,CDE1846,PC-1237,Logon
logon,{W1W0-W3RD25JI-7874MUZP},02/12/2010 18:42:00,CDE1846,PC-1237,Logoff
logon,{X0W2-U2BD60DC-1422NSDT},02/15/2010 08:44:00,CDE1846,PC-1237,Logon
logon,{Y5O4-E2TF12NV-3124DUOQ},02/15/2010 18:57:00,CDE1846,PC-1237,Logoff
logon,{F4Z1-I0AB18JX-4670NPCZ},02/16/2010 08:46:00,CDE1846,PC-1237,Logon
logon,{O0O6-M3BA99VQ-8995LPSY},02/16/2010 18:41:00,CDE1846,PC-1237,Logoff
logon,{F8B3-C0CI72HW-5433FTRO},02/17/2010 08:37:00,CDE1846,PC-1237,Logon
logon,{L6K0-U4MP97UE-2632GFGX},02/17/2010 18:57:00,CDE1846,PC-1237,Logoff
logon,{K3M1-D5FS76RK-0792WRLH},02/18/2010 08:46:00,CDE1846,PC-1237,Logon
logon,{P5O4-E7SZ64DU-2841RHQA},02/18/2010 18:41:00,CDE1846,PC-1237,Logoff
logon,{G8A7-B6IF47MA-1739XARW},02/19/2010 08:44:00,CDE1846,PC-1237,Logon
logon,{R6D2-T1FY37BQ-3272ZKPH},02/19/2010 18:58:00,CDE1846,PC-1237,Logoff
logon,{L6M1-T0VE71XE-9945FHWR},02/22/2010 08:30:00,CDE1846,PC-1237,Logon
logon,{F3M3-C5PB98EH-8600UOCK},02/22/2010 18:54:00,CDE1846,PC-1237,Logoff
logon,{E6S6-C4LQ72XJ-9788EVCU},02/23/2010 08:30:00,CDE1846,PC-1237,Logon
logon,{M6T5-Y4FH92WW-5831EZCD},02/23/2010 18:42:00,CDE1846,PC-1237,Logoff
logon,{Z0E1-I3SA89KC-2759LSSB},02/24/2010 08:45:00,CDE1846,PC-1237,Logon
logon,{C1M3-L0BO45BG-7693DANV},02/24/2010 18:43:00,CDE1846,PC-1237,Logoff
logon,{F7U9-J9UB84QF-3034XUFU},02/25/2010 08:49:00,CDE1846,PC-1237,Logon
logon,{U2A7-B3GP01VL-3826MRNK},02/25/2010 18:43:00,CDE1846,PC-1237,Logoff
logon,{Q3N1-U3WB19UF-7226ZIFD},02/26/2010 08:45:00,CDE1846,PC-1237,Logon
logon,{O3B4-U8YM65LH-8067DLGP},02/26/2010 18:50:00,CDE1846,PC-1237,Logoff
logon,{A8W3-R5NI76FF-1094UIOB},03/01/2010 08:31:00,CDE1846,PC-1237,Logon
logon,{H1K5-G2RW36IZ-6307RMKK},03/01/2010 18:55:00,CDE1846,PC-1237,Logoff
logon,{D6I8-O2XW63ZD-7805OVRB},03/02/2010 08:47:00,CDE1846,PC-1237,Logon
logon,{S2J9-M1LI87WN-0653UIRB},03/02/2010 18:45:00,CDE1846,PC-1237,Logoff
logon,{F5G2-P6QD56BY-7338XABQ},03/03/2010 08:45:00,CDE1846,PC-1237,Logon
logon,{S7I3-F9OK32IR-9575NBRY},03/03/2010 18:44:00,CDE1846,PC-1237,Logoff
logon,{C7M3-I8BM46RS-1212RUFO},03/04/2010 08:48:00,CDE1846,PC-1237,Logon
logon,{Q9N3-W2XW91JJ-3839QUCG},03/04/2010 18:56:00,CDE1846,PC-1237,Logoff
logon,{A6Q7-A6HN61HI-4771YZYO},03/05/2010 08:49:00,CDE1846,PC-1237,Logon
logon,{I7V8-X3IT53PE-0695KMOF},03/05/2010 18:43:00,CDE1846,PC-1237,Logoff
logon,{J6P5-K9PI90NW-3201ESUV},03/08/2010 08:46:00,CDE1846,PC-1237,Logon
logon,{H8S9-R0BP21MA-0876MELM},03/08/2010 18:44:00,CDE1846,PC-1237,Logoff
logon,{L5V1-K2SR48VJ-1334UJWD},03/09/2010 08:38:00,CDE1846,PC-1237,Logon
logon,{F4Q9-D4EJ56OI-9899PLOV},03/09/2010 18:54:00,CDE1846,PC-1237,Logoff
logon,{V9I0-M3GD66OZ-9771CIBQ},03/10/2010 08:31:00,CDE1846,PC-1237,Logon
logon,{C6T2-A3QY23TH-8118RDPA},03/10/2010 18:56:00,CDE1846,PC-1237,Logoff
logon,{O9Z7-V3UY56MR-1924MIAI},03/11/2010 08:49:00,CDE1846,PC-1237,Logon
logon,{T9G9-V1UV69DI-0401ISBW},03/11/2010 18:41:00,CDE1846,PC-1237,Logoff
logon,{I2R0-L3OM50MH-0199ASJE},03/12/2010 08:36:00,CDE1846,PC-1237,Logon
logon,{O9A7-R8YV24YX-2598CZWQ},03/12/2010 18:56:00,CDE1846,PC-1237,Logoff
logon,{R5Z2-Y6IQ61PJ-2940HRTK},03/15/2010 08:45:00,CDE1846,PC-1237,Logon
logon,{D1K0-S7AM06TH-0016WRYF},03/15/2010 18:59:00,CDE1846,PC-1237,Logoff
logon,{V1S0-O7CX66CD-2021CSBL},03/16/2010 08:48:00,CDE1846,PC-1237,Logon
logon,{T2I4-F8RW58SA-8081JIYZ},03/16/2010 18:48:00,CDE1846,PC-1237,Logoff
logon,{M4D2-G5XX34NU-3065PEZR},03/17/2010 08:39:00,CDE1846,PC-1237,Logon
logon,{E8Z4-E8PC63JX-4658SEWP},03/17/2010 18:42:00,CDE1846,PC-1237,Logoff
logon,{K5V9-G3WO30JI-0118PAZY},03/18/2010 08:34:00,CDE1846,PC-1237,Logon
logon,{U0N4-E6NZ72IT-8236MKSX},03/18/2010 18:53:00,CDE1846,PC-1237,Logoff
logon,{O4Q8-F5VC63FC-2611TZLL},03/19/2010 08:34:00,CDE1846,PC-1237,Logon
logon,{J8G2-E9GR83HP-2603GWRR},03/19/2010 18:42:00,CDE1846,PC-1237,Logoff
logon,{X3E6-D5KJ04BF-9231WBRJ},03/22/2010 08:42:00,CDE1846,PC-1237,Logon
logon,{T2W4-R1BW08CL-7025ZWFB},03/22/2010 18:56:00,CDE1846,PC-1237,Logoff
logon,{U1J4-B4FB88KY-1782ULWY},03/23/2010 08:35:00,CDE1846,PC-1237,Logon
logon,{J2X1-U8GZ97AR-4204POYN},03/23/2010 18:57:00,CDE1846,PC-1237,Logoff
logon,{D3Q2-N4DN01JM-1499YKGQ},03/24/2010 08:37:00,CDE1846,PC-1237,Logon
logon,{A9M9-L2ZH48GT-7290FRUD},03/24/2010 18:50:00,CDE1846,PC-1237,Logoff
logon,{H0R3-M8LS54UO-6363BDMG},03/25/2010 08:49:00,CDE1846,PC-1237,Logon
logon,{H3F3-L8YC83GD-3676BQHQ},03/25/2010 18:43:00,CDE1846,PC-1237,Logoff
logon,{U4J2-M8LM90NE-8606DVUI},03/26/2010 08:49:00,CDE1846,PC-1237,Logon
logon,{G6N4-X9GF66GT-5699OESU},03/26/2010 18:45:00,CDE1846,PC-1237,Logoff
logon,{R8A9-U5MC66RL-8913OMII},03/29/2010 08:36:00,CDE1846,PC-1237,Logon
logon,{Y6D2-X6TC61UC-2302OMJG},03/29/2010 18:52:00,CDE1846,PC-1237,Logoff
logon,{A5L9-O1LZ63ZK-9506OLKL},03/30/2010 08:47:00,CDE1846,PC-1237,Logon
logon,{K3N2-V2QN49VJ-7900SBHN},03/30/2010 18:45:00,CDE1846,PC-1237,Logoff
logon,{G8S8-H9DT24GX-8608ATDG},03/31/2010 08:47:00,CDE1846,PC-1237,Logon
logon,{Z5A0-U9VI06PV-9019SHDS},03/31/2010 18:43:00,CDE1846,PC-1237,Logoff
logon,{A1E4-J2KV74ZL-8638IZFG},04/01/2010 08:37:00,CDE1846,PC-1237,Logon
logon,{O2N6-E6HZ23YH-4784EZAH},04/01/2010 18:58:00,CDE1846,PC-1237,Logoff
logon,{B1W6-H6NL50IH-8549XYIE},04/05/2010 08:37:00,CDE1846,PC-1237,Logon
logon,{J6O1-N8QY13WQ-2412QYTK},04/05/2010 18:50:00,CDE1846,PC-1237,Logoff
logon,{Y5U5-Y5HR12VG-5276SUNN},04/06/2010 08:43:00,CDE1846,PC-1237,Logon
logon,{K0L2-H8IB43LC-3301KJHD},04/06/2010 18:50:00,CDE1846,PC-1237,Logoff
logon,{Y2O4-J8LN07KB-2873XVOT},04/07/2010 08:42:00,CDE1846,PC-1237,Logon
logon,{L5O1-Y3JI36UK-8485ZYCK},04/07/2010 18:47:00,CDE1846,PC-1237,Logoff
logon,{S8D6-Z5RN80VL-8436EPNW},04/08/2010 08:46:00,CDE1846,PC-1237,Logon
logon,{L3R9-A3GN30NT-6890HLLH},04/08/2010 18:41:00,CDE1846,PC-1237,Logoff
logon,{O8M0-A4SU39UB-2317GYRG},04/09/2010 08:45:00,CDE1846,PC-1237,Logon
logon,{H5L3-Y8DM20UF-2977SXBY},04/09/2010 18:45:00,CDE1846,PC-1237,Logoff
logon,{N3H7-X0TE84MR-9032KNLH},04/12/2010 08:34:00,CDE1846,PC-1237,Logon
logon,{M5X5-X6QX15WP-7222NRPH},04/12/2010 18:58:00,CDE1846,PC-1237,Logoff
logon,{H0Q5-R2EC45XK-2619DPDM},04/13/2010 08:35:00,CDE1846,PC-1237,Logon
logon,{G9J4-N7EO88GV-0674VRYK},04/13/2010 18:47:00,CDE1846,PC-1237,Logoff
logon,{X9F3-L3IN12EX-3709IWFN},04/14/2010 08:42:00,CDE1846,PC-1237,Logon
logon,{G5T5-Z3NX10PB-2568OEMN},04/14/2010 18:57:00,CDE1846,PC-1237,Logoff
logon,{E9G1-D0MF64OM-3184HZJZ},04/15/2010 08:45:00,CDE1846,PC-1237,Logon
logon,{X5X8-L1EH07PR-1399CHPZ},04/15/2010 18:43:00,CDE1846,PC-1237,Logoff
logon,{H0G0-W1NG33RH-9892JHHC},04/16/2010 08:36:00,CDE1846,PC-1237,Logon
logon,{X7I4-G4KO82FY-8764EBCA},04/16/2010 18:45:00,CDE1846,PC-1237,Logoff
logon,{W1Q6-E0RZ80GB-0464SBPY},04/19/2010 08:33:00,CDE1846,PC-1237,Logon
logon,{J3O9-T5HU07PQ-6167UWWL},04/19/2010 18:52:00,CDE1846,PC-1237,Logoff
logon,{H2V0-H9QK78LE-1402TVDE},04/20/2010 08:48:00,CDE1846,PC-1237,Logon
logon,{D7M1-T2TA76WR-4416SOMN},04/20/2010 18:44:00,CDE1846,PC-1237,Logoff
logon,{I2H3-Q8EW26FQ-0563KFNR},04/21/2010 08:32:00,CDE1846,PC-1237,Logon
logon,{U8E7-E6EH85IJ-3216YZRZ},04/21/2010 18:53:00,CDE1846,PC-1237,Logoff
logon,{A2Q0-A3AZ25QL-3009MKWT},04/22/2010 08:32:00,CDE1846,PC-1237,Logon
logon,{J4V9-X1YW72WL-9786RRJW},04/22/2010 19:00:00,CDE1846,PC-1237,Logoff
logon,{C5T9-F0YI34DB-2542FKYL},04/23/2010 08:49:00,CDE1846,PC-1237,Logon
logon,{X9K1-Z1GV07ST-4752GTXG},04/23/2010 18:42:00,CDE1846,PC-1237,Logoff
logon,{J5B1-V7CR81XB-7505TCAY},04/26/2010 08:41:00,CDE1846,PC-1237,Logon
logon,{S9E2-F7AD19QN-0914KYZT},04/26/2010 18:43:00,CDE1846,PC-1237,Logoff
logon,{Z3O1-T0HC66WN-9896XXOR},04/27/2010 08:47:00,CDE1846,PC-1237,Logon
logon,{Y0V9-D5QV65XS-8057UJEB},04/27/2010 18:51:00,CDE1846,PC-1237,Logoff
logon,{A7N2-L7MY60HP-3258ORSF},04/28/2010 08:36:00,CDE1846,PC-1237,Logon
logon,{W6N8-I0HH12ZW-8311FFOC},04/28/2010 18:45:00,CDE1846,PC-1237,Logoff
logon,{T4W7-G5BH80HW-8354FIIH},04/29/2010 08:49:00,CDE1846,PC-1237,Logon
logon,{N2B7-P9XO60TC-1808TYMG},04/29/2010 18:41:00,CDE1846,PC-1237,Logoff
logon,{B6Z9-W6TH73TF-7563FZDA},04/30/2010 08:43:00,CDE1846,PC-1237,Logon
logon,{D2D7-P5YO45MQ-3753WFPO},04/30/2010 18:52:00,CDE1846,PC-1237,Logoff
logon,{M5K1-M6IN69TJ-6608FBKI},05/03/2010 08:48:00,CDE1846,PC-1237,Logon
logon,{U2R9-V8HI94SI-2463PMJU},05/03/2010 18:41:00,CDE1846,PC-1237,Logoff
logon,{M1O3-R3HY44CT-3593PWRY},05/04/2010 08:40:00,CDE1846,PC-1237,Logon
logon,{B7Y0-A6AY70LS-8127ZUQL},05/04/2010 18:42:00,CDE1846,PC-1237,Logoff
logon,{M0J3-L1BF03IA-0950BPKN},05/05/2010 08:45:00,CDE1846,PC-1237,Logon
logon,{A3C6-C6NL97HI-5518SBET},05/05/2010 18:45:00,CDE1846,PC-1237,Logoff
logon,{Q7N9-G1ZJ31EG-1496ISBA},05/06/2010 08:49:00,CDE1846,PC-1237,Logon
logon,{D1A4-Z6MN75NJ-6377DUGW},05/06/2010 18:44:00,CDE1846,PC-1237,Logoff
logon,{D5S1-M3PY88YQ-1436OHMY},05/07/2010 08:48:00,CDE1846,PC-1237,Logon
logon,{N6Q7-H8FB93BH-6594HUED},05/07/2010 18:50:00,CDE1846,PC-1237,Logoff
logon,{V3B6-Q7FS53GP-9417KKQG},05/10/2010 08:49:00,CDE1846,PC-1237,Logon
logon,{K8N4-L6DC30GL-2109JVOK},05/10/2010 18:44:00,CDE1846,PC-1237,Logoff
logon,{K6J3-J4RH42WM-3229PHFQ},05/11/2010 08:38:00,CDE1846,PC-1237,Logon
logon,{E7S3-I8TK78TC-7692XSDG},05/11/2010 18:48:00,CDE1846,PC-1237,Logoff
logon,{S8D1-E3TV55EO-7901QYUS},05/12/2010 08:38:00,CDE1846,PC-1237,Logon
logon,{O2B8-S6QM50BJ-4441LWED},05/12/2010 18:45:00,CDE1846,PC-1237,Logoff
logon,{L8V1-E1PI19XF-8413FCOG},05/13/2010 08:43:00,CDE1846,PC-1237,Logon
logon,{T9P7-Y2HB87MG-6742QGVL},05/13/2010 18:55:00,CDE1846,PC-1237,Logoff
logon,{K0G6-R6TO99HS-5418BUIT},05/14/2010 08:30:00,CDE1846,PC-1237,Logon
logon,{I5I4-K1XU58JN-0820NWUO},05/14/2010 18:51:00,CDE1846,PC-1237,Logoff
logon,{C3J2-G6HB22DW-2915UJLK},05/17/2010 08:47:00,CDE1846,PC-1237,Logon
logon,{M9O2-X2OI39DP-1846TKCJ},05/17/2010 18:59:00,CDE1846,PC-1237,Logoff
logon,{M8G9-M1AR16UQ-7918TDCI},05/18/2010 08:33:00,CDE1846,PC-1237,Logon
logon,{H5R7-O0SN50KV-4120JQAD},05/18/2010 18:44:00,CDE1846,PC-1237,Logoff
logon,{D0S8-M6IW26SR-7507ERSZ},05/19/2010 08:31:00,CDE1846,PC-1237,Logon
logon,{J8G2-D2EF16EO-2808QPZI},05/19/2010 18:45:00,CDE1846,PC-1237,Logoff
logon,{B7B5-B1JU32ER-9182QAMB},05/20/2010 08:33:00,CDE1846,PC-1237,Logon
logon,{K2H7-U0TG84IG-3376XWEN},05/20/2010 18:58:00,CDE1846,PC-1237,Logoff
logon,{D9Q7-D2PU20DW-6150NDFZ},05/21/2010 08:44:00,CDE1846,PC-1237,Logon
logon,{X1L8-C6ZW30LT-1022ZBTK},05/21/2010 18:56:00,CDE1846,PC-1237,Logoff
logon,{W3O8-S7SC75LU-0193ONVR},05/24/2010 08:34:00,CDE1846,PC-1237,Logon
logon,{P7Y1-T4RY20NC-0200SOZM},05/24/2010 18:48:00,CDE1846,PC-1237,Logoff
logon,{F4V8-L3HW23KV-0014CISF},05/25/2010 08:47:00,CDE1846,PC-1237,Logon
logon,{E5M0-Z4RT67YJ-6543HCYV},05/25/2010 18:44:00,CDE1846,PC-1237,Logoff
logon,{A3I1-Q1LM29FT-1600CWTX},05/26/2010 08:45:00,CDE1846,PC-1237,Logon
logon,{U7Z4-A4HY12PC-4468XZJD},05/26/2010 18:42:00,CDE1846,PC-1237,Logoff
logon,{A9E1-K2BS22UW-4784AMKT},05/27/2010 08:36:00,CDE1846,PC-1237,Logon
logon,{E2G3-C5TJ95WO-4485ADFI},05/27/2010 18:49:00,CDE1846,PC-1237,Logoff
logon,{B6H4-R6HG18SS-4145ZZWD},05/28/2010 08:44:00,CDE1846,PC-1237,Logon
logon,{H3Z8-L4RK28HA-7396UHKH},05/28/2010 18:49:00,CDE1846,PC-1237,Logoff
logon,{V4S3-C0RC68RI-5903NXOE},06/01/2010 08:48:00,CDE1846,PC-1237,Logon
logon,{R5D6-S2PI41OT-4632WLTB},06/01/2010 18:43:00,CDE1846,PC-1237,Logoff
logon,{K6M0-N6QG40IC-9725NFVX},06/02/2010 08:36:00,CDE1846,PC-1237,Logon
logon,{M1A3-P0JE31NY-5846UNQR},06/02/2010 18:50:00,CDE1846,PC-1237,Logoff
logon,{V9Z4-C8GH24LX-7622CUAP},06/03/2010 08:35:00,CDE1846,PC-1237,Logon
logon,{G4I5-Q1WE49UV-3081URGX},06/03/2010 18:59:00,CDE1846,PC-1237,Logoff
logon,{F1A4-X7DA61SJ-6782PVQR},06/04/2010 08:42:00,CDE1846,PC-1237,Logon
logon,{F8V6-F8TK62EW-4859BPZM},06/04/2010 19:00:00,CDE1846,PC-1237,Logoff
logon,{Y9C8-K1OF63HW-7599EMEV},06/07/2010 08:30:00,CDE1846,PC-1237,Logon
logon,{N0R5-A9ZA63VO-4326ZCFU},06/07/2010 18:51:00,CDE1846,PC-1237,Logoff
logon,{K7H3-W3PJ84MH-5305WNLZ},06/08/2010 08:47:00,CDE1846,PC-1237,Logon
logon,{L8G8-P9BW05XC-7365KFZX},06/08/2010 18:45:00,CDE1846,PC-1237,Logoff
logon,{A6H6-L7CW98DI-1184FJUM},06/09/2010 08:30:00,CDE1846,PC-1237,Logon
logon,{A4E1-O8NI72XV-1275BADV},06/09/2010 18:46:00,CDE1846,PC-1237,Logoff
logon,{G4G7-N4WB68BJ-9408UMWX},06/10/2010 08:41:00,CDE1846,PC-1237,Logon
logon,{M5Q4-I3TH74QV-7529YFVQ},06/10/2010 18:55:00,CDE1846,PC-1237,Logoff
logon,{X8Z0-F7HS21CV-7150MEWC},06/11/2010 08:31:00,CDE1846,PC-1237,Logon
logon,{Y6C3-U2PV05ST-1924ZCQQ},06/11/2010 18:41:00,CDE1846,PC-1237,Logoff
logon,{V6P3-S4QH19HQ-5822HDOI},06/14/2010 08:38:00,CDE1846,PC-1237,Logon
logon,{B5M0-F7YY58WU-0504XUCT},06/14/2010 18:46:00,CDE1846,PC-1237,Logoff
logon,{I4Z2-X8DN54JH-2509TSJI},06/15/2010 08:45:00,CDE1846,PC-1237,Logon
logon,{U3F9-G1FZ69DL-4800GYBK},06/15/2010 18:41:00,CDE1846,PC-1237,Logoff
logon,{P4V0-F1CV00MY-2438WRFI},06/16/2010 08:48:00,CDE1846,PC-1237,Logon
logon,{N4H6-R4NB58QP-7258JJXL},06/16/2010 18:45:00,CDE1846,PC-1237,Logoff
logon,{C4J4-S1TR64OO-9317WXTJ},06/17/2010 08:46:00,CDE1846,PC-1237,Logon
logon,{E6N4-P6RW75UL-2695XTTA},06/17/2010 18:42:00,CDE1846,PC-1237,Logoff
logon,{J5H0-B2LW80MJ-4632YOZJ},06/18/2010 08:48:00,CDE1846,PC-1237,Logon
logon,{Z8I2-H0PK22KO-3319WFXM},06/18/2010 18:43:00,CDE1846,PC-1237,Logoff
logon,{I4M3-U3GH39LK-3240VXBA},06/21/2010 08:38:00,CDE1846,PC-1237,Logon
logon,{V2S9-J6TM51SV-7406VIAS},06/21/2010 18:45:00,CDE1846,PC-1237,Logoff
logon,{C7C2-B6GB25HN-4901CXCY},06/22/2010 08:30:00,CDE1846,PC-1237,Logon
logon,{F5W7-Y7FJ49YC-6414LQWW},06/22/2010 18:50:00,CDE1846,PC-1237,Logoff
logon,{Z0Z2-K1LB89RC-0286NHCK},06/23/2010 08:41:00,CDE1846,PC-1237,Logon
logon,{M6Q8-V6BE15FQ-8506KPZT},06/23/2010 18:51:00,CDE1846,PC-1237,Logoff
logon,{Z0O2-F5QZ31PY-7761NBGM},06/24/2010 08:49:00,CDE1846,PC-1237,Logon
logon,{A7I4-N4AQ75XM-4185QGOX},06/24/2010 18:42:00,CDE1846,PC-1237,Logoff
logon,{U2Y1-H9PC41PW-7419ABEJ},06/25/2010 08:40:00,CDE1846,PC-1237,Logon
logon,{C4G1-A7FH87HK-3598PPJL},06/25/2010 18:46:00,CDE1846,PC-1237,Logoff
logon,{N8Y1-A6SH16CJ-5396YYXM},06/28/2010 08:37:00,CDE1846,PC-1237,Logon
logon,{Q7O2-A7UL72ED-3384UMLN},06/28/2010 18:48:00,CDE1846,PC-1237,Logoff
logon,{I8V2-V4SN03MC-2886OUME},06/29/2010 08:48:00,CDE1846,PC-1237,Logon
logon,{U2J5-K3NP84ME-4131WNDZ},06/29/2010 18:45:00,CDE1846,PC-1237,Logoff
logon,{H6W2-A9LI37ES-7315WXEM},06/30/2010 08:46:00,CDE1846,PC-1237,Logon
logon,{M3S6-U1EL31YV-5862WHBM},06/30/2010 18:44:00,CDE1846,PC-1237,Logoff
logon,{B1Z0-N7JD27LO-2437JPQH},07/01/2010 08:39:00,CDE1846,PC-1237,Logon
logon,{J5X6-J8IL27WZ-3230YVEN},07/01/2010 18:56:00,CDE1846,PC-1237,Logoff
logon,{K9R2-M2YA92PK-4762OXKM},07/02/2010 08:34:00,CDE1846,PC-1237,Logon
logon,{K0B9-F5CY87SX-7185TWPV},07/02/2010 18:59:00,CDE1846,PC-1237,Logoff
logon,{Q4H9-U5KR58QV-8873DYOS},07/06/2010 08:43:00,CDE1846,PC-1237,Logon
logon,{C6D6-O8VC03FN-7776OKPX},07/06/2010 18:44:00,CDE1846,PC-1237,Logoff
logon,{T4N7-J4PH60EL-0658YTBT},07/07/2010 08:47:00,CDE1846,PC-1237,Logon
logon,{E9P5-X1RA71FL-4327XMKU},07/07/2010 18:44:00,CDE1846,PC-1237,Logoff
logon,{T9Q7-T4MK22SE-9093RCHR},07/08/2010 08:37:00,CDE1846,PC-1237,Logon
logon,{O1E8-W4VM18BS-5348ENJR},07/08/2010 18:45:00,CDE1846,PC-1237,Logoff
logon,{O3G4-G3VP42TG-4549FEXT},07/09/2010 08:49:00,CDE1846,PC-1237,Logon
logon,{W3I1-J4IS65AS-4808MLYM},07/09/2010 18:43:00,CDE1846,PC-1237,Logoff
logon,{Z5G3-Q4ML10DA-0128ELQX},07/12/2010 08:45:00,CDE1846,PC-1237,Logon
logon,{F5I3-I3OS39QZ-7318YHXO},07/12/2010 18:45:00,CDE1846,PC-1237,Logoff
logon,{I2T7-W5ON64KL-6400QQXM},07/13/2010 08:49:00,CDE1846,PC-1237,Logon
logon,{C6B8-S9ZZ49SF-7193JPZS},07/13/2010 18:50:00,CDE1846,PC-1237,Logoff
logon,{P9T0-Q6UV14QJ-8788BZEQ},07/14/2010 08:45:00,CDE1846,PC-1237,Logon
logon,{U6G1-K8CU81OK-1534YVQU},07/14/2010 18:44:00,CDE1846,PC-1237,Logoff
logon,{C9Z4-W8GA85GW-9138CRPS},07/15/2010 08:47:00,CDE1846,PC-1237,Logon
logon,{I4P2-U1BE76HM-1213GCBQ},07/15/2010 18:43:00,CDE1846,PC-1237,Logoff
logon,{P3O5-J8DK18EP-4680LEFK},07/16/2010 08:49:00,CDE1846,PC-1237,Logon
logon,{U1K6-Y3WA99GY-9019COTQ},07/16/2010 18:42:00,CDE1846,PC-1237,Logoff
logon,{Z9D0-G0ER12OX-9215LTZP},07/19/2010 08:47:00,CDE1846,PC-1237,Logon
logon,{T3W8-G3PZ45WF-5975DWKB},07/19/2010 18:43:00,CDE1846,PC-1237,Logoff
logon,{O4O9-Z7UZ54HX-3743AIOG},07/20/2010 08:48:00,CDE1846,PC-1237,Logon
logon,{N4U5-N6YP54OQ-4722EHRJ},07/20/2010 18:45:00,CDE1846,PC-1237,Logoff
logon,{M3P3-I4VZ70SA-4136XLRR},07/21/2010 08:46:00,CDE1846,PC-1237,Logon
logon,{P7Z6-G1RW76EY-3588ECUJ},07/21/2010 18:41:00,CDE1846,PC-1237,Logoff
logon,{R9U2-H0HS52TY-7742BDOW},07/22/2010 08:38:00,CDE1846,PC-1237,Logon
logon,{I6U9-I3EH37ZN-4332CTAI},07/22/2010 18:49:00,CDE1846,PC-1237,Logoff
logon,{B2G6-I1YQ22QV-3707STSE},07/23/2010 08:39:00,CDE1846,PC-1237,Logon
logon,{A8G7-Y9FQ53TP-2770NETW},07/23/2010 18:45:00,CDE1846,PC-1237,Logoff
logon,{M9R7-L7MK62FY-8564MFQT},07/26/2010 08:37:00,CDE1846,PC-1237,Logon
logon,{Q9V1-B3JR62JG-2123QOZV},07/26/2010 18:59:00,CDE1846,PC-1237,Logoff
logon,{D3M1-X3NI27IW-1400ZWIT},07/27/2010 08:46:00,CDE1846,PC-1237,Logon
logon,{L1Y4-I5QR00AL-8904RDCS},07/27/2010 18:42:00,CDE1846,PC-1237,Logoff
logon,{I5F2-M0MN86XV-9737XTYT},07/28/2010 08:47:00,CDE1846,PC-1237,Logon
logon,{D1B9-H2OO40YE-0218DRMF},07/28/2010 18:42:00,CDE1846,PC-1237,Logoff
logon,{Y5N6-J5BT92HV-4744JUMD},07/29/2010 08:43:00,CDE1846,PC-1237,Logon
logon,{P5X7-N7MQ89HV-9717DCUW},07/29/2010 18:43:00,CDE1846,PC-1237,Logoff
logon,{I2Z0-R6AQ49JO-7356GDOY},07/30/2010 08:47:00,CDE1846,PC-1237,Logon
logon,{R3L6-H6ON96HO-7179ZOCS},07/30/2010 18:45:00,CDE1846,PC-1237,Logoff
logon,{X8X9-L0JX53PT-2746YXEN},08/02/2010 08:45:00,CDE1846,PC-1237,Logon
logon,{B8V0-X7CV51TH-4205AZMQ},08/02/2010 18:45:00,CDE1846,PC-1237,Logoff
logon,{U2F2-Y7OV51NK-0820NJJV},08/03/2010 08:46:00,CDE1846,PC-1237,Logon
logon,{A7C9-O2JL05TJ-7900TLHA},08/03/2010 18:46:00,CDE1846,PC-1237,Logoff
logon,{L6J9-P0OA08LV-4675XOXM},08/04/2010 08:39:00,CDE1846,PC-1237,Logon
logon,{V4K7-N6FD90AT-0136EQKX},08/04/2010 18:53:00,CDE1846,PC-1237,Logoff
logon,{R9T1-D9BW23YB-6246YAVS},08/05/2010 08:46:00,CDE1846,PC-1237,Logon
logon,{P0O1-C1LF91OB-3488LBRO},08/05/2010 18:44:00,CDE1846,PC-1237,Logoff
logon,{D8W9-H4PM86IK-7011JZXW},08/06/2010 08:49:00,CDE1846,PC-1237,Logon
logon,{P1L5-S0KX65MO-3088OHAR},08/06/2010 18:41:00,CDE1846,PC-1237,Logoff
logon,{H3L5-Y7BB47XD-1699QMKH},08/09/2010 08:49:00,CDE1846,PC-1237,Logon
logon,{F6M0-E7WW40IT-6946JYQH},08/09/2010 18:41:00,CDE1846,PC-1237,Logoff
logon,{G0H1-D0WL55AW-0681TVTV},08/10/2010 08:42:00,CDE1846,PC-1237,Logon
logon,{C5Q9-W8LC77QW-1909MCSO},08/10/2010 18:42:00,CDE1846,PC-1237,Logoff
logon,{D5R2-T0FV95ND-4203GOID},08/11/2010 08:37:00,CDE1846,PC-1237,Logon
logon,{T4J9-L7MU43LM-9799CBFI},08/11/2010 18:44:00,CDE1846,PC-1237,Logoff
logon,{I5P4-V2NO11YG-1005YYQP},08/12/2010 08:31:00,CDE1846,PC-1237,Logon
logon,{E3M8-Q7ER42DW-1437BALF},08/12/2010 18:46:00,CDE1846,PC-1237,Logoff
logon,{P1T8-X7VX67HJ-8810EZSM},08/13/2010 08:48:00,CDE1846,PC-1237,Logon
logon,{K9Z2-P4KW41FO-7112JZKK},08/13/2010 18:45:00,CDE1846,PC-1237,Logoff
logon,{A5W7-K6QF42KO-6941KEZC},08/16/2010 08:47:00,CDE1846,PC-1237,Logon
logon,{Q6W3-U0TY45CS-2686NCOO},08/16/2010 18:41:00,CDE1846,PC-1237,Logoff
logon,{L4U1-Y7LO14NF-8636CXOB},08/17/2010 08:46:00,CDE1846,PC-1237,Logon
logon,{B0J0-N0ZQ79ZM-1849FALN},08/17/2010 18:43:00,CDE1846,PC-1237,Logoff
logon,{Q1O4-X0CN23YM-6008KEEN},08/18/2010 08:45:00,CDE1846,PC-1237,Logon
logon,{X6O3-H7WW14VR-3431VNMU},08/18/2010 18:46:00,CDE1846,PC-1237,Logoff
logon,{J2M8-U0AR29JI-8249RFIZ},08/19/2010 08:30:00,CDE1846,PC-1237,Logon
logon,{J0B2-P7MW51OS-1317DIWB},08/19/2010 18:58:00,CDE1846,PC-1237,Logoff
logon,{M3V7-R1US17RP-3005SZKP},08/20/2010 08:45:00,CDE1846,PC-1237,Logon
logon,{G8N7-N5WJ76ZN-6425KEMQ},08/20/2010 18:45:00,CDE1846,PC-1237,Logoff
logon,{U1R3-P8TC97IG-7515WVKM},08/23/2010 08:34:00,CDE1846,PC-1237,Logon
logon,{D1T1-S0ED43CA-4987EZQG},08/23/2010 18:52:00,CDE1846,PC-1237,Logoff
logon,{X3Y6-L0BF63QF-7305CZKU},08/24/2010 08:48:00,CDE1846,PC-1237,Logon
logon,{U7Z3-E0DU26SI-3111DWPH},08/24/2010 18:42:00,CDE1846,PC-1237,Logoff
logon,{N9L1-R5LC26TU-8236BWPA},08/25/2010 08:47:00,CDE1846,PC-1237,Logon
logon,{X3X7-J1AS86PS-2779EIFY},08/25/2010 18:41:00,CDE1846,PC-1237,Logoff
logon,{V5K5-A2VJ80FE-7426MVCA},08/26/2010 09:03:00,CDE1846,PC-1237,Logon
logon,{N1V9-F9YR37ZR-8180CZYK},08/26/2010 18:30:00,CDE1846,PC-1237,Logoff
logon,{E4P4-U9NN94CF-3466BTTD},08/27/2010 08:51:00,CDE1846,PC-1237,Logon
logon,{G7X8-J4ZV74ES-6945YDLL},08/27/2010 18:38:00,CDE1846,PC-1237,Logoff
logon,{J4B1-F0FN16GK-0278FWWV},08/30/2010 08:49:00,CDE1846,PC-1237,Logon
logon,{P1Z3-B4NT98HR-2717TERL},08/30/2010 18:33:00,CDE1846,PC-1237,Logoff
logon,{M5S1-W4OC40UK-0627VYSP},08/31/2010 09:07:00,CDE1846,PC-1237,Logon
logon,{F6I2-V9CK67DA-8849SXPS},08/31/2010 18:40:00,CDE1846,PC-1237,Logoff
logon,{X9Y4-G7HD23MY-0625APPG},09/01/2010 08:48:00,CDE1846,PC-1237,Logon
logon,{L1F1-H7BP22HR-9077FJIP},09/01/2010 18:30:00,CDE1846,PC-1237,Logoff
logon,{Z4F9-C6UI48IY-2501UNZT},09/02/2010 08:47:00,CDE1846,PC-1237,Logon
logon,{I0Y5-J4MD89ZE-7432AZCM},09/02/2010 18:45:00,CDE1846,PC-1237,Logoff
logon,{C1M9-W5IW77JJ-4853YZHT},09/03/2010 08:37:00,CDE1846,PC-1237,Logon
logon,{A9S8-E5PL04PI-9126TBVH},09/03/2010 18:53:00,CDE1846,PC-1237,Logoff
logon,{X1P1-P2ON77LE-9320TROE},09/07/2010 09:06:00,CDE1846,PC-1237,Logon
logon,{E2A5-M2SV92TL-9780DOVY},09/07/2010 18:47:00,CDE1846,PC-1237,Logoff
logon,{Z4O5-H9XR54FF-0487BPQA},09/08/2010 08:53:00,CDE1846,PC-1237,Logon
logon,{M1P2-I5DM92CD-0843IKQH},09/08/2010 18:36:00,CDE1846,PC-1237,Logoff
logon,{M6B0-D6VU06IY-7355XGUD},09/09/2010 08:32:00,CDE1846,PC-1237,Logon
logon,{W2Y9-J8YN40MD-3756GTMP},09/09/2010 18:43:00,CDE1846,PC-1237,Logoff
logon,{L7U0-X3ZX12WQ-4608OAQR},09/10/2010 08:48:00,CDE1846,PC-1237,Logon
logon,{S5P8-I4RA20YA-0020KYOH},09/10/2010 18:45:00,CDE1846,PC-1237,Logoff
logon,{W5P8-H8LL80RP-4750RJNB},09/13/2010 08:44:00,CDE1846,PC-1237,Logon
logon,{U6C9-Z9IY52VC-3199WURW},09/13/2010 18:59:00,CDE1846,PC-1237,Logoff
logon,{D8Y7-R4VT19MX-9751VCMQ},09/14/2010 08:36:00,CDE1846,PC-1237,Logon
logon,{Y1J7-I0EV81BA-4946KLXC},09/14/2010 18:42:00,CDE1846,PC-1237,Logoff
logon,{G9S8-Z6XW00DQ-5086ETJJ},09/15/2010 08:44:00,CDE1846,PC-1237,Logon
logon,{I7K8-S0ZT50OH-9808AAKV},09/15/2010 18:51:00,CDE1846,PC-1237,Logoff
logon,{H2X7-G0AE04IN-6655FFEI},09/16/2010 08:48:00,CDE1846,PC-1237,Logon
logon,{P4Q0-W5TU35YD-3649MBUJ},09/16/2010 18:44:00,CDE1846,PC-1237,Logoff
logon,{O5W9-O1YM90QH-2813HPRD},09/17/2010 08:47:00,CDE1846,PC-1237,Logon
logon,{Z6W7-K6YS35AD-1723KBOK},09/17/2010 18:53:00,CDE1846,PC-1237,Logoff
logon,{N8E0-P1OW32VA-0743MUDO},09/20/2010 08:43:00,CDE1846,PC-1237,Logon
logon,{Q0T2-W2TB56KQ-8619DMXO},09/20/2010 18:50:00,CDE1846,PC-1237,Logoff
logon,{U1S3-P4LA17JK-8316LVVL},09/21/2010 08:30:00,CDE1846,PC-1237,Logon
logon,{U6D5-H1DP86XJ-4674XKBB},09/21/2010 18:51:00,CDE1846,PC-1237,Logoff
logon,{E5C1-Y1ZD58LB-0849MKAT},09/22/2010 08:45:00,CDE1846,PC-1237,Logon
logon,{G0P5-Z9DC64XD-3073FMOS},09/22/2010 18:45:00,CDE1846,PC-1237,Logoff
logon,{M3I9-A4FG87IJ-1545MFUY},09/23/2010 08:46:00,CDE1846,PC-1237,Logon
logon,{W5G4-G3CH20EV-0829DWDN},09/23/2010 18:41:00,CDE1846,PC-1237,Logoff
logon,{X2Z8-F5JT55YK-2395WIFF},09/24/2010 08:46:00,CDE1846,PC-1237,Logon
logon,{B0S6-U0KE85RP-2026JXRI},09/24/2010 18:43:00,CDE1846,PC-1237,Logoff
logon,{M2E5-I3XV61RT-1359QLFG},09/27/2010 08:46:00,CDE1846,PC-1237,Logon
logon,{T5U9-N7TI74BY-2621TQWI},09/27/2010 18:42:00,CDE1846,PC-1237,Logoff
logon,{I1W7-J2HX06KQ-6339FPRL},09/28/2010 08:41:00,CDE1846,PC-1237,Logon
logon,{U8P1-Z7FZ29CP-7120XYBX},09/28/2010 18:48:00,CDE1846,PC-1237,Logoff
logon,{B4J0-G4GH66QD-9816FHHG},09/29/2010 08:41:00,CDE1846,PC-1237,Logon
logon,{I7M4-D9NQ02IA-1279KIIW},09/29/2010 18:54:00,CDE1846,PC-1237,Logoff
logon,{N7Q4-S0OB12RP-5004KRDI},09/30/2010 08:39:00,CDE1846,PC-1237,Logon
logon,{Q0D8-V0LE42MG-2935HPQX},09/30/2010 18:57:00,CDE1846,PC-1237,Logoff
logon,{S1V7-Z9ZC23NR-8064BZRS},10/01/2010 08:48:00,CDE1846,PC-1237,Logon
logon,{N7S2-X1RC73VB-9702EIHM},10/01/2010 18:49:00,CDE1846,PC-1237,Logoff
logon,{Y4G6-L4LJ43LT-6504MCBB},10/04/2010 08:48:00,CDE1846,PC-1237,Logon
logon,{B6A9-B3ZN01XD-3515TLCD},10/04/2010 18:41:00,CDE1846,PC-1237,Logoff
logon,{Q2N6-J8EA57VX-1375QYBX},10/05/2010 08:33:00,CDE1846,PC-1237,Logon
logon,{Q5Y6-E3RG01VJ-8025NYTU},10/05/2010 18:57:00,CDE1846,PC-1237,Logoff
logon,{M1L9-R9TK52UF-5170WPHV},10/06/2010 08:47:00,CDE1846,PC-1237,Logon
logon,{Q1U5-A9KI86RE-4269WGTU},10/06/2010 18:42:00,CDE1846,PC-1237,Logoff
logon,{Z6T7-A2LX55PH-5169XFRJ},10/07/2010 08:35:00,CDE1846,PC-1237,Logon
logon,{V5F7-D5JS42MI-0983VEPG},10/07/2010 18:57:00,CDE1846,PC-1237,Logoff
logon,{G9U5-L8GF09DL-7562TRKG},10/08/2010 08:46:00,CDE1846,PC-1237,Logon
logon,{Y8L9-K2HT27QR-0417SHLT},10/08/2010 18:44:00,CDE1846,PC-1237,Logoff
logon,{R7B7-R5VT77ST-4093DPUO},10/11/2010 08:48:00,CDE1846,PC-1237,Logon
logon,{O2O7-D6KC13OP-1802YDIT},10/11/2010 18:44:00,CDE1846,PC-1237,Logoff
logon,{U3N9-K4TN72KU-9193ACCE},10/12/2010 08:45:00,CDE1846,PC-1237,Logon
logon,{T4G3-K4EY08YS-0745FROO},10/12/2010 18:42:00,CDE1846,PC-1237,Logoff
logon,{C1T3-J7JD11US-1029FFAQ},10/13/2010 08:49:00,CDE1846,PC-1237,Logon
logon,{Q7E7-G5VP74UW-0247RVAU},10/13/2010 18:42:00,CDE1846,PC-1237,Logoff
logon,{O0W1-V4JQ84WJ-3473GMDK},10/14/2010 08:37:00,CDE1846,PC-1237,Logon
logon,{H8U8-H2CM57LI-8883AUXB},10/14/2010 18:48:00,CDE1846,PC-1237,Logoff
logon,{P5Y9-D6ZM13HG-7051JDEN},10/15/2010 08:38:00,CDE1846,PC-1237,Logon
logon,{C8U7-Y5DL96MG-5813HPYL},10/15/2010 18:41:00,CDE1846,PC-1237,Logoff
logon,{R2P3-E2MN25MO-8951VZIJ},10/18/2010 08:33:00,CDE1846,PC-1237,Logon
logon,{P4O2-V9RO22PK-4723CJNM},10/18/2010 18:45:00,CDE1846,PC-1237,Logoff
logon,{G5M4-R2XH89JO-2720TMRT},10/19/2010 08:36:00,CDE1846,PC-1237,Logon
logon,{U8X2-Q3KC61CO-5775UHHN},10/19/2010 18:47:00,CDE1846,PC-1237,Logoff
logon,{O7Q9-A7AJ65WF-6813HPUP},10/20/2010 08:48:00,CDE1846,PC-1237,Logon
logon,{R3A2-R8DB55DX-1949NQLB},10/20/2010 18:53:00,CDE1846,PC-1237,Logoff
logon,{J3N1-S8QS18TB-0611TGWU},10/21/2010 08:47:00,CDE1846,PC-1237,Logon
logon,{X8S7-F8EY65UL-4832QJJO},10/21/2010 18:45:00,CDE1846,PC-1237,Logoff
logon,{R5J0-O5IG47AD-9011PTYV},10/22/2010 08:48:00,CDE1846,PC-1237,Logon
logon,{G0N5-N3IB29DD-2099FFEI},10/22/2010 18:43:00,CDE1846,PC-1237,Logoff
logon,{Y5K1-S8GD37UA-7200KMWZ},10/25/2010 08:45:00,CDE1846,PC-1237,Logon
logon,{W8Y0-G6DL76SC-1705XLIV},10/25/2010 18:45:00,CDE1846,PC-1237,Logoff
logon,{C3T5-Z3IB63MS-6715ZYDL},10/26/2010 08:30:00,CDE1846,PC-1237,Logon
logon,{S4Q5-J5TW53LH-6107EVNC},10/26/2010 18:51:00,CDE1846,PC-1237,Logoff
logon,{O9Y9-Z7CC40TA-7760UVEE},10/27/2010 08:45:00,CDE1846,PC-1237,Logon
logon,{K5Z7-B7VO46BN-1537LNRE},10/27/2010 18:51:00,CDE1846,PC-1237,Logoff
logon,{C0X0-Z5HE37OT-3706FMXL},10/28/2010 08:33:00,CDE1846,PC-1237,Logon
logon,{R6Z3-G4PO67OR-2254SRAN},10/28/2010 18:45:00,CDE1846,PC-1237,Logoff
logon,{F2U2-L2RT89XI-8306KJIV},10/29/2010 08:31:00,CDE1846,PC-1237,Logon
logon,{C4V7-F6TZ55SB-1077IDRO},10/29/2010 18:50:00,CDE1846,PC-1237,Logoff
logon,{D1E9-H8XU33BH-9643DLUM},11/01/2010 08:48:00,CDE1846,PC-1237,Logon
logon,{S3U8-H6XG89GM-7135XUTN},11/01/2010 18:42:00,CDE1846,PC-1237,Logoff
logon,{I6I1-O3WB22GK-4757CECH},11/02/2010 08:40:00,CDE1846,PC-1237,Logon
logon,{T4Z9-E7XT46DD-4069EVYU},11/02/2010 18:46:00,CDE1846,PC-1237,Logoff
logon,{M1D8-U8NE87CY-0605UETD},11/03/2010 08:49:00,CDE1846,PC-1237,Logon
logon,{X5W3-N2MF86ZC-5816JZYL},11/03/2010 18:42:00,CDE1846,PC-1237,Logoff
logon,{M5B8-O5JI93GJ-2212ATDI},11/04/2010 09:08:00,CDE1846,PC-1237,Logon
logon,{K2C4-O0BT16FI-3969DFHA},11/04/2010 18:27:00,CDE1846,PC-1237,Logoff
logon,{P6X2-S1GV57RI-5636KGSC},11/05/2010 08:55:00,CDE1846,PC-1237,Logon
logon,{I0G0-Q3OR44YT-8029TASD},11/05/2010 18:35:00,CDE1846,PC-1237,Logoff
logon,{W3C3-J7DH04JT-1234STRK},11/08/2010 08:42:00,CDE1846,PC-1237,Logon
logon,{Q4K9-U5IU87TF-8996BEUK},11/08/2010 18:45:00,CDE1846,PC-1237,Logoff
logon,{P5E5-N9FD86KR-6557UGMQ},11/09/2010 08:55:00,CDE1846,PC-1237,Logon
logon,{G9D4-L6JP60BV-0889GBQB},11/09/2010 18:28:00,CDE1846,PC-1237,Logoff
logon,{Q8F6-T0KL04IA-4608WPMX},11/10/2010 08:37:00,CDE1846,PC-1237,Logon
logon,{R2M8-L7ZL12YP-4503WGVK},11/10/2010 18:58:00,CDE1846,PC-1237,Logoff
logon,{K8Z3-U2GB02MV-4310WWNR},11/11/2010 08:49:00,CDE1846,PC-1237,Logon
logon,{E7M9-Z4CD16UT-6318VDPD},11/11/2010 18:56:00,CDE1846,PC-1237,Logoff
logon,{Q6H6-R5SV03PP-5808VRMC},11/12/2010 08:30:00,CDE1846,PC-1237,Logon
logon,{X1Q6-C6JL73VU-0717TYQU},11/12/2010 18:45:00,CDE1846,PC-1237,Logoff
logon,{F8R9-M9WV55FI-6310FDXB},11/15/2010 08:53:00,CDE1846,PC-1237,Logon
logon,{F2K3-I7LP89OX-0106GMHB},11/15/2010 18:47:00,CDE1846,PC-1237,Logoff
logon,{G1E1-N3FD05WT-3472GHRH},11/16/2010 08:40:00,CDE1846,PC-1237,Logon
logon,{I5I1-Z9AE30RU-5801MMWF},11/16/2010 18:56:00,CDE1846,PC-1237,Logoff
logon,{V6B5-U6BS96ZX-0450EWHM},11/17/2010 08:33:00,CDE1846,PC-1237,Logon
logon,{Z9V8-I3LM12JS-4641AYGL},11/17/2010 18:50:00,CDE1846,PC-1237,Logoff
logon,{C1V9-C7PP76SH-1806HISJ},11/18/2010 08:45:00,CDE1846,PC-1237,Logon
logon,{X6K0-S3VI86ZD-6927BUBY},11/18/2010 18:53:00,CDE1846,PC-1237,Logoff
logon,{W6P4-E9IH59ZN-6605NRFU},11/19/2010 08:33:00,CDE1846,PC-1237,Logon
logon,{R0C8-P1YB12PB-6798GMYI},11/19/2010 18:59:00,CDE1846,PC-1237,Logoff
logon,{H8M7-O5MT67RH-9504UOIG},11/22/2010 08:45:00,CDE1846,PC-1237,Logon
logon,{E0S0-X4VD40DV-3567EGJC},11/22/2010 18:44:00,CDE1846,PC-1237,Logoff
logon,{L7O3-D2GA85VO-4461UOBC},11/23/2010 08:45:00,CDE1846,PC-1237,Logon
logon,{W0U9-O1AM65HT-3581JBGW},11/23/2010 18:53:00,CDE1846,PC-1237,Logoff
logon,{P2F1-E4WQ35YP-3979YYMO},11/24/2010 08:30:00,CDE1846,PC-1237,Logon
logon,{L2T1-J2UY53PC-6106GSND},11/24/2010 18:59:00,CDE1846,PC-1237,Logoff
logon,{P4Q1-E7OW86AT-8691VIJI},11/29/2010 09:04:00,CDE1846,PC-1237,Logon
logon,{O1V6-K6KH00CP-4509NVGQ},11/29/2010 18:40:00,CDE1846,PC-1237,Logoff
logon,{Z0H3-V6IY83EU-5806DMMH},11/30/2010 08:52:00,CDE1846,PC-1237,Logon
logon,{T3Z3-Y9OE22DU-7294FNKN},11/30/2010 18:38:00,CDE1846,PC-1237,Logoff
logon,{N9V1-D9PD21KF-4625SNEE},12/01/2010 08:57:00,CDE1846,PC-1237,Logon
logon,{R9Z2-G9PY45LM-1933BUNK},12/01/2010 18:26:00,CDE1846,PC-1237,Logoff
logon,{W2V0-A7BG30IO-8016NEHV},12/02/2010 09:07:00,CDE1846,PC-1237,Logon
logon,{E6X8-K6XV99RI-3905HDZN},12/02/2010 18:46:00,CDE1846,PC-1237,Logoff
logon,{M3N7-P6YT20CK-9418IZFX},12/03/2010 08:45:00,CDE1846,PC-1237,Logon
logon,{P6R5-L5QE56JY-5633BBKB},12/03/2010 18:50:00,CDE1846,PC-1237,Logoff
logon,{K3J0-Q0RT98CG-4102DSWY},12/06/2010 08:35:00,CDE1846,PC-1237,Logon
logon,{B3K2-O1AA03CU-3410LDLN},12/06/2010 18:51:00,CDE1846,PC-1237,Logoff
logon,{W9S5-B8MT94HE-6008DESC},12/07/2010 08:52:00,CDE1846,PC-1237,Logon
logon,{A8U7-D3MH08CI-8116MBEL},12/07/2010 18:48:00,CDE1846,PC-1237,Logoff
logon,{S4V0-Y9NI21TC-0320SHQW},12/08/2010 08:42:00,CDE1846,PC-1237,Logon
logon,{Z4D1-S2UD17IN-6788DPVC},12/08/2010 18:45:00,CDE1846,PC-1237,Logoff
logon,{O2J4-L6ZI65AG-3028GRLO},12/09/2010 08:50:00,CDE1846,PC-1237,Logon
logon,{M4V3-C3LP41WU-0808JVPG},12/09/2010 18:59:00,CDE1846,PC-1237,Logoff
logon,{M5X2-X6JB00KT-6885JOAG},12/10/2010 09:08:00,CDE1846,PC-1237,Logon
logon,{O6S6-B8PE00XJ-2637MXVM},12/10/2010 18:45:00,CDE1846,PC-1237,Logoff
logon,{L3Y0-Q4PZ97OS-1419PZYQ},12/13/2010 08:41:00,CDE1846,PC-1237,Logon
logon,{E3R2-S2OJ30VR-0934OCKO},12/13/2010 18:51:00,CDE1846,PC-1237,Logoff
logon,{W6K2-X8DN94PO-0027DRLJ},12/14/2010 08:44:00,CDE1846,PC-1237,Logon
logon,{J2F4-A3FU10JB-2622PGSR},12/14/2010 18:46:00,CDE1846,PC-1237,Logoff
logon,{J8X2-U3MV71LV-7589ZGDE},12/15/2010 08:57:00,CDE1846,PC-1237,Logon
logon,{D6Z8-Y7AU16JL-4060JOEF},12/15/2010 18:37:00,CDE1846,PC-1237,Logoff
logon,{G1T1-F6EL92KI-9329LRBY},12/16/2010 09:04:00,CDE1846,PC-1237,Logon
logon,{F4J0-I9EN14WD-7842JTJP},12/16/2010 18:26:00,CDE1846,PC-1237,Logoff
logon,{B2R8-Y6OC51QL-1164PKKS},12/17/2010 09:03:00,CDE1846,PC-1237,Logon
logon,{V9E5-S9QX72RZ-3517UHZY},12/17/2010 18:33:00,CDE1846,PC-1237,Logoff
logon,{U8B5-A0VT04CJ-3668KNOC},12/20/2010 08:43:00,CDE1846,PC-1237,Logon
logon,{P3U9-U9BS99LH-2147SHPC},12/20/2010 18:57:00,CDE1846,PC-1237,Logoff
logon,{F9B2-G0KX72DH-2986ULWA},12/21/2010 08:46:00,CDE1846,PC-1237,Logon
logon,{E1W6-H9JX99QY-5201DGSR},12/21/2010 18:45:00,CDE1846,PC-1237,Logoff
logon,{E5P9-M7LU48VA-6492DSWZ},12/22/2010 08:31:00,CDE1846,PC-1237,Logon
logon,{M0A0-E9OX11ZW-8910ZNWD},12/22/2010 18:52:00,CDE1846,PC-1237,Logoff
logon,{O0B9-O7RW07YX-2481TMTU},12/27/2010 08:57:00,CDE1846,PC-1237,Logon
logon,{F1K2-N5IZ19FQ-6485NZXB},12/27/2010 18:40:00,CDE1846,PC-1237,Logoff
logon,{I0V0-H8OZ93GC-8720EGFA},12/28/2010 08:40:00,CDE1846,PC-1237,Logon
logon,{R9U5-E6TG68AY-6566OYWM},12/28/2010 18:57:00,CDE1846,PC-1237,Logoff
logon,{P4U1-T5WC13UY-6737UWCD},12/29/2010 09:04:00,CDE1846,PC-1237,Logon
logon,{Y1F1-J3IN40FL-6709CDCG},12/29/2010 18:24:00,CDE1846,PC-1237,Logoff
logon,{J3K8-Y9FO84GL-5409EHTC},12/30/2010 08:48:00,CDE1846,PC-1237,Logon
logon,{N7Z6-Y7NT57GZ-0531KMFD},12/30/2010 18:39:00,CDE1846,PC-1237,Logoff
logon,{I9J5-S9LX23KB-9805JMYX},01/03/2011 08:36:00,CDE1846,PC-1237,Logon
logon,{K7C4-X6VA74KU-3922QLHS},01/03/2011 18:27:00,CDE1846,PC-1237,Logoff
logon,{W0B8-B0JT46GY-9344FYMI},01/04/2011 09:16:00,CDE1846,PC-1237,Logon
logon,{A3B0-X3ZV44ZS-2942FYVW},01/04/2011 18:17:00,CDE1846,PC-1237,Logoff
logon,{J6Y8-A7RZ45EG-5222MJEZ},01/05/2011 09:01:00,CDE1846,PC-1237,Logon
logon,{D7X5-N1MJ50MC-5507VTQG},01/05/2011 18:35:00,CDE1846,PC-1237,Logoff
logon,{N9A4-Q2MG46EB-0931EVEA},01/06/2011 09:02:00,CDE1846,PC-1237,Logon
logon,{B1M8-D8GO66UW-5696GDRN},01/06/2011 18:37:00,CDE1846,PC-1237,Logoff
logon,{H1A0-D2AR22IM-2558VTQH},01/07/2011 08:33:00,CDE1846,PC-1237,Logon
logon,{J2C7-N0SQ51EC-6715DYZM},01/07/2011 18:52:00,CDE1846,PC-1237,Logoff
logon,{Q9E4-U7LH86TW-4810ZJFI},01/10/2011 09:03:00,CDE1846,PC-1237,Logon
logon,{Y2S3-U7QY20DR-3275TRHZ},01/10/2011 18:32:00,CDE1846,PC-1237,Logoff
logon,{L6Q8-Z0HD73YP-7126OOIW},01/11/2011 08:52:00,CDE1846,PC-1237,Logon
logon,{M2O6-Y2MB38ZW-0929ETMI},01/11/2011 18:21:00,CDE1846,PC-1237,Logoff
logon,{I0A9-C6OY47EW-7579LORD},01/12/2011 09:07:00,CDE1846,PC-1237,Logon
logon,{J2A6-T2RZ72VQ-4704FMVB},01/12/2011 18:42:00,CDE1846,PC-1237,Logoff
logon,{S9K8-V2ZB97AS-5108BPNJ},01/13/2011 09:07:00,CDE1846,PC-1237,Logon
logon,{D1P5-U2GI65LC-7512CRKX},01/13/2011 18:59:00,CDE1846,PC-1237,Logoff
logon,{D0O5-U7KR63YM-2195GWKA},01/14/2011 08:56:00,CDE1846,PC-1237,Logon
logon,{J2G4-E8CV60AJ-9364EXAH},01/14/2011 18:43:00,CDE1846,PC-1237,Logoff
logon,{P7B8-W4SV60UT-7367LVQB},01/17/2011 08:53:00,CDE1846,PC-1237,Logon
logon,{Z9B8-H6UP47FU-8107DBDJ},01/17/2011 18:42:00,CDE1846,PC-1237,Logoff
logon,{C2R2-Z0CT30DN-4703PAKN},01/18/2011 08:35:00,CDE1846,PC-1237,Logon
logon,{I2D6-X4IJ63TP-6090EGGI},01/18/2011 18:57:00,CDE1846,PC-1237,Logoff
logon,{T9O7-J4DA83QS-7296PJMX},01/19/2011 08:49:00,CDE1846,PC-1237,Logon
logon,{H0T7-G2LU06OO-8021JPNK},01/19/2011 18:31:00,CDE1846,PC-1237,Logoff
logon,{B3Z6-T1DW86YJ-0868QKYV},01/20/2011 08:40:00,CDE1846,PC-1237,Logon
logon,{P5H2-K4KW50FK-0209FXRG},01/20/2011 18:55:00,CDE1846,PC-1237,Logoff
logon,{G8G5-W5CU85JD-2090TBJC},01/21/2011 08:45:00,CDE1846,PC-1237,Logon
logon,{X2I1-X4QT01KF-6859HNTC},01/21/2011 18:10:00,CDE1846,PC-1237,Logoff
logon,{B3D2-T1TD61OS-7637EPEN},01/24/2011 08:33:00,CDE1846,PC-1237,Logon
logon,{O6P9-H0FK37UR-4762XFXT},01/24/2011 18:43:00,CDE1846,PC-1237,Logoff
logon,{K3P0-G5RZ14XZ-2426PKAJ},01/25/2011 08:41:00,CDE1846,PC-1237,Logon
logon,{D0R8-A8HX67VP-1108VWIM},01/25/2011 18:52:00,CDE1846,PC-1237,Logoff
logon,{M4D3-D4PG70DO-3819LMFT},01/26/2011 09:14:00,CDE1846,PC-1237,Logon
logon,{U3Q3-J0TQ03ZR-9779FBSG},01/26/2011 18:12:00,CDE1846,PC-1237,Logoff
logon,{S6V1-C8DV53TY-8006NNJX},01/27/2011 08:46:00,CDE1846,PC-1237,Logon
logon,{F2G6-X9XI63HN-8280IZMS},01/27/2011 18:55:00,CDE1846,PC-1237,Logoff
logon,{D3K3-W6YC97BA-5444NLNK},01/28/2011 09:07:00,CDE1846,PC-1237,Logon
logon,{O7T6-U1KA79GQ-2488YVEJ},01/28/2011 18:45:00,CDE1846,PC-1237,Logoff
logon,{C2G7-J6JH72CH-7250KWQY},01/31/2011 08:43:00,CDE1846,PC-1237,Logon
logon,{L8B5-H5AH63NT-4932XBLX},01/31/2011 18:28:00,CDE1846,PC-1237,Logoff
logon,{G3R5-K8SA28VX-0182ILCJ},02/01/2011 08:31:00,CDE1846,PC-1237,Logon
logon,{W9X7-I5VF09RQ-8228EINF},02/01/2011 18:45:00,CDE1846,PC-1237,Logoff
logon,{V7A8-V2KG96TB-4176ULSE},02/02/2011 08:45:00,CDE1846,PC-1237,Logon
logon,{W7D9-J5PQ62FU-4144FILR},02/02/2011 18:45:00,CDE1846,PC-1237,Logoff
logon,{L0Z4-S1EP44FO-2705WREM},02/03/2011 08:43:00,CDE1846,PC-1237,Logon
logon,{D3P4-U1YP02RE-8642XWLK},02/03/2011 18:49:00,CDE1846,PC-1237,Logoff
logon,{M8T8-O0AA34MT-0216SISX},02/04/2011 08:41:00,CDE1846,PC-1237,Logon
logon,{P2A4-M4ZD09CE-1016AZSE},02/04/2011 18:52:00,CDE1846,PC-1237,Logoff
logon,{Q2W3-W5KX23XL-0343CRQH},02/07/2011 08:30:00,CDE1846,PC-1237,Logon
logon,{V1O6-T4SU89BV-0376GWQB},02/07/2011 18:52:00,CDE1846,PC-1237,Logoff
logon,{C7E7-T5WV60FA-0401NBML},02/08/2011 08:38:00,CDE1846,PC-1237,Logon
logon,{S9B0-V7CA59UY-1068BLLT},02/08/2011 18:46:00,CDE1846,PC-1237,Logoff
logon,{G1R0-Z6EM41IT-9340HTPO},02/09/2011 08:34:00,CDE1846,PC-1237,Logon
logon,{R2Y4-A8CN79QG-8121BRBF},02/09/2011 18:24:00,CDE1846,PC-1237,Logoff
logon,{F4X1-I2EM49CP-3741SBBF},02/10/2011 08:42:00,CDE1846,PC-1237,Logon
logon,{Q8F7-P9ED54VC-7130UWYP},02/10/2011 18:58:00,CDE1846,PC-1237,Logoff
logon,{U1F7-A8OA84UQ-6724MZQJ},02/11/2011 08:35:00,CDE1846,PC-1237,Logon
logon,{M0T3-P3JL97XD-1043PHOB},02/11/2011 18:15:00,CDE1846,PC-1237,Logoff
logon,{F2N0-T9EN48BW-2482LOZM},02/14/2011 08:45:00,CDE1846,PC-1237,Logon
logon,{Z5B1-B7HN49KS-2749LLTD},02/14/2011 18:47:00,CDE1846,PC-1237,Logoff
logon,{I3O9-G1NK81YB-1118XKOU},02/15/2011 08:31:00,CDE1846,PC-1237,Logon
logon,{L9J8-Z7CD65GX-2767HPNO},02/15/2011 18:46:00,CDE1846,PC-1237,Logoff
logon,{D5R8-E9VR97YW-4212LEPI},02/16/2011 09:09:00,CDE1846,PC-1237,Logon
logon,{Z5H7-M7YW40EL-5613JXPT},02/16/2011 18:12:00,CDE1846,PC-1237,Logoff
logon,{R9V2-A7QZ25HH-9360OFTZ},02/17/2011 09:06:00,CDE1846,PC-1237,Logon
logon,{J7R3-X9PV13QV-8864XYKG},02/17/2011 18:15:00,CDE1846,PC-1237,Logoff
logon,{P9K1-F0VU54AA-9323GKCQ},02/18/2011 08:43:00,CDE1846,PC-1237,Logon
logon,{R7X1-X9UZ59AJ-1120NKSO},02/18/2011 18:53:00,CDE1846,PC-1237,Logoff
logon,{O0S4-V3SS19UJ-4995HLVZ},02/21/2011 08:33:00,CDE1846,PC-1237,Logon
logon,{S4I2-N2NJ20NQ-8516CQST},02/21/2011 11:43:39,CDE1846,PC-7773,Logon
logon,{Q7U9-N9NE16YN-0589NIOB},02/21/2011 11:54:33,CDE1846,PC-7773,Logoff
logon,{U7V3-I2WP10JQ-0019JZPY},02/21/2011 18:54:00,CDE1846,PC-1237,Logoff
logon,{J7M8-S6UU35HQ-6608JXYB},02/22/2011 08:49:00,CDE1846,PC-1237,Logon
logon,{C1C2-Y5RT37KB-8812BZFW},02/22/2011 18:53:00,CDE1846,PC-1237,Logoff
logon,{F4M2-W7LY95ZS-0112HEQD},02/23/2011 08:54:00,CDE1846,PC-1237,Logon
logon,{F0D8-P2GO73MM-8490QRQB},02/23/2011 18:15:00,CDE1846,PC-1237,Logoff
logon,{N1Q1-O8AA94PX-6847XRCF},02/24/2011 08:42:00,CDE1846,PC-1237,Logon
logon,{G3T5-X4ES64FN-5992WELB},02/24/2011 18:47:00,CDE1846,PC-1237,Logoff
logon,{T7X1-N4UI78IM-7392SRLI},02/25/2011 09:15:00,CDE1846,PC-1237,Logon
logon,{E9G3-Q4GT47ZL-6018TDCU},02/25/2011 18:59:00,CDE1846,PC-1237,Logoff
logon,{Z2Z2-T1ES58PK-5106DMJB},02/28/2011 09:02:00,CDE1846,PC-1237,Logon
logon,{J8Y0-Y3YJ48QV-6363OAOH},02/28/2011 18:17:00,CDE1846,PC-1237,Logoff
logon,{C1W0-N2PN74RE-7875BJRR},03/01/2011 08:44:00,CDE1846,PC-1237,Logon
logon,{Z1U2-O3QD17NC-4179VBNX},03/01/2011 18:11:00,CDE1846,PC-1237,Logoff
logon,{P4V1-U5TE42PR-4676SDRK},03/02/2011 08:53:00,CDE1846,PC-1237,Logon
logon,{V8M7-Q0AJ36RC-6573WLNW},03/02/2011 18:31:00,CDE1846,PC-1237,Logoff
logon,{L7I5-W5TQ89EJ-9097YGVX},03/03/2011 08:54:00,CDE1846,PC-1237,Logon
logon,{L0F2-W8AP01PB-3781CXJD},03/03/2011 18:42:00,CDE1846,PC-1237,Logoff
logon,{A5U5-Q3RE04JL-7739DCLM},03/04/2011 08:31:00,CDE1846,PC-1237,Logon
logon,{X8G7-Z8IS37TF-3512LKXE},03/04/2011 18:14:00,CDE1846,PC-1237,Logoff
logon,{A6P1-S8PN71SI-6695DPVE},03/07/2011 08:42:00,CDE1846,PC-1237,Logon
logon,{N4J3-F4EB65RP-6012SREK},03/07/2011 18:59:00,CDE1846,PC-1237,Logoff
logon,{S8Q9-U5DB45UU-8319EOTE},03/08/2011 09:24:00,CDE1846,PC-1237,Logon
logon,{Q5A9-V2SK51VI-4450SSBT},03/08/2011 18:21:00,CDE1846,PC-1237,Logoff
logon,{M3I4-D3QG85XZ-9952QHCC},03/09/2011 08:53:00,CDE1846,PC-1237,Logon
logon,{W4X9-W8BY27GS-7416WBBN},03/09/2011 18:29:00,CDE1846,PC-1237,Logoff
logon,{L0X9-Y5JG63MY-5748YQGT},03/10/2011 09:02:00,CDE1846,PC-1237,Logon
logon,{K0X3-B4PP86XG-0048QEDQ},03/10/2011 18:36:00,CDE1846,PC-1237,Logoff
logon,{A5E7-J3BV36UK-7313ANHW},03/11/2011 08:45:00,CDE1846,PC-1237,Logon
logon,{V4Q0-I5WC19AU-2552CVDI},03/11/2011 18:17:00,CDE1846,PC-1237,Logoff
logon,{X6D0-W5BV88RL-3161FTXN},03/14/2011 09:06:00,CDE1846,PC-1237,Logon
logon,{R7X7-Q6LY54FT-8018JFOQ},03/14/2011 18:30:00,CDE1846,PC-1237,Logoff
logon,{D8J7-O4HZ71YP-5459RMDN},03/15/2011 08:31:00,CDE1846,PC-1237,Logon
logon,{X2J6-L0OU19CC-5716SZMN},03/15/2011 18:58:00,CDE1846,PC-1237,Logoff
logon,{V0L8-C9YB76HF-9473JNTA},03/16/2011 09:18:00,CDE1846,PC-1237,Logon
logon,{P9N7-L6BQ87WH-6354CABE},03/16/2011 18:11:00,CDE1846,PC-1237,Logoff
logon,{Z9M9-E0BH24NM-0016QLTA},03/17/2011 08:40:00,CDE1846,PC-1237,Logon
logon,{Z4A4-G5CZ31ZC-7161XTND},03/17/2011 18:34:15,CDE1846,PC-3933,Logon
logon,{H9D1-A9YW65PZ-1424WAWI},03/17/2011 18:44:53,CDE1846,PC-3933,Logoff
logon,{I2L5-V9EX51BM-0562JSCT},03/17/2011 18:50:00,CDE1846,PC-1237,Logoff
logon,{I5L6-N6BS88KA-0711UJGR},03/18/2011 08:31:00,CDE1846,PC-1237,Logon
logon,{J2Y2-J8II87FS-0024MGNS},03/18/2011 18:51:00,CDE1846,PC-1237,Logoff
logon,{C3S4-H5KX33FA-9260JBRW},03/21/2011 09:04:00,CDE1846,PC-1237,Logon
logon,{V2B9-S5JB07OS-3048INVF},03/21/2011 18:33:00,CDE1846,PC-1237,Logoff
logon,{X9L9-C3QJ23WY-6795ZRNP},03/22/2011 09:18:00,CDE1846,PC-1237,Logon
logon,{Q3U2-Y6CE51YZ-5769KTAD},03/22/2011 17:50:00,CDE1846,PC-5014,Logon
logon,{O8Z0-T4KO36JA-7446HRDD},03/22/2011 18:06:45,CDE1846,PC-5014,Logoff
logon,{I3B4-G8NC88BQ-4269SQAU},03/22/2011 18:49:00,CDE1846,PC-1237,Logoff
logon,{L3G9-E7TS56BL-0551JRFW},03/23/2011 09:04:00,CDE1846,PC-1237,Logon
logon,{P8Y4-R0QI07XH-7917RAFF},03/23/2011 18:26:00,CDE1846,PC-1237,Logoff
logon,{X7L5-T3IQ68NV-8815NFRJ},03/24/2011 09:04:00,CDE1846,PC-1237,Logon
logon,{F9I5-W4PJ20VG-5855IQSY},03/24/2011 18:12:00,CDE1846,PC-1237,Logoff
logon,{O2R7-P7NL24PJ-5836PRST},03/25/2011 09:14:00,CDE1846,PC-1237,Logon
logon,{B4J3-S2LD90FP-4880RYXF},03/25/2011 18:17:00,CDE1846,PC-1237,Logoff
logon,{R2H6-X9BI55UK-4374CEAA},03/28/2011 08:35:00,CDE1846,PC-1237,Logon
logon,{A1X4-N9YQ08NE-0717SCWK},03/28/2011 18:45:00,CDE1846,PC-1237,Logoff
logon,{K4W1-H2EG89WX-0690GZFF},03/29/2011 08:45:00,CDE1846,PC-1237,Logon
logon,{V0T4-E4WB22LK-3617CLHQ},03/29/2011 18:35:59,CDE1846,PC-2386,Logon
logon,{C1U1-F7YA38KP-4119HLEE},03/29/2011 18:50:43,CDE1846,PC-2386,Logoff
logon,{T8Y5-U6EK59YP-3273YWIV},03/29/2011 18:52:00,CDE1846,PC-1237,Logoff
logon,{R5B3-A9ME01HQ-8129MYZA},03/30/2011 08:40:00,CDE1846,PC-1237,Logon
logon,{M6S8-O1IT11UQ-1928LAJT},03/30/2011 18:50:00,CDE1846,PC-1237,Logoff
logon,{I2H9-Q2KN48XN-5634IPNC},03/31/2011 08:48:00,CDE1846,PC-1237,Logon
logon,{L8V6-W5HS06TS-7401NIKB},03/31/2011 18:24:00,CDE1846,PC-1237,Logoff
logon,{N8B8-U9XK08KS-3213MDOP},04/01/2011 09:24:00,CDE1846,PC-1237,Logon
logon,{I2M4-Y0CF52HE-3488BVOC},04/01/2011 18:30:00,CDE1846,PC-1237,Logoff
logon,{V2I7-B2UD62BH-1819RRRR},04/04/2011 08:38:00,CDE1846,PC-1237,Logon
logon,{B2P1-L1YM15VW-6992HPMP},04/04/2011 18:50:00,CDE1846,PC-1237,Logoff
logon,{T7Q9-Y8CC75TC-3393AKVF},04/05/2011 08:41:00,CDE1846,PC-1237,Logon
logon,{R8O9-D1NS40HI-0354ZIJZ},04/05/2011 18:06:00,CDE1846,PC-1237,Logoff
logon,{Z6E7-Q9AX40CS-8148WRJN},04/06/2011 08:39:00,CDE1846,PC-1237,Logon
logon,{F5A5-T8YP15DH-1234BMEB},04/06/2011 17:33:21,CDE1846,PC-5128,Logon
logon,{J5V8-F1ME62EV-4370DIRK},04/06/2011 17:50:06,CDE1846,PC-5128,Logoff
logon,{W4Y6-F9YX28UI-7628NMNN},04/06/2011 18:50:00,CDE1846,PC-1237,Logoff
logon,{A4J0-J9NL15CC-4498BGJI},04/07/2011 08:42:00,CDE1846,PC-1237,Logon
logon,{N9X3-C5ST65YQ-9300QTFQ},04/07/2011 17:44:50,CDE1846,PC-4738,Logon
logon,{X9A0-J5MH39KM-7447OIDH},04/07/2011 17:56:56,CDE1846,PC-4738,Logoff
logon,{I1B7-V2TF28MS-2084HSWC},04/07/2011 18:56:00,CDE1846,PC-1237,Logoff
logon,{M4X3-F8GE03WZ-9907UOUL},04/08/2011 09:07:00,CDE1846,PC-1237,Logon
logon,{O0B2-A1MD81TX-7126PRQP},04/08/2011 18:25:00,CDE1846,PC-1237,Logoff
logon,{L8H5-K2ET96MD-5627UPGJ},04/11/2011 08:48:00,CDE1846,PC-1237,Logon
logon,{L9R1-G8OJ48AZ-6840CRCC},04/11/2011 17:58:08,CDE1846,PC-4174,Logon
logon,{U9I8-Q7XC00EN-0916DCDL},04/11/2011 18:10:10,CDE1846,PC-4174,Logoff
logon,{S9A0-G0GI05TL-7506CGEU},04/11/2011 18:31:00,CDE1846,PC-1237,Logoff
logon,{O8G8-I1VS97QO-3224ORUO},04/12/2011 09:17:00,CDE1846,PC-1237,Logon
logon,{N5N4-D0PZ02VD-2967XMLP},04/12/2011 18:22:00,CDE1846,PC-1237,Logoff
logon,{D0I3-O3IG86MF-9005IDHX},04/13/2011 09:17:00,CDE1846,PC-1237,Logon
logon,{T0L4-I9YO99VU-6399URRN},04/13/2011 18:56:00,CDE1846,PC-1237,Logoff
logon,{J6P7-S7VY31DO-7934JBGG},04/14/2011 08:36:00,CDE1846,PC-1237,Logon
logon,{J9E8-V9PQ98QC-8706WQFO},04/14/2011 18:45:00,CDE1846,PC-1237,Logoff
logon,{O9F0-T9HZ72AB-9697UVGE},04/15/2011 09:07:00,CDE1846,PC-1237,Logon
logon,{D1L6-R7KH69AY-1464CXGS},04/15/2011 12:00:50,CDE1846,PC-8758,Logon
logon,{J8L0-Q7EB81QU-4808RDNQ},04/15/2011 12:11:52,CDE1846,PC-8758,Logoff
logon,{B6S8-L1FU99BI-9290CQKH},04/15/2011 18:04:00,CDE1846,PC-1237,Logoff
logon,{P3R9-X5CW71SW-1673FSEL},04/18/2011 09:06:00,CDE1846,PC-1237,Logon
logon,{G4I7-V5VN91TH-4726EZPJ},04/18/2011 18:54:00,CDE1846,PC-1237,Logoff
logon,{Z6V8-P7TR57ZH-6153DCXS},04/19/2011 09:17:00,CDE1846,PC-1237,Logon
logon,{D5H3-K1HN45ZT-9515KLWH},04/19/2011 18:09:00,CDE1846,PC-1237,Logoff
logon,{N2O0-G0HG71SI-2540OOII},04/20/2011 08:38:00,CDE1846,PC-1237,Logon
logon,{F9N6-U1YJ97QM-6280KLZY},04/20/2011 18:46:00,CDE1846,PC-1237,Logoff
logon,{U2F3-A5KK56DZ-2276XRMY},04/21/2011 08:49:00,CDE1846,PC-1237,Logon
logon,{H9T6-B9DX05RX-5716WOJK},04/21/2011 18:06:00,CDE1846,PC-1237,Logoff
logon,{Q7U2-A3JD66RU-4211YDUD},04/25/2011 08:47:00,CDE1846,PC-1237,Logon
logon,{Q9P4-T5YC95SX-4727CDYJ},04/25/2011 17:44:07,CDE1846,PC-7271,Logon
logon,{J8I5-B0TY39YW-8008SKSG},04/25/2011 17:55:00,CDE1846,PC-7271,Logoff
logon,{O0H3-G9NO76OC-0254HGMP},04/25/2011 18:02:00,CDE1846,PC-1237,Logoff
logon,{M0S3-P4IY38JC-8617QNAQ},04/26/2011 08:35:00,CDE1846,PC-1237,Logon
logon,{G7I0-S4RK90DR-1069TTBS},04/26/2011 18:55:00,CDE1846,PC-1237,Logoff
logon,{A4H5-R5HJ79CU-4633LUYF},04/27/2011 09:02:00,CDE1846,PC-1237,Logon
logon,{B7I5-O2HL32KM-1238KYAX},04/27/2011 18:45:00,CDE1846,PC-1237,Logoff
logon,{Y7C7-M5FD49CN-2686TEGT},04/28/2011 09:23:00,CDE1846,PC-1237,Logon
logon,{H6Y6-S0DI09QS-7965DXJQ},04/28/2011 18:53:00,CDE1846,PC-1237,Logoff
logon,{A5Y2-U6KP91AN-2316MKQF},04/29/2011 08:41:00,CDE1846,PC-1237,Logon
logon,{U2T6-W7LD38QH-6154OYES},04/29/2011 18:50:00,CDE1846,PC-1237,Logoff
logon,{P0V3-V3VM79WO-1227VVNU},05/02/2011 08:46:00,CDE1846,PC-1237,Logon
logon,{F6K6-Z4NX42EO-2676TJLA},05/02/2011 18:38:00,CDE1846,PC-1237,Logoff
logon,{Y6L8-K4OQ70NK-4090FYJO},05/03/2011 08:39:00,CDE1846,PC-1237,Logon
logon,{J7Q7-I2SW11HL-2647UIEA},05/03/2011 18:55:00,CDE1846,PC-1237,Logoff
logon,{O0L7-B2PF13DY-2145XTTF},05/04/2011 08:39:00,CDE1846,PC-1237,Logon
logon,{X6L5-C0UO96FU-8757YZCW},05/04/2011 18:47:00,CDE1846,PC-1237,Logoff
logon,{F8F6-W0WA19YG-8109SNZE},05/05/2011 09:09:00,CDE1846,PC-1237,Logon
logon,{T9L0-E9IL31GZ-6918EAZD},05/05/2011 18:53:00,CDE1846,PC-1237,Logoff
logon,{U4V4-A0WV32WE-0827RXSL},05/06/2011 09:04:00,CDE1846,PC-1237,Logon
logon,{C8I8-S9MH72TC-1594QPUY},05/06/2011 18:25:00,CDE1846,PC-1237,Logoff
logon,{B2X3-L3MO26GZ-1960GTNA},05/09/2011 09:24:00,CDE1846,PC-1237,Logon
logon,{R7L8-N7SI86BO-3838GXKK},05/09/2011 18:23:00,CDE1846,PC-1237,Logoff
logon,{J6K7-M7RY35EY-2177DMFR},05/10/2011 08:35:00,CDE1846,PC-1237,Logon
logon,{D1D0-D6NU82TW-0917ZHWY},05/10/2011 18:57:00,CDE1846,PC-1237,Logoff
logon,{O0L7-L7ZI71PM-6195QRHI},05/11/2011 08:44:00,CDE1846,PC-1237,Logon
logon,{O5I3-A9NL27OO-6124QMBN},05/11/2011 18:51:00,CDE1846,PC-1237,Logoff
logon,{Z3R8-R6PR46PY-6794JAYT},05/12/2011 08:41:00,CDE1846,PC-1237,Logon
logon,{Q7Z9-K3XL10QO-8085KMBZ},05/12/2011 18:47:00,CDE1846,PC-1237,Logoff
logon,{M3I4-L9HI28VW-8509GOOZ},05/13/2011 08:33:00,CDE1846,PC-1237,Logon
logon,{I1D0-B8GP55LC-5303FMQV},05/13/2011 18:55:00,CDE1846,PC-1237,Logoff
logon,{Y8G5-G0DZ33GH-6218TBIZ},05/16/2011 08:40:00,CDE1846,PC-1237,Logon
logon,{D4H7-N0HB02LD-3255YVQG},05/16/2011 18:48:00,CDE1846,PC-1237,Logoff
logon,{R5F1-Q3OS53YQ-9536HAML},05/17/2011 09:20:00,CDE1846,PC-1237,Logon
logon,{C1K2-K9PD05DZ-1923RQJS},05/17/2011 18:11:00,CDE1846,PC-1237,Logoff
logon,{B0L1-V9RJ39OS-6011IPRK},05/18/2011 08:44:00,CDE1846,PC-1237,Logon
logon,{M5O6-Z9LP36IO-3722UVHI},05/18/2011 18:48:00,CDE1846,PC-1237,Logoff
logon,{N9Z9-T7ZZ42WQ-3795SROS},05/19/2011 08:54:00,CDE1846,PC-1237,Logon
logon,{H5W0-O5AF22OP-2868WCLQ},05/19/2011 18:52:00,CDE1846,PC-1237,Logoff
logon,{O3O6-E3QU71FA-2401RSAV},05/20/2011 09:05:00,CDE1846,PC-1237,Logon
logon,{P8C1-Q6NX73MW-3039GZSN},05/20/2011 18:22:00,CDE1846,PC-1237,Logoff
logon,{I4G0-Y3JZ56VZ-1306OKZY},05/23/2011 08:35:00,CDE1846,PC-1237,Logon
logon,{O0Q0-G1ED89EE-1572IYJW},05/23/2011 18:48:00,CDE1846,PC-1237,Logoff
logon,{B5V7-T5WR11MP-1284AXCT},05/24/2011 08:45:00,CDE1846,PC-1237,Logon
logon,{G5P7-A0PT30XZ-0109SOXK},05/24/2011 18:59:00,CDE1846,PC-1237,Logoff
logon,{X5A0-J9DV99KR-7890RFSS},05/25/2011 08:54:00,CDE1846,PC-1237,Logon
logon,{R0H2-X5SS09PJ-7556PWXA},05/25/2011 18:38:00,CDE1846,PC-1237,Logoff
logon,{R7R5-M5EB30NB-6720UPAC},05/26/2011 08:33:00,CDE1846,PC-1237,Logon
logon,{L5P3-D6YZ06GU-2120EQNV},05/26/2011 18:56:00,CDE1846,PC-1237,Logoff
logon,{I7N1-G4VR29BI-1807SHJG},05/27/2011 08:34:00,CDE1846,PC-1237,Logon
logon,{T6C2-S6OL51KB-3280CWLI},05/27/2011 18:56:00,CDE1846,PC-1237,Logoff
logon,{S6V6-E5BW47SQ-4783BMGN},05/31/2011 09:09:00,CDE1846,PC-1237,Logon
logon,{W2Z2-P2KH78MR-4345UAUY},05/31/2011 18:26:00,CDE1846,PC-1237,Logoff
